acquisition_timestamp_utc,candidate_id,download_url,gas,path,record_id,sha256,size_bytes,status,wdcgg_id,source_phase,archive_filename
2026-08-14T14:45:39.902188+00:00,ch4_run1042,https://gaw.kishou.go.jp/search,CH4,external_frozen_sources/archives/ch4_run1042.tar.gz,0162-1042-1002-01-01-9999,126794366589af9aa1a3a124bfde0abec3a85060ba4d32144edb19720a7e6c0f,1426373,REUSED_V1_VERIFIED,RUN1042,global_cohort_v1,
2026-08-14T14:45:40.867699+00:00,ch4_mnm2029,https://gaw.kishou.go.jp/search,CH4,external_frozen_sources/archives/ch4_mnm2029.tar.gz,0001-2029-1002-01-01-9999,c4e21b2a25d89b6b686c55de88715a8c5390ea77bac1ee1125a727ed56edd349,5573048,REUSED_V1_VERIFIED,MNM2029,global_cohort_v1,
2026-08-14T14:45:44.036153+00:00,ch4_tll3005,https://gaw.kishou.go.jp/search,CH4,external_frozen_sources/archives/ch4_tll3005.tar.gz,0017-3005-1002-01-01-9999,d8febc458bead971f1a48d9da48e9313be4f4e9b1b9779243c3ffc4cbed39f8f,953329,REUSED_V1_VERIFIED,TLL3005,global_cohort_v1,
2026-08-14T14:45:45.262250+00:00,ch4_brw4003,https://gaw.kishou.go.jp/search,CH4,external_frozen_sources/archives/ch4_brw4003.tar.gz,0002-4003-1002-01-01-3001,2d6491ef1269f0ff344ea2bf7e0d702f99e8ed3f69e53d8718414b4d3b08fb46,3561682,REUSED_V1_VERIFIED,BRW4003,global_cohort_v1,
2026-08-14T14:45:48.877492+00:00,ch4_mlo5002,https://gaw.kishou.go.jp/search,CH4,external_frozen_sources/archives/ch4_mlo5002.tar.gz,0002-5002-1002-01-01-3001,d09b447fbb543c92cb4498901d07e2b83d1aaa5b711fbfc4e389157d2137d296,3489288,REUSED_V1_VERIFIED,MLO5002,global_cohort_v1,
2026-08-14T14:45:52.506367+00:00,ch4_cmn6042,https://gaw.kishou.go.jp/search,CH4,external_frozen_sources/archives/ch4_cmn6042.tar.gz,0029-6042-1002-01-01-9999,bac65596b07b96b21e13e3936a6b93913152f318fd0571aa66a72e6fbc31f76a,909084,REUSED_V1_VERIFIED,CMN6042,global_cohort_v1,
2026-08-14T14:45:53.577237+00:00,ch4_jfj6036,https://gaw.kishou.go.jp/search,CH4,external_frozen_sources/archives/ch4_jfj6036.tar.gz,0023-6036-1002-01-01-9999,bf3dba5bf536e538c651a43e355d08e5d50fda2fa8c3c75b87f762a455f9aada,4318937,REUSED_V1_VERIFIED,JFJ6036,global_cohort_v1,
2026-08-14T14:45:55.587269+00:00,ch4_snb6032,https://gaw.kishou.go.jp/search,CH4,external_frozen_sources/archives/ch4_snb6032.tar.gz,0072-6032-1002-01-01-9999,a5172a6723fa6719cac66758a0cee6d045c43887679306333d1415a7baf35081,584785,REUSED_V1_VERIFIED,SNB6032,global_cohort_v1,
2026-08-14T14:45:56.830800+00:00,ch4_zsf6031,https://gaw.kishou.go.jp/search,CH4,external_frozen_sources/archives/ch4_zsf6031.tar.gz,0071-6031-1002-01-01-9999,794ebd2ae078c8953eb4945823637b1b6d7cb9dc08a812abbe23cc547ee67669,4707625,REUSED_V1_VERIFIED,ZSF6031,global_cohort_v1,
2026-08-14T14:45:59.022943+00:00,ch4_zug6030,https://gaw.kishou.go.jp/search,CH4,external_frozen_sources/archives/ch4_zug6030.tar.gz,0071-6030-1002-01-01-9999,a601ec4b177dc31be3b678ef27b0331eed5283be24841e151f670d5c581cced3,773863,REUSED_V1_VERIFIED,ZUG6030,global_cohort_v1,
2026-08-14T14:45:59.708615+00:00,co2_spo7011,https://gaw.kishou.go.jp/search,CO2,external_frozen_sources/archives/co2_spo7011.tar.gz,0002-7011-1001-01-01-3001,d1f82e6ff84a73e2dc7ced55f3dbcb7c1bba6cc19dbf83ab2634fabc383809a8,2640464,REUSED_V1_VERIFIED,SPO7011,global_cohort_v1,
2026-08-14T14:46:04.349454+00:00,co2_cai1001,https://gaw.kishou.go.jp/search,CO2,external_frozen_sources/archives/co2_cai1001.tar.gz,0022-1001-1001-01-01-9999,67ea3c53c79f7e49fc84c3c9e77eb0aa6959c35d1e7f96ed917e16ce5dcecc29,331252,REUSED_V1_VERIFIED,CAI1001,global_cohort_v1,
2026-08-14T14:46:04.848122+00:00,co2_frf1012,https://gaw.kishou.go.jp/search,CO2,external_frozen_sources/archives/co2_frf1012.tar.gz,0022-1012-1001-01-01-9999,e965277024d2b319ccf7283135e2c8eb9554217dfac6183b7827e47cd3596d1a,269938,REUSED_V1_VERIFIED,FRF1012,global_cohort_v1,
2026-08-14T14:46:05.246614+00:00,co2_run1042,https://gaw.kishou.go.jp/search,CO2,external_frozen_sources/archives/co2_run1042.tar.gz,0162-1042-1001-01-01-9999,2ca132cde8f4cfcb03386a40288817250145356cc3baaa234105b6038cabefd4,1244614,REUSED_V1_VERIFIED,RUN1042,global_cohort_v1,
2026-08-14T14:46:06.213200+00:00,co2_mnm2029,https://gaw.kishou.go.jp/search,CO2,external_frozen_sources/archives/co2_mnm2029.tar.gz,0001-2029-1001-01-01-9999,1bce3f4833bca699c1221a5646d02801ada97ea2f01030343dffc9add679f84f,6360511,REUSED_V1_VERIFIED,MNM2029,global_cohort_v1,
2026-08-14T14:46:09.517596+00:00,co2_tll3005,https://gaw.kishou.go.jp/search,CO2,external_frozen_sources/archives/co2_tll3005.tar.gz,0017-3005-1001-01-01-9999,4103189d9e01a2bbf324827b01280752efd94718337b4f452d070df930da0b5f,806819,REUSED_V1_VERIFIED,TLL3005,global_cohort_v1,
2026-08-14T14:46:10.739433+00:00,co2_brw4003,https://gaw.kishou.go.jp/search,CO2,external_frozen_sources/archives/co2_brw4003.tar.gz,0002-4003-1001-01-01-3001,b0d07bbaa989d9270906a6e723680a417178b296ee80f6f23297a4ec143bf40d,3667653,REUSED_V1_VERIFIED,BRW4003,global_cohort_v1,
2026-08-14T14:46:15.646599+00:00,co2_lau5014,https://gaw.kishou.go.jp/search,CO2,external_frozen_sources/archives/co2_lau5014.tar.gz,0057-5014-1001-01-01-9999,7af491430d65df9bcf0edd5218a97a3ed2f6fe432a6f67f9c528447f8d1a5a95,632081,REUSED_V1_VERIFIED,LAU5014,global_cohort_v1,
2026-08-14T14:46:16.107465+00:00,co2_mlo5002,https://gaw.kishou.go.jp/search,CO2,external_frozen_sources/archives/co2_mlo5002.tar.gz,0002-5002-1001-01-01-3001,7e007990b9e2031b1a4cf334a766499ad6d0786488e4f9f2400114a2e5b0fb08,3777028,REUSED_V1_VERIFIED,MLO5002,global_cohort_v1,
2026-08-14T14:46:20.981403+00:00,co2_smo5009,https://gaw.kishou.go.jp/search,CO2,external_frozen_sources/archives/co2_smo5009.tar.gz,0002-5009-1001-01-01-3001,109dcab9eefaf50693a52276d2a17c0ede934e1c90226b252137ff6db5205a75,3153442,REUSED_V1_VERIFIED,SMO5009,global_cohort_v1,
2026-08-14T14:46:25.606460+00:00,co2_cmn6042,https://gaw.kishou.go.jp/search,CO2,external_frozen_sources/archives/co2_cmn6042.tar.gz,0029-6042-1001-01-01-9999,0dd30706db1878f078c17697bb1c946e159d8ab277d53d5a480d6903a8145a0f,4800949,REUSED_V1_VERIFIED,CMN6042,global_cohort_v1,
2026-08-14T14:46:30.242864+00:00,co2_jfj6036,https://gaw.kishou.go.jp/search,CO2,external_frozen_sources/archives/co2_jfj6036.tar.gz,0023-6036-1001-01-01-9999,0e3d6c306a972102f6bec27bc75a844755013b72795cfd9f0a95bae3a03b6ac5,3167562,REUSED_V1_VERIFIED,JFJ6036,global_cohort_v1,
2026-08-14T14:46:31.754578+00:00,co2_snb6032,https://gaw.kishou.go.jp/search,CO2,external_frozen_sources/archives/co2_snb6032.tar.gz,0072-6032-1001-01-01-9999,ead654c12db0bdfb38f5ae1f50ba7594df11fcb1284659107e4aca98d0c0619f,1108242,REUSED_V1_VERIFIED,SNB6032,global_cohort_v1,
2026-08-14T14:46:34.208490+00:00,co2_zsf6031,https://gaw.kishou.go.jp/search,CO2,external_frozen_sources/archives/co2_zsf6031.tar.gz,0071-6031-1001-01-01-9999,d5026c07ff508f45db00d8a68ab2f53bc795f3473cf69a98a5ba850fd82203ae,4538074,REUSED_V1_VERIFIED,ZSF6031,global_cohort_v1,
2026-08-14T16:32:57.630880+00:00,ch4_cby4165,https://gaw.kishou.go.jp/search,CH4,external_frozen_sources/archives/ch4_cby4165.tar.gz,0020-4165-1002-01-01-9999,77de59ca851e7507e21177be1d8cfc97683ef9d5f33b5fc5ab2a57de6f4c3499,514180,DOWNLOADED,CBY4165,global_cohort_v2,WDCGG_20260814163250.tar.gz
2026-08-14T16:33:21.239148+00:00,ch4_hat2031,https://gaw.kishou.go.jp/search,CH4,external_frozen_sources/archives/ch4_hat2031.tar.gz,0053-2031-1002-01-01-9999,5ff082fabdbadfe4cc5986c8d60c86ee47b9df152a51ea63809ad4378019dd43,2784164,DOWNLOADED,HAT2031,global_cohort_v2,WDCGG_20260814163300.tar.gz
2026-08-14T16:33:36.579806+00:00,ch4_inu4176,https://gaw.kishou.go.jp/search,CH4,external_frozen_sources/archives/ch4_inu4176.tar.gz,0020-4176-1002-01-01-9999,4e48c48b7a0fe70a4b3b6bea76479745347e4f3a5ca59be78fc3bfbc55cee607,958617,DOWNLOADED,INU4176,global_cohort_v2,WDCGG_20260814163327.tar.gz
2026-08-14T16:33:47.855702+00:00,ch4_pdi2035,https://gaw.kishou.go.jp/search,CH4,external_frozen_sources/archives/ch4_pdi2035.tar.gz,0051-2035-1002-01-01-9999,7734386b708cefe9228e49cfda39dd44b16d91d495a5969600253403f7feb485,585830,DOWNLOADED,PDI2035,global_cohort_v2,WDCGG_20260814163339.tar.gz
2026-08-14T16:34:06.758587+00:00,ch4_ryo2012,https://gaw.kishou.go.jp/search,CH4,external_frozen_sources/archives/ch4_ryo2012.tar.gz,0001-2012-1002-01-01-9999,3b9b3881f2b149f4f6452e9f2b282a43d10fa88fc2c3740e698fb85bab7879b8,6411070,DOWNLOADED,RYO2012,global_cohort_v2,WDCGG_20260814163350.tar.gz
2026-08-14T16:34:53.749123+00:00,ch4_yon2028,https://gaw.kishou.go.jp/search,CH4,external_frozen_sources/archives/ch4_yon2028.tar.gz,0001-2028-1002-01-01-9999,938038dd71bd3026adb6f17331b7ced1aa433badf4d0ac758062a2ac3a0c8895,4774442,DOWNLOADED,YON2028,global_cohort_v2,WDCGG_20260814163412.tar.gz
2026-08-14T16:35:07.566955+00:00,co2_cby4165,https://gaw.kishou.go.jp/search,CO2,external_frozen_sources/archives/co2_cby4165.tar.gz,0020-4165-1001-01-01-9999,fb30d1d1839ed6c060e2e08d3e4916107525648e77b4b38e9a0195c3c38f0c9c,649433,DOWNLOADED,CBY4165,global_cohort_v2,WDCGG_20260814163458.tar.gz
2026-08-14T16:35:21.824571+00:00,co2_hat2031,https://gaw.kishou.go.jp/search,CO2,external_frozen_sources/archives/co2_hat2031.tar.gz,0053-2031-1001-01-01-9999,130532ad438a28e98d8645bf042317a17e8afd3c37d363341354ff13f555f3ad,2350098,DOWNLOADED,HAT2031,global_cohort_v2,WDCGG_20260814163510.tar.gz
2026-08-14T16:35:35.647696+00:00,co2_inu4176,https://gaw.kishou.go.jp/search,CO2,external_frozen_sources/archives/co2_inu4176.tar.gz,0020-4176-1001-01-01-9999,1e86a4b4d782de10af3ea96625fd0c4193e798aa020c6c995689d5d344f5cecd,1184699,DOWNLOADED,INU4176,global_cohort_v2,WDCGG_20260814163527.tar.gz
2026-08-14T16:35:59.284615+00:00,co2_mgk5058,https://gaw.kishou.go.jp/search,CO2,external_frozen_sources/archives/co2_mgk5058.tar.gz,0057-5058-1001-01-01-9999,c42080c9c26fbb8176d4126092f074c8e02eb642432dbed8cd26d4d6ed5e0a29,475784,DOWNLOADED,MGK5058,global_cohort_v2,WDCGG_20260814163540.tar.gz
2026-08-14T16:36:10.312256+00:00,co2_mqa5015,https://gaw.kishou.go.jp/search,CO2,external_frozen_sources/archives/co2_mqa5015.tar.gz,0016-5015-1001-01-01-9999,1c4de7bfdccc9c34d001d81bdfde8a3dc5e2ddcd7dd794279958fecca3194f4e,707086,DOWNLOADED,MQA5015,global_cohort_v2,WDCGG_20260814163601.tar.gz
2026-08-14T16:36:21.951312+00:00,co2_pdi2035,https://gaw.kishou.go.jp/search,CO2,external_frozen_sources/archives/co2_pdi2035.tar.gz,0051-2035-1001-01-01-9999,e03cdb38898638d4fcde0f1fae8adc35481195d8b143faaed73ba66fa8344e10,519351,DOWNLOADED,PDI2035,global_cohort_v2,WDCGG_20260814163614.tar.gz
2026-08-14T16:37:41.618837+00:00,co2_ryo2012,https://gaw.kishou.go.jp/search,CO2,external_frozen_sources/archives/co2_ryo2012.tar.gz,0001-2012-1001-01-01-9999,ddebd812bbd231fd41ff5972d714e0c1f848db8e66c4f191517851865e3e1961,8376792,DOWNLOADED,RYO2012,global_cohort_v2,WDCGG_20260814163624.tar.gz
2026-08-14T16:38:26.001485+00:00,co2_yon2028,https://gaw.kishou.go.jp/search,CO2,external_frozen_sources/archives/co2_yon2028.tar.gz,0001-2028-1001-01-01-9999,55609bf16765e3e269e3f97b2638b23ace2fcb411ececf667c8a5235120bf8d6,5678550,DOWNLOADED,YON2028,global_cohort_v2,WDCGG_20260814163748.tar.gz
