gas,wdcgg_id,record_id,accessible,event,hourly,daily,monthly,metadata_link,station_name,station_code,country,wigos_id,contributor,latitude,longitude,elevation,wmo_region,wmo_category,station_type,station_status,metadata_contributor,gas_species,archive_path,archive_sha256,observation_path,observation_sha256,dataset_doi,dataset_version,dataset_start_date,dataset_end_date,record_count,value_count,provider_valid_count,provider_valid_fraction,qualified_start,qualified_end,target_period_coverage_2015_2024,qualified_month_fraction_70,qualified_month_fraction_75,qualified_month_fraction_80,qualified_month_fraction_90,processing_status,source_phase,parser_change_required,screening_status,screening_reason,screening_rule_version,final_cohort_status,final_cohort_reason
CH4,RUN1042,0162-1042-1002-01-01-9999,True,False,True,True,False,False,La Réunion,1042,FRANCE,0-20008-0-RUN,ICOS,-21.0796,55.3841,2160,REGION I (Africa),GAW Global,fixed station,Operational,ICOS,co2 ch4 co,external_frozen_sources/archives/ch4_run1042.tar.gz,126794366589af9aa1a3a124bfde0abec3a85060ba4d32144edb19720a7e6c0f,external_frozen_sources/observations/ch4_run1042_surface-insitu_162_9999-9999_hourly.txt,85eb75b13d7d215920774e8aa81cdfc67db861b58b958521b3abe4ebc34d1069,10.18160/3TB5-D6TM,0162-1042-1002-01-01-9999_2025-10-20-0001,2014-12-06T20:00:00Z,2025-10-02T23:00:00Z,86625,86625,86625,1.0,2014-12-06T20:00:00+00:00,2025-10-02T23:00:00+00:00,0.8916666666666667,0.925,0.8916666666666667,0.8583333333333333,0.7666666666666667,HARMONISED_AND_SUMMARISED,global_cohort_v1,NONE,,,,,
CH4,MNM2029,0001-2029-1002-01-01-9999,True,False,True,True,False,True,Minamitorishima,2029,JAPAN,0-20008-0-MNM,JMA,24.2883,153.9833,7.1,REGION II (Asia),GAW Global,fixed station,Operational,JMA MRI,co2 ch4 n2o hfc125 hfc23 hfc152a hfc245fa hfc227ea hfc134a hfc143a hfc32 co 222rn,external_frozen_sources/archives/ch4_mnm2029.tar.gz,c4e21b2a25d89b6b686c55de88715a8c5390ea77bac1ee1125a727ed56edd349,external_frozen_sources/observations/ch4_mnm2029_surface-insitu_1_9999-9999_hourly.txt,5e31ed2548c6f8aea0c87de7de3c57b76a5eebe8cdc7dfacf3b059c6029571ca,10.50849/WDCGG_0001-2029-1002-01-01-9999,0001-2029-1002-01-01-9999_2026-05-27-0251,1994-01-01T00:00:00+09:00,2026-04-30T23:00:00+09:00,283392,256927,256862,0.9997470098510471,1993-12-31T15:00:00+00:00,2026-04-30T14:00:00+00:00,0.9833333333333333,1.0,0.9833333333333333,0.9833333333333333,0.7916666666666666,HARMONISED_AND_SUMMARISED,global_cohort_v1,NONE,,,,,
CH4,TLL3005,0017-3005-1002-01-01-9999,True,False,True,True,False,False,El Tololo,3005,CHILE,0-20008-0-TLL,DMC,-30.16833,-70.80361,2154,REGION III (South America),GAW Regional,fixed station,Operational,DMC,co2 ch4 co,external_frozen_sources/archives/ch4_tll3005.tar.gz,d8febc458bead971f1a48d9da48e9313be4f4e9b1b9779243c3ffc4cbed39f8f,external_frozen_sources/observations/ch4_tll3005_surface-insitu_17_9999-9999_hourly.txt,927b0f10fa4db2908a1b06de89f6ba494a47b31e6215e5424709d148aca416b4,10.50849/WDCGG_0017-3005-1002-01-01-9999,0017-3005-1002-01-01-9999_2026-07-09-1513,2013-01-01T00:00:00Z,2025-12-31T23:00:00Z,113952,79737,79737,1.0,2013-01-01T00:00:00+00:00,2025-12-31T23:00:00+00:00,0.6333333333333333,0.675,0.6333333333333333,0.6083333333333333,0.5166666666666667,HARMONISED_AND_SUMMARISED,global_cohort_v1,NONE,,,,,
CH4,BRW4003,0002-4003-1002-01-01-3001,True,False,True,True,False,False,Barrow (AK),4003,UNITED STATES,0-20008-0-BRW,NOAA,71.3230133057,-156.6114654541,11,REGION IV (North and Central America),GAW Global,fixed station,Operational,NOAA,co2 ch4 n2o sf6 13ch4 13co2 c18o2 ccl4 ch3ccl3 cfc113 cfc12 cfc11 hcfc141b hcfc142b hcfc22 hfc125 hfc152a hfc227ea hfc365mfc hfc134a hfc143a hfc32 cbrclf2 cbrf3 c2br2f4 co ch3cl ch2cl2 ch3br c2cl4 h2,external_frozen_sources/archives/ch4_brw4003.tar.gz,2d6491ef1269f0ff344ea2bf7e0d702f99e8ed3f69e53d8718414b4d3b08fb46,external_frozen_sources/observations/ch4_brw4003_surface-insitu_2_3001-9999_hourly.txt,f5159a26bf5fa34d31424031a71d456950d523c9168f162bba60cb7d22501c72,10.15138/ve0c-be70,0002-4003-1002-01-01-3001_2025-04-28-1830,1986-01-29T04:00:00Z,2024-12-31T23:00:00Z,333652,304389,304389,1.0,1986-01-29T04:00:00+00:00,2024-12-31T23:00:00+00:00,0.9833333333333333,0.9833333333333333,0.9833333333333333,0.9666666666666667,0.9083333333333333,HARMONISED_AND_SUMMARISED,global_cohort_v1,NONE,,,,,
CH4,MLO5002,0002-5002-1002-01-01-3001,True,False,True,True,False,False,Mauna Loa (HI),5002,UNITED STATES,0-20008-0-MLO,NOAA,19.5362300873,-155.5761566162,3397,REGION V (South-West Pacific),GAW Global,fixed station,Operational,NOAA CSIRO,co2 ch4 n2o sf6 13ch4 13co2 c18o2 ccl4 ch3ccl3 cfc113 cfc12 cfc11 hcfc141b hcfc142b hcfc22 hfc125 hfc152a hfc227ea hfc365mfc hfc134a hfc143a hfc32 cbrclf2 cbrf3 c2br2f4 co ch3cl ch2cl2 ch3br c2cl4 h2,external_frozen_sources/archives/ch4_mlo5002.tar.gz,d09b447fbb543c92cb4498901d07e2b83d1aaa5b711fbfc4e389157d2137d296,external_frozen_sources/observations/ch4_mlo5002_surface-insitu_2_3001-9999_hourly.txt,64e5d3a416d89f3e97684cf660bc862d481a53c8b7f9272b3f928bc2c8741e5f,10.15138/ve0c-be70,0002-5002-1002-01-01-3001_2025-04-28-1830,1987-04-03T04:00:00Z,2024-12-31T23:00:00Z,330907,307838,307838,1.0,1987-04-03T04:00:00+00:00,2024-12-31T23:00:00+00:00,0.9333333333333333,0.9333333333333333,0.9333333333333333,0.925,0.8916666666666667,HARMONISED_AND_SUMMARISED,global_cohort_v1,NONE,,,,,
CH4,CMN6042,0029-6042-1002-01-01-9999,True,False,True,True,False,True,Monte Cimone,6042,ITALY,0-20008-0-CMN,IAFMS,44.193425,10.700963,2165,REGION VI (Europe),GAW Global,fixed station,Operational,AGAGE IAFMS ISAC UNIURB ICOS,co2 ch4 n2o sf6 so2f2 nf3 ccl4 ch3ccl3 cfc12 cfc11 cfc115 cfc114 cfc13 hcfc141b hcfc142b hcfc22 hcfc124 hcfc132b hcfc133a hfc125 hfc23 hfc152a hfc236fa hfc245fa hfc227ea hfc365mfc hfc134a hfc143a hfc32 hfc4310mee pfc116 pfc218 pfc14 pfc318 cbrclf2 cbrf3 c2br2f4 co chcl3 ch3cl ch2cl2 ch3br c2cl4 h2,external_frozen_sources/archives/ch4_cmn6042.tar.gz,bac65596b07b96b21e13e3936a6b93913152f318fd0571aa66a72e6fbc31f76a,external_frozen_sources/observations/ch4_cmn6042_surface-insitu_29_9999-9999_hourly.txt,599a84b930f9bcb9628d7346f0a46fbe76cd13f27723a615a2dd8311c87bb9a9,,0029-6042-1002-01-01-9999_2026-03-19-0815,2015-01-01T00:00:00+01:00,2025-12-31T23:00:00+01:00,96432,84142,84142,1.0,2014-12-31T23:00:00+00:00,2025-12-31T22:00:00+00:00,0.9166666666666666,0.9333333333333333,0.9166666666666666,0.9,0.8333333333333334,HARMONISED_AND_SUMMARISED,global_cohort_v1,NONE,,,,,
CH4,JFJ6036,0023-6036-1002-01-01-9999,True,False,True,True,False,True,Jungfraujoch,6036,SWITZERLAND,0-20008-0-JFJ,Empa,46.5474891663,7.9850897789,3580,REGION VI (Europe),GAW Global,fixed station,Operational,AGAGE Empa KUP ICOS,co2 ch4 n2o sf6 so2f2 nf3 ccl4 ch3ccl3 cfc113 cfc12 cfc11 cfc115 cfc114 cfc13 hcfc141b hcfc142b hcfc22 hcfc124 hcfc132b hcfc133a hfc125 hfc23 hfc152a hfc236fa hfc245fa hfc227ea hfc365mfc hfc134a hfc143a hfc32 hfc4310mee pfc116 pfc218 pfc14 pfc318 cbrclf2 cbrf3 c2br2f4 co chcl3 ch3cl ch2cl2 ch3br c2hcl3 c2cl4,external_frozen_sources/archives/ch4_jfj6036.tar.gz,bf3dba5bf536e538c651a43e355d08e5d50fda2fa8c3c75b87f762a455f9aada,external_frozen_sources/observations/ch4_jfj6036_surface-insitu_23_9999-9999_hourly.txt,f70e75707cbef63a77462804b8881ac4111504b1d5a9b0911cabe4feaedddaf6,10.50849/WDCGG_0023-6036-1002-01-01-9999,0023-6036-1002-01-01-9999_2025-07-08-1503,2005-01-01T00:00:00+01:00,2024-12-31T23:00:00+01:00,175320,155278,155278,1.0,2004-12-31T23:00:00+00:00,2024-12-31T22:00:00+00:00,0.925,0.9416666666666667,0.925,0.9083333333333333,0.85,HARMONISED_AND_SUMMARISED,global_cohort_v1,NONE,,,,,
CH4,SNB6032,0072-6032-1002-01-01-9999,True,False,True,True,False,False,SONNBLICK Observatory,6032,AUSTRIA,0-20000-0-11343,UBAA,47.054018786,12.9576927483,3106,REGION VI (Europe),GAW Global,fixed station,Operational,UBAA,co2 ch4 co,external_frozen_sources/archives/ch4_snb6032.tar.gz,a5172a6723fa6719cac66758a0cee6d045c43887679306333d1415a7baf35081,external_frozen_sources/observations/ch4_snb6032_surface-insitu_72_9999-9999_hourly.txt,c3243bb6250307e87a3b924a3789c956c13fe0de9c3c98dd97a8958c79475f81,,0072-6032-1002-01-01-9999_2025-06-27-1113,2012-01-01T00:00:00+01:00,2025-01-01T00:00:00+01:00,113976,101637,101637,1.0,2011-12-31T23:00:00+00:00,2024-12-31T23:00:00+00:00,0.95,0.9666666666666667,0.95,0.9416666666666667,0.9,HARMONISED_AND_SUMMARISED,global_cohort_v1,NONE,,,,,
CH4,ZSF6031,0071-6031-1002-01-01-9999,True,False,True,True,False,True,Zugspitze-Schneefernerhaus,6031,GERMANY,0-20008-0-ZSF,UBAG,47.4165,10.97964,2666,REGION VI (Europe),GAW Global,fixed station,Operational,DWD UBAG ICOS,co2 ch4 n2o sf6 co 222rn 7be,external_frozen_sources/archives/ch4_zsf6031.tar.gz,794ebd2ae078c8953eb4945823637b1b6d7cb9dc08a812abbe23cc547ee67669,external_frozen_sources/observations/ch4_zsf6031_surface-insitu_71_9999-9999_hourly.txt,2eeccc71f97fcd1bdfd57c9254d172de518c16ea66e03fdef8d40b2ba73d7767,,0071-6031-1002-01-01-9999_2025-01-01-0111,2002-01-01T00:00:00Z,2024-03-31T23:00:00Z,195024,174331,174331,1.0,2002-01-01T00:00:00+00:00,2024-03-31T23:00:00+00:00,0.825,0.85,0.825,0.775,0.6666666666666666,HARMONISED_AND_SUMMARISED,global_cohort_v1,NONE,,,,,
CH4,ZUG6030,0071-6030-1002-01-01-9999,True,False,True,True,False,True,Zugspitze-Gipfel,6030,GERMANY,0-20008-0-ZUG,UBAG,47.421075,10.985896,2962,REGION VI (Europe),GAW Global,fixed station,Operational,IMKIFU UBAG,co2 ch4 co,external_frozen_sources/archives/ch4_zug6030.tar.gz,a601ec4b177dc31be3b678ef27b0331eed5283be24841e151f670d5c581cced3,external_frozen_sources/observations/ch4_zug6030_surface-insitu_71_9999-9999_hourly.txt,10127d80868ffa8399b4e8ba7790218447bbcaa58e6468e81ec80897dd6d824c,,0071-6030-1002-01-01-9999_2025-01-01-0111,1995-01-01T00:00:00+01:00,2001-12-31T23:00:00+01:00,61368,44812,44812,1.0,1994-12-31T23:00:00+00:00,2001-12-31T22:00:00+00:00,0.0,0.0,0.0,0.0,0.0,HARMONISED_AND_SUMMARISED,global_cohort_v1,NONE,,,,,
CO2,SPO7011,0002-7011-1001-01-01-3001,True,False,True,True,False,False,South Pole,7011,UNITED STATES,0-20008-0-SPO,NOAA,-89.9969482422,-24.7999992371,2841,ANTARCTICA,GAW Global,fixed station,Operational,NOAA CSIRO,co2 ch4 n2o sf6 13ch4 13co2 c18o2 ccl4 ch3ccl3 cfc113 cfc12 cfc11 hcfc141b hcfc142b hcfc22 hfc125 hfc152a hfc227ea hfc365mfc hfc134a hfc143a hfc32 cbrclf2 cbrf3 c2br2f4 co ch3cl ch2cl2 ch3br c2cl4 h2,external_frozen_sources/archives/co2_spo7011.tar.gz,d1f82e6ff84a73e2dc7ced55f3dbcb7c1bba6cc19dbf83ab2634fabc383809a8,external_frozen_sources/observations/co2_spo7011_surface-insitu_2_3001-9999_hourly.txt,b971a90ae9208a17a5e34b4e97e3e10df71d02f1f115679df52d7ec0903498dc,10.15138/yaf1-bk21,0002-7011-1001-01-01-3001_2025-08-21-1300,1975-01-19T00:00:00Z,2024-12-31T23:00:00Z,429335,385395,385395,1.0,1975-01-19T00:00:00+00:00,2024-12-31T23:00:00+00:00,0.9833333333333333,0.9916666666666667,0.9833333333333333,0.975,0.9583333333333334,HARMONISED_AND_SUMMARISED,global_cohort_v1,NONE,,,,,
CO2,CAI1001,0022-1001-1001-01-01-9999,True,False,True,False,False,False,CAIRO,1001,EGYPT,0-20008-0-CAI,EMA,30.0833339691,31.2833328247,35,REGION I (Africa),GAW Regional,fixed station,Operational,EMA,co2,external_frozen_sources/archives/co2_cai1001.tar.gz,67ea3c53c79f7e49fc84c3c9e77eb0aa6959c35d1e7f96ed917e16ce5dcecc29,external_frozen_sources/observations/co2_cai1001_surface-insitu_22_9999-9999_hourly.txt,508e97880525809ca9b4b45b24bcba2bbfc08a180a5bda8e21079140648933e0,,0022-1001-1001-01-01-9999_2025-01-01-0022,2010-07-01T00:00:00+02:00,2020-06-14T12:00:00+02:00,44919,40124,37922,0.9451201276044263,2010-06-30T22:00:00+00:00,2020-06-14T10:00:00+00:00,0.08333333333333333,0.08333333333333333,0.08333333333333333,0.075,0.058333333333333334,HARMONISED_AND_SUMMARISED,global_cohort_v1,NONE,,,,,
CO2,FRF1012,0022-1012-1001-01-01-9999,True,False,True,False,False,False,Farafra,1012,EGYPT,0-20008-0-FRF,EMA,27.0581169128,27.9901638031,92,REGION I (Africa),GAW Regional,fixed station,Operational,EMA,co2,external_frozen_sources/archives/co2_frf1012.tar.gz,e965277024d2b319ccf7283135e2c8eb9554217dfac6183b7827e47cd3596d1a,external_frozen_sources/observations/co2_frf1012_surface-insitu_22_9999-9999_hourly.txt,11c3f0657b457c92d4eb7e9193b1ff0c0e1fe0d4a49794ab348c1e897720a6f4,,0022-1012-1001-01-01-9999_2025-01-01-0022,2015-08-01T00:00:00+02:00,2020-04-30T23:00:00+02:00,36552,33860,20718,0.6118724158298878,2015-07-31T22:00:00+00:00,2020-04-30T21:00:00+00:00,0.19166666666666668,0.19166666666666668,0.19166666666666668,0.19166666666666668,0.16666666666666666,HARMONISED_AND_SUMMARISED,global_cohort_v1,NONE,,,,,
CO2,RUN1042,0162-1042-1001-01-01-9999,True,False,True,True,False,False,La Réunion,1042,FRANCE,0-20008-0-RUN,ICOS,-21.0796,55.3841,2160,REGION I (Africa),GAW Global,fixed station,Operational,ICOS,co2 ch4 co,external_frozen_sources/archives/co2_run1042.tar.gz,2ca132cde8f4cfcb03386a40288817250145356cc3baaa234105b6038cabefd4,external_frozen_sources/observations/co2_run1042_surface-insitu_162_9999-9999_hourly.txt,7941adf89241395e8aa6149618b05cfe125e4b63c634fa5bbb48f4965befd53a,10.18160/R0PE-1H0Z,0162-1042-1001-01-01-9999_2025-10-20-0000,2014-12-06T20:00:00Z,2025-10-01T23:00:00Z,86601,86601,86601,1.0,2014-12-06T20:00:00+00:00,2025-10-01T23:00:00+00:00,0.8916666666666667,0.925,0.8916666666666667,0.8583333333333333,0.7666666666666667,HARMONISED_AND_SUMMARISED,global_cohort_v1,NONE,,,,,
CO2,MNM2029,0001-2029-1001-01-01-9999,True,False,True,True,False,True,Minamitorishima,2029,JAPAN,0-20008-0-MNM,JMA,24.2883,153.9833,7.1,REGION II (Asia),GAW Global,fixed station,Operational,JMA MRI,co2 ch4 n2o hfc125 hfc23 hfc152a hfc245fa hfc227ea hfc134a hfc143a hfc32 co 222rn,external_frozen_sources/archives/co2_mnm2029.tar.gz,1bce3f4833bca699c1221a5646d02801ada97ea2f01030343dffc9add679f84f,external_frozen_sources/observations/co2_mnm2029_surface-insitu_1_9999-9999_hourly.txt,b2bf3924f5896743e4aaaf2601cfc58769cfff7bcb3650228169edf85dc0d000,10.50849/WDCGG_0001-2029-1001-01-01-9999,0001-2029-1001-01-01-9999_2026-05-27-0251,1993-01-01T00:00:00+09:00,2026-04-30T23:00:00+09:00,292152,271810,271657,0.9994371068025459,1992-12-31T15:00:00+00:00,2026-04-30T14:00:00+00:00,1.0,1.0,1.0,0.9916666666666667,0.8416666666666667,HARMONISED_AND_SUMMARISED,global_cohort_v1,NONE,,,,,
CO2,TLL3005,0017-3005-1001-01-01-9999,True,False,True,True,False,False,El Tololo,3005,CHILE,0-20008-0-TLL,DMC,-30.16833,-70.80361,2154,REGION III (South America),GAW Regional,fixed station,Operational,DMC,co2 ch4 co,external_frozen_sources/archives/co2_tll3005.tar.gz,4103189d9e01a2bbf324827b01280752efd94718337b4f452d070df930da0b5f,external_frozen_sources/observations/co2_tll3005_surface-insitu_17_9999-9999_hourly.txt,138a143d1f8dc3d011536bbe88fdf6dbae7dd7522833c7417c1bae455d609148,10.50849/WDCGG_0017-3005-1001-01-01-9999,0017-3005-1001-01-01-9999_2026-07-09-1513,2013-01-01T00:00:00Z,2025-12-31T23:00:00Z,113952,79736,79736,1.0,2013-01-01T00:00:00+00:00,2025-12-31T23:00:00+00:00,0.6333333333333333,0.675,0.6333333333333333,0.6083333333333333,0.5166666666666667,HARMONISED_AND_SUMMARISED,global_cohort_v1,NONE,,,,,
CO2,BRW4003,0002-4003-1001-01-01-3001,True,False,True,True,False,False,Barrow (AK),4003,UNITED STATES,0-20008-0-BRW,NOAA,71.3230133057,-156.6114654541,11,REGION IV (North and Central America),GAW Global,fixed station,Operational,NOAA,co2 ch4 n2o sf6 13ch4 13co2 c18o2 ccl4 ch3ccl3 cfc113 cfc12 cfc11 hcfc141b hcfc142b hcfc22 hfc125 hfc152a hfc227ea hfc365mfc hfc134a hfc143a hfc32 cbrclf2 cbrf3 c2br2f4 co ch3cl ch2cl2 ch3br c2cl4 h2,external_frozen_sources/archives/co2_brw4003.tar.gz,b0d07bbaa989d9270906a6e723680a417178b296ee80f6f23297a4ec143bf40d,external_frozen_sources/observations/co2_brw4003_surface-insitu_2_3001-9999_hourly.txt,15b852681046aa46b7a428bbb33b961dfe71176c3e519ca4ace9325b6bb3d3cd,10.15138/yaf1-bk21,0002-4003-1001-01-01-3001_2025-08-21-1300,1973-07-24T00:00:00Z,2024-12-31T23:00:00Z,450936,409318,409318,1.0,1973-07-24T00:00:00+00:00,2024-12-31T23:00:00+00:00,0.9916666666666667,0.9916666666666667,0.9916666666666667,0.9833333333333333,0.8916666666666667,HARMONISED_AND_SUMMARISED,global_cohort_v1,NONE,,,,,
CO2,LAU5014,0057-5014-1001-01-01-9999,True,False,True,False,False,True,Lauder,5014,NEW ZEALAND,0-20008-0-LAU,ESNZ,-45.0379981995,169.6840057373,370,REGION V (South-West Pacific),GAW Global,fixed station,Operational,ESNZ,co2 ch4 n2o sf6 co,external_frozen_sources/archives/co2_lau5014.tar.gz,7af491430d65df9bcf0edd5218a97a3ed2f6fe432a6f67f9c528447f8d1a5a95,external_frozen_sources/observations/co2_lau5014_surface-insitu_57_9999-9999_hourly.txt,5ae87b439b02b1b9c37d6ae000c108bfa24afeedcca996b44a1eb59c157a7d25,,0057-5014-1001-01-01-9999_2026-07-21-0910,2014-10-06T10:00:00+12:00,2020-12-31T23:00:00+12:00,39587,39587,39587,1.0,2014-10-05T22:00:00+00:00,2020-12-31T11:00:00+00:00,0.3333333333333333,0.35833333333333334,0.3333333333333333,0.31666666666666665,0.26666666666666666,HARMONISED_AND_SUMMARISED,global_cohort_v1,NONE,,,,,
CO2,MLO5002,0002-5002-1001-01-01-3001,True,False,True,True,False,False,Mauna Loa (HI),5002,UNITED STATES,0-20008-0-MLO,NOAA,19.5362300873,-155.5761566162,3397,REGION V (South-West Pacific),GAW Global,fixed station,Operational,NOAA CSIRO,co2 ch4 n2o sf6 13ch4 13co2 c18o2 ccl4 ch3ccl3 cfc113 cfc12 cfc11 hcfc141b hcfc142b hcfc22 hfc125 hfc152a hfc227ea hfc365mfc hfc134a hfc143a hfc32 cbrclf2 cbrf3 c2br2f4 co ch3cl ch2cl2 ch3br c2cl4 h2,external_frozen_sources/archives/co2_mlo5002.tar.gz,7e007990b9e2031b1a4cf334a766499ad6d0786488e4f9f2400114a2e5b0fb08,external_frozen_sources/observations/co2_mlo5002_surface-insitu_2_3001-9999_hourly.txt,6acc2b9ce66d0cd347389f19f07a8d96a168773b1034815c61fbda8b8e0c25b8,10.15138/yaf1-bk21,0002-5002-1001-01-01-3001_2025-08-21-1300,1974-05-01T00:00:00Z,2024-12-31T23:00:00Z,444192,404041,404041,1.0,1974-05-01T00:00:00+00:00,2024-12-31T23:00:00+00:00,0.9333333333333333,0.9333333333333333,0.9333333333333333,0.9166666666666666,0.85,HARMONISED_AND_SUMMARISED,global_cohort_v1,NONE,,,,,
CO2,SMO5009,0002-5009-1001-01-01-3001,True,False,True,True,False,False,Samoa (Cape Matatula),5009,UNITED STATES,0-20008-0-SMO,NOAA,-14.2474746704,-170.5645141602,77,REGION V (South-West Pacific),GAW Global,fixed station,Operational,NOAA AGAGE,co2 ch4 n2o sf6 so2f2 nf3 13ch4 13co2 c18o2 ccl4 ch3ccl3 cfc113 cfc12 cfc11 cfc115 cfc114 cfc13 hcfc141b hcfc142b hcfc22 hcfc124 hcfc132b hcfc133a hfc125 hfc23 hfc152a hfc236fa hfc245fa hfc227ea hfc365mfc hfc134a hfc143a hfc32 hfc4310mee pfc116 pfc218 pfc14 pfc318 cbrclf2 cbrf3 c2br2f4 co chcl3 ch3cl ch2cl2 ch3br c2cl4 h2,external_frozen_sources/archives/co2_smo5009.tar.gz,109dcab9eefaf50693a52276d2a17c0ede934e1c90226b252137ff6db5205a75,external_frozen_sources/observations/co2_smo5009_surface-insitu_2_3001-9999_hourly.txt,796c242c186e1420ecfee15a1c4cd344b476ded5e3a41e9a3c9fc54d228a041c,10.15138/yaf1-bk21,0002-5009-1001-01-01-3001_2025-08-21-1300,1976-01-01T00:00:00Z,2024-12-31T23:00:00Z,427392,352045,352045,1.0,1976-01-01T00:00:00+00:00,2024-12-31T23:00:00+00:00,0.75,0.7916666666666666,0.75,0.675,0.44166666666666665,HARMONISED_AND_SUMMARISED,global_cohort_v1,NONE,,,,,
CO2,CMN6042,0029-6042-1001-01-01-9999,True,False,True,True,False,True,Monte Cimone,6042,ITALY,0-20008-0-CMN,IAFMS,44.193425,10.700963,2165,REGION VI (Europe),GAW Global,fixed station,Operational,AGAGE IAFMS ISAC UNIURB ICOS,co2 ch4 n2o sf6 so2f2 nf3 ccl4 ch3ccl3 cfc12 cfc11 cfc115 cfc114 cfc13 hcfc141b hcfc142b hcfc22 hcfc124 hcfc132b hcfc133a hfc125 hfc23 hfc152a hfc236fa hfc245fa hfc227ea hfc365mfc hfc134a hfc143a hfc32 hfc4310mee pfc116 pfc218 pfc14 pfc318 cbrclf2 cbrf3 c2br2f4 co chcl3 ch3cl ch2cl2 ch3br c2cl4 h2,external_frozen_sources/archives/co2_cmn6042.tar.gz,0dd30706db1878f078c17697bb1c946e159d8ab277d53d5a480d6903a8145a0f,external_frozen_sources/observations/co2_cmn6042_surface-insitu_29_9999-9999_hourly.txt,cae71f54d19cff3cd6d057b15337baaa64712b9f87a3dded66c8fba1e5f47267,,0029-6042-1001-01-01-9999_2026-03-19-0815,1979-03-01T00:00:00+01:00,2025-12-31T23:00:00+01:00,410592,346617,346617,1.0,1979-02-28T23:00:00+00:00,2025-12-31T22:00:00+00:00,0.9166666666666666,0.9333333333333333,0.9166666666666666,0.8833333333333333,0.8333333333333334,HARMONISED_AND_SUMMARISED,global_cohort_v1,NONE,,,,,
CO2,JFJ6036,0023-6036-1001-01-01-9999,True,False,True,True,False,True,Jungfraujoch,6036,SWITZERLAND,0-20008-0-JFJ,Empa,46.5474891663,7.9850897789,3580,REGION VI (Europe),GAW Global,fixed station,Operational,AGAGE Empa KUP ICOS,co2 ch4 n2o sf6 so2f2 nf3 ccl4 ch3ccl3 cfc113 cfc12 cfc11 cfc115 cfc114 cfc13 hcfc141b hcfc142b hcfc22 hcfc124 hcfc132b hcfc133a hfc125 hfc23 hfc152a hfc236fa hfc245fa hfc227ea hfc365mfc hfc134a hfc143a hfc32 hfc4310mee pfc116 pfc218 pfc14 pfc318 cbrclf2 cbrf3 c2br2f4 co chcl3 ch3cl ch2cl2 ch3br c2hcl3 c2cl4,external_frozen_sources/archives/co2_jfj6036.tar.gz,0e3d6c306a972102f6bec27bc75a844755013b72795cfd9f0a95bae3a03b6ac5,external_frozen_sources/observations/co2_jfj6036_surface-insitu_23_9999-9999_hourly.txt,df15a7e9d2afb9322a2ae90339d2a46d02781fd21dd5f4040fe036a879496be2,10.50849/WDCGG_0023-6036-1001-01-01-9999,0023-6036-1001-01-01-9999_2025-07-08-1503,2010-01-01T00:00:00+01:00,2024-12-31T23:00:00+01:00,131496,118657,118657,1.0,2009-12-31T23:00:00+00:00,2024-12-31T22:00:00+00:00,0.925,0.9416666666666667,0.925,0.9083333333333333,0.85,HARMONISED_AND_SUMMARISED,global_cohort_v1,NONE,,,,,
CO2,SNB6032,0072-6032-1001-01-01-9999,True,False,True,True,False,False,SONNBLICK Observatory,6032,AUSTRIA,0-20000-0-11343,UBAA,47.054018786,12.9576927483,3106,REGION VI (Europe),GAW Global,fixed station,Operational,UBAA,co2 ch4 co,external_frozen_sources/archives/co2_snb6032.tar.gz,ead654c12db0bdfb38f5ae1f50ba7594df11fcb1284659107e4aca98d0c0619f,external_frozen_sources/observations/co2_snb6032_surface-insitu_72_9999-9999_hourly.txt,0d211fa39ad8e82e09001ab3ee7f36d735a4d4283ec7e96901128c379a0d46c4,,0072-6032-1001-01-01-9999_2025-06-27-1113,1999-01-01T00:00:00+01:00,2025-01-01T00:00:00+01:00,227928,160279,160279,1.0,1998-12-31T23:00:00+00:00,2024-12-31T23:00:00+00:00,0.95,0.9666666666666667,0.95,0.9416666666666667,0.9,HARMONISED_AND_SUMMARISED,global_cohort_v1,NONE,,,,,
CO2,ZSF6031,0071-6031-1001-01-01-9999,True,False,True,True,False,True,Zugspitze-Schneefernerhaus,6031,GERMANY,0-20008-0-ZSF,UBAG,47.4165,10.97964,2666,REGION VI (Europe),GAW Global,fixed station,Operational,DWD UBAG ICOS,co2 ch4 n2o sf6 co 222rn 7be,external_frozen_sources/archives/co2_zsf6031.tar.gz,d5026c07ff508f45db00d8a68ab2f53bc795f3473cf69a98a5ba850fd82203ae,external_frozen_sources/observations/co2_zsf6031_surface-insitu_71_9999-9999_hourly.txt,75c6fa23d8668d8ee3d6a8e4b0e01b45075b4782c776664c4df890fbbff26eb1,,0071-6031-1001-01-01-9999_2025-01-01-0111,2002-01-01T00:00:00Z,2024-03-31T23:00:00Z,195024,174462,174462,1.0,2002-01-01T00:00:00+00:00,2024-03-31T23:00:00+00:00,0.825,0.85,0.825,0.775,0.65,HARMONISED_AND_SUMMARISED,global_cohort_v1,NONE,,,,,
CH4,CBY4165,0020-4165-1002-01-01-9999,True,False,True,True,False,False,Cambridge Bay,4165,CANADA,0-20008-0-CBY,ECCC,69.1284,-105.0577,25,REGION IV (North and Central America),GAW Regional,fixed station,Operational,ECCC,co2 ch4,external_frozen_sources/archives/ch4_cby4165.tar.gz,77de59ca851e7507e21177be1d8cfc97683ef9d5f33b5fc5ab2a57de6f4c3499,external_frozen_sources/observations/ch4_cby4165_surface-insitu_20_9999-9999_hourly.txt,43e4b8dcfbfe089d03f6fb2ee7a5eae657b95338f6c8bc18f95daeac71e8df8e,,0020-4165-1002-01-01-9999_2026-08-11-2027,2012-12-13T18:00:00Z,2021-01-25T05:00:00Z,66462,66462,66462,1.0,2012-12-13T18:00:00+00:00,2021-01-25T05:00:00+00:00,0.5916666666666667,0.6,0.5916666666666667,0.5583333333333333,0.525,HARMONISED_AND_SUMMARISED,global_cohort_v2,NONE,EXCLUDED,OUTSIDE_PREDECLARED_GEOGRAPHIC_GAP_RULE,global_cohort_v1_gap_rule_20260814,NOT_ACQUIRED,OUTSIDE_PREDECLARED_GEOGRAPHIC_GAP_RULE
CH4,HAT2031,0053-2031-1002-01-01-9999,True,False,True,True,False,False,Hateruma Island,2031,JAPAN,0-20008-0-HAT,NIES,24.06069,123.80939,10,REGION II (Asia),GAW Other elements,fixed station,Operational,NIES,co2 ch4 n2o sf6 cfc11 hcfc141b hcfc142b hcfc22 hfc23 hfc152a hfc134a hfc32,external_frozen_sources/archives/ch4_hat2031.tar.gz,5ff082fabdbadfe4cc5986c8d60c86ee47b9df152a51ea63809ad4378019dd43,external_frozen_sources/observations/ch4_hat2031_surface-insitu_53_9999-9999_hourly.txt,00601560dd9ea8fa6f2b6dd7612ed48b5bc34f99793e43bc7b39b5bcc2823753,10.17595/20160901.003,0053-2031-1002-01-01-9999_2026-07-28-0019,1996-01-18T05:00:00Z,2026-03-31T23:00:00Z,264739,254421,254421,1.0,1996-01-18T05:00:00+00:00,2026-03-31T23:00:00+00:00,1.0,1.0,1.0,1.0,1.0,HARMONISED_AND_SUMMARISED,global_cohort_v2,NONE,EXCLUDED,OUTSIDE_PREDECLARED_GEOGRAPHIC_GAP_RULE,global_cohort_v1_gap_rule_20260814,NOT_ACQUIRED,OUTSIDE_PREDECLARED_GEOGRAPHIC_GAP_RULE
CH4,INU4176,0020-4176-1002-01-01-9999,True,False,True,True,False,False,Inuvik,4176,CANADA,0-20008-0-INU,ECCC,68.317817,-133.534232,107,REGION IV (North and Central America),GAW Regional,fixed station,Operational,ECCC,co2 ch4,external_frozen_sources/archives/ch4_inu4176.tar.gz,4e48c48b7a0fe70a4b3b6bea76479745347e4f3a5ca59be78fc3bfbc55cee607,external_frozen_sources/observations/ch4_inu4176_surface-insitu_20_9999-9999_hourly.txt,29ef67c7a77db9f20157ba05dff076d495f5c17e41b0cb1ed095d14734ce6079,,0020-4176-1002-01-01-9999_2026-08-11-2027,2012-02-24T00:00:00Z,2024-03-19T06:00:00Z,100968,100968,100968,1.0,2012-02-24T00:00:00+00:00,2024-03-19T06:00:00+00:00,0.8333333333333334,0.8666666666666667,0.8333333333333334,0.8166666666666667,0.725,HARMONISED_AND_SUMMARISED,global_cohort_v2,NONE,EXCLUDED,OUTSIDE_PREDECLARED_GEOGRAPHIC_GAP_RULE,global_cohort_v1_gap_rule_20260814,NOT_ACQUIRED,OUTSIDE_PREDECLARED_GEOGRAPHIC_GAP_RULE
CH4,PDI2035,0051-2035-1002-01-01-9999,True,False,True,True,False,False,Pha Din,2035,VIET NAM,0-20008-0-PDI,VNMHA,21.5731,103.5157,1466,REGION II (Asia),GAW Regional,fixed station,Operational,VNMHA,co2 ch4 co,external_frozen_sources/archives/ch4_pdi2035.tar.gz,7734386b708cefe9228e49cfda39dd44b16d91d495a5969600253403f7feb485,external_frozen_sources/observations/ch4_pdi2035_surface-insitu_51_9999-9999_hourly.txt,d45ecea13aa125f7f360e2d989b5437116f73f5544795b208e1d026f487157b3,10.50849/WDCGG_0051-2035-1002-01-01-9999,0051-2035-1002-01-01-9999_2025-01-01-0051,2014-01-01T00:00:00Z,2022-12-31T23:00:00Z,70128,46091,46091,1.0,2014-01-01T00:00:00+00:00,2022-12-31T23:00:00+00:00,0.39166666666666666,0.4083333333333333,0.39166666666666666,0.3416666666666667,0.30833333333333335,HARMONISED_AND_SUMMARISED,global_cohort_v2,NONE,EXCLUDED,OUTSIDE_PREDECLARED_GEOGRAPHIC_GAP_RULE,global_cohort_v1_gap_rule_20260814,NOT_ACQUIRED,OUTSIDE_PREDECLARED_GEOGRAPHIC_GAP_RULE
CH4,RYO2012,0001-2012-1002-01-01-9999,True,False,True,True,False,True,Ryori,2012,JAPAN,0-20008-0-RYO,JMA,39.0319,141.8222,260,REGION II (Asia),GAW Regional,fixed station,Operational,JMA AIST MRI,co2 ch4 n2o ccl4 ch3ccl3 cfc113 cfc12 cfc11 co 222rn o2n2,external_frozen_sources/archives/ch4_ryo2012.tar.gz,3b9b3881f2b149f4f6452e9f2b282a43d10fa88fc2c3740e698fb85bab7879b8,external_frozen_sources/observations/ch4_ryo2012_surface-insitu_1_9999-9999_hourly.txt,bc0d46d3cb5352cff28cbb6ccf8d4b5fb0c8c72391d44731a7c2bcaeccd56e95,10.50849/WDCGG_0001-2012-1002-01-01-9999,0001-2012-1002-01-01-9999_2026-05-27-0251,1991-01-01T00:00:00+09:00,2026-04-30T23:00:00+09:00,309696,273750,262710,0.9596712328767123,1990-12-31T15:00:00+00:00,2026-04-30T14:00:00+00:00,0.975,0.9833333333333333,0.975,0.9583333333333334,0.7333333333333333,HARMONISED_AND_SUMMARISED,global_cohort_v2,NONE,EXCLUDED,OUTSIDE_PREDECLARED_GEOGRAPHIC_GAP_RULE,global_cohort_v1_gap_rule_20260814,NOT_ACQUIRED,OUTSIDE_PREDECLARED_GEOGRAPHIC_GAP_RULE
CH4,YON2028,0001-2028-1002-01-01-9999,True,False,True,True,False,True,Yonagunijima,2028,JAPAN,0-20008-0-YON,JMA,24.4667,123.0106,30,REGION II (Asia),GAW Regional,fixed station,Operational,JMA MRI,co2 ch4 co 222rn,external_frozen_sources/archives/ch4_yon2028.tar.gz,938038dd71bd3026adb6f17331b7ced1aa433badf4d0ac758062a2ac3a0c8895,external_frozen_sources/observations/ch4_yon2028_surface-insitu_1_9999-9999_hourly.txt,18bee37248845357e08978fd9e9e02a7f4518e24928597470495aee3ccdb6974,10.50849/WDCGG_0001-2028-1002-01-01-9999,0001-2028-1002-01-01-9999_2026-04-14-0124,1998-01-01T00:00:00+09:00,2024-03-31T23:00:00+09:00,230088,209858,209808,0.9997617436552335,1997-12-31T15:00:00+00:00,2024-03-31T14:00:00+00:00,0.9083333333333333,0.9083333333333333,0.9083333333333333,0.8666666666666667,0.6666666666666666,HARMONISED_AND_SUMMARISED,global_cohort_v2,NONE,EXCLUDED,OUTSIDE_PREDECLARED_GEOGRAPHIC_GAP_RULE,global_cohort_v1_gap_rule_20260814,NOT_ACQUIRED,OUTSIDE_PREDECLARED_GEOGRAPHIC_GAP_RULE
CO2,CBY4165,0020-4165-1001-01-01-9999,True,False,True,True,False,False,Cambridge Bay,4165,CANADA,0-20008-0-CBY,ECCC,69.1284,-105.0577,25,REGION IV (North and Central America),GAW Regional,fixed station,Operational,ECCC,co2 ch4,external_frozen_sources/archives/co2_cby4165.tar.gz,fb30d1d1839ed6c060e2e08d3e4916107525648e77b4b38e9a0195c3c38f0c9c,external_frozen_sources/observations/co2_cby4165_surface-insitu_20_9999-9999_hourly.txt,393f134f01b4849352be02543dc7735ea6475018d7d798b72bd63757954f8f16,,0020-4165-1001-01-01-9999_2026-08-11-2027,2012-12-13T03:00:00Z,2021-01-25T05:00:00Z,62991,62991,62991,1.0,2012-12-13T03:00:00+00:00,2021-01-25T05:00:00+00:00,0.5416666666666666,0.5583333333333333,0.5416666666666666,0.5166666666666667,0.475,HARMONISED_AND_SUMMARISED,global_cohort_v2,NONE,EXCLUDED,OUTSIDE_PREDECLARED_GEOGRAPHIC_GAP_RULE,global_cohort_v1_gap_rule_20260814,NOT_ACQUIRED,OUTSIDE_PREDECLARED_GEOGRAPHIC_GAP_RULE
CO2,HAT2031,0053-2031-1001-01-01-9999,True,False,True,True,False,False,Hateruma Island,2031,JAPAN,0-20008-0-HAT,NIES,24.06069,123.80939,10,REGION II (Asia),GAW Other elements,fixed station,Operational,NIES,co2 ch4 n2o sf6 cfc11 hcfc141b hcfc142b hcfc22 hfc23 hfc152a hfc134a hfc32,external_frozen_sources/archives/co2_hat2031.tar.gz,130532ad438a28e98d8645bf042317a17e8afd3c37d363341354ff13f555f3ad,external_frozen_sources/observations/co2_hat2031_surface-insitu_53_9999-9999_hourly.txt,3a5aaa3ba4f9ff4be4d878862700cf64234c9273ca42493cfe5372e142b09b55,10.17595/20160901.001,0053-2031-1001-01-01-9999_2026-07-31-0048,1993-01-01T00:00:00Z,2026-07-31T14:00:00Z,294351,252060,252060,1.0,1993-01-01T00:00:00+00:00,2026-07-31T14:00:00+00:00,0.9833333333333333,0.9833333333333333,0.9833333333333333,0.9666666666666667,0.775,HARMONISED_AND_SUMMARISED,global_cohort_v2,NONE,EXCLUDED,OUTSIDE_PREDECLARED_GEOGRAPHIC_GAP_RULE,global_cohort_v1_gap_rule_20260814,NOT_ACQUIRED,OUTSIDE_PREDECLARED_GEOGRAPHIC_GAP_RULE
CO2,INU4176,0020-4176-1001-01-01-9999,True,False,True,True,False,False,Inuvik,4176,CANADA,0-20008-0-INU,ECCC,68.317817,-133.534232,107,REGION IV (North and Central America),GAW Regional,fixed station,Operational,ECCC,co2 ch4,external_frozen_sources/archives/co2_inu4176.tar.gz,1e86a4b4d782de10af3ea96625fd0c4193e798aa020c6c995689d5d344f5cecd,external_frozen_sources/observations/co2_inu4176_surface-insitu_20_9999-9999_hourly.txt,c323aac2a5c4344aebc4cd68670c376454c6a05124de91e088b58fee93c1378f,,0020-4176-1001-01-01-9999_2026-08-11-2027,2012-02-24T00:00:00Z,2024-03-19T06:00:00Z,99737,99737,99737,1.0,2012-02-24T00:00:00+00:00,2024-03-19T06:00:00+00:00,0.825,0.8583333333333333,0.825,0.8,0.725,HARMONISED_AND_SUMMARISED,global_cohort_v2,NONE,EXCLUDED,OUTSIDE_PREDECLARED_GEOGRAPHIC_GAP_RULE,global_cohort_v1_gap_rule_20260814,NOT_ACQUIRED,OUTSIDE_PREDECLARED_GEOGRAPHIC_GAP_RULE
CO2,MGK5058,0057-5058-1001-01-01-9999,True,False,True,False,False,False,Maunga Kākaramea,5058,NEW ZEALAND,0-554-0-MGK,ESNZ,-38.3194,176.3883,743,REGION V (South-West Pacific),GAW Regional,fixed station,Operational,ESNZ,co2,external_frozen_sources/archives/co2_mgk5058.tar.gz,c42080c9c26fbb8176d4126092f074c8e02eb642432dbed8cd26d4d6ed5e0a29,external_frozen_sources/observations/co2_mgk5058_surface-insitu_57_9999-9999_hourly.txt,3daa8807e5bb7798480a7ed54ca52ad8ddbddee8afd4dbb3c05fcb5c6e27b6db,,0057-5058-1001-01-01-9999_2026-07-21-0910,2013-07-02T00:00:00+12:00,2024-12-31T23:00:00+12:00,61815,61815,61815,1.0,2013-07-01T12:00:00+00:00,2024-12-31T11:00:00+00:00,0.6166666666666667,0.6583333333333333,0.6166666666666667,0.5916666666666667,0.425,HARMONISED_AND_SUMMARISED,global_cohort_v2,NONE,EXCLUDED,OUTSIDE_PREDECLARED_GEOGRAPHIC_GAP_RULE,global_cohort_v1_gap_rule_20260814,NOT_ACQUIRED,OUTSIDE_PREDECLARED_GEOGRAPHIC_GAP_RULE
CO2,MQA5015,0016-5015-1001-01-01-9999,True,False,True,False,False,False,Macquarie Island,5015,AUSTRALIA,0-20008-0-MQA,CSIRO,-54.498500824,158.9385070801,6,REGION V (South-West Pacific),GAW Regional,fixed station,Operational,CSIRO GNS,co2 ch4 n2o 13co2 co h2 14co2,external_frozen_sources/archives/co2_mqa5015.tar.gz,1c4de7bfdccc9c34d001d81bdfde8a3dc5e2ddcd7dd794279958fecca3194f4e,external_frozen_sources/observations/co2_mqa5015_surface-insitu_16_9999-9999_hourly.txt,2c6ce924f0a1fb537441ab1cffcbc3fdd8c28f799c07da46af91806a4b4c4525,10.50849/WDCGG_0016-5015-1001-01-01-9999,0016-5015-1001-01-01-9999_2025-01-01-0016,2005-07-18T03:00:00Z,2016-11-26T21:00:00Z,79301,79301,79301,1.0,2005-07-18T03:00:00+00:00,2016-11-26T21:00:00+00:00,0.1,0.11666666666666667,0.1,0.09166666666666666,0.03333333333333333,HARMONISED_AND_SUMMARISED,global_cohort_v2,NONE,EXCLUDED,OUTSIDE_PREDECLARED_GEOGRAPHIC_GAP_RULE,global_cohort_v1_gap_rule_20260814,NOT_ACQUIRED,OUTSIDE_PREDECLARED_GEOGRAPHIC_GAP_RULE
CO2,PDI2035,0051-2035-1001-01-01-9999,True,False,True,True,False,False,Pha Din,2035,VIET NAM,0-20008-0-PDI,VNMHA,21.5731,103.5157,1466,REGION II (Asia),GAW Regional,fixed station,Operational,VNMHA,co2 ch4 co,external_frozen_sources/archives/co2_pdi2035.tar.gz,e03cdb38898638d4fcde0f1fae8adc35481195d8b143faaed73ba66fa8344e10,external_frozen_sources/observations/co2_pdi2035_surface-insitu_51_9999-9999_hourly.txt,79d4e7848c9e452e690f539d7aca840901f905a6b9039ace0864bc4b14d019ab,10.50849/WDCGG_0051-2035-1001-01-01-9999,0051-2035-1001-01-01-9999_2025-01-01-0051,2014-01-01T00:00:00Z,2022-12-31T23:00:00Z,70128,43992,43992,1.0,2014-01-01T00:00:00+00:00,2022-12-31T23:00:00+00:00,0.36666666666666664,0.38333333333333336,0.36666666666666664,0.31666666666666665,0.2833333333333333,HARMONISED_AND_SUMMARISED,global_cohort_v2,NONE,EXCLUDED,OUTSIDE_PREDECLARED_GEOGRAPHIC_GAP_RULE,global_cohort_v1_gap_rule_20260814,NOT_ACQUIRED,OUTSIDE_PREDECLARED_GEOGRAPHIC_GAP_RULE
CO2,RYO2012,0001-2012-1001-01-01-9999,True,False,True,True,False,True,Ryori,2012,JAPAN,0-20008-0-RYO,JMA,39.0319,141.8222,260,REGION II (Asia),GAW Regional,fixed station,Operational,JMA AIST MRI,co2 ch4 n2o ccl4 ch3ccl3 cfc113 cfc12 cfc11 co 222rn o2n2,external_frozen_sources/archives/co2_ryo2012.tar.gz,ddebd812bbd231fd41ff5972d714e0c1f848db8e66c4f191517851865e3e1961,external_frozen_sources/observations/co2_ryo2012_surface-insitu_1_9999-9999_hourly.txt,6ced524f895977217426d70802bab8b2e642f690510a68692141d92fcc25df3b,10.50849/WDCGG_0001-2012-1001-01-01-9999,0001-2012-1001-01-01-9999_2026-05-27-0251,1987-01-01T00:00:00+09:00,2026-04-30T23:00:00+09:00,344760,318123,317061,0.9966616685998811,1986-12-31T15:00:00+00:00,2026-04-30T14:00:00+00:00,0.9916666666666667,0.9916666666666667,0.9916666666666667,0.9916666666666667,0.8416666666666667,HARMONISED_AND_SUMMARISED,global_cohort_v2,NONE,EXCLUDED,OUTSIDE_PREDECLARED_GEOGRAPHIC_GAP_RULE,global_cohort_v1_gap_rule_20260814,NOT_ACQUIRED,OUTSIDE_PREDECLARED_GEOGRAPHIC_GAP_RULE
CO2,YON2028,0001-2028-1001-01-01-9999,True,False,True,True,False,True,Yonagunijima,2028,JAPAN,0-20008-0-YON,JMA,24.4667,123.0106,30,REGION II (Asia),GAW Regional,fixed station,Operational,JMA MRI,co2 ch4 co 222rn,external_frozen_sources/archives/co2_yon2028.tar.gz,55609bf16765e3e269e3f97b2638b23ace2fcb411ececf667c8a5235120bf8d6,external_frozen_sources/observations/co2_yon2028_surface-insitu_1_9999-9999_hourly.txt,a82d31a65b433914ba6ccf7d5cdd09eaafc93927fc7648725de58e59b62f52fe,10.50849/WDCGG_0001-2028-1001-01-01-9999,0001-2028-1001-01-01-9999_2026-04-14-0124,1997-01-01T00:00:00+09:00,2024-03-31T23:00:00+09:00,238848,222330,222284,0.9997931003463321,1996-12-31T15:00:00+00:00,2024-03-31T14:00:00+00:00,0.8833333333333333,0.8916666666666667,0.8833333333333333,0.875,0.7666666666666667,HARMONISED_AND_SUMMARISED,global_cohort_v2,NONE,EXCLUDED,OUTSIDE_PREDECLARED_GEOGRAPHIC_GAP_RULE,global_cohort_v1_gap_rule_20260814,NOT_ACQUIRED,OUTSIDE_PREDECLARED_GEOGRAPHIC_GAP_RULE
