dataset_key,physical_station_id,gas,role,detector,k,total_historical_rows_examined,numerical_hours_examined,contributor_valid_hours_examined,total_flags,contributor_valid_flags,contributor_valid_flag_proportion,flag_proportion,prediction_mask_sha256,provider_invalid_statistical_flag,provider_invalid_no_statistical_flag,provider_valid_statistical_review_flag,provider_valid_no_flag,policy,historical_revised_overlap_all,historical_revised_overlap_contributor_valid,symmetric_difference_all,contributor_qc_unchanged
RUN1042_CH4,RUN1042,CH4,HISTORICAL_HAMPEL_K3,hampel_7day,3,30000,30000,30000,536,536,0.017866666666666666,0.017866666666666666,4b40cebdcca9af1cbf3134800e31f3e415579a0e9a645216c1f4fb8562bf6dfd,0,0,536,29464,REVIEW_FLAGS_ONLY_NO_AUTOMATIC_DELETION,536,536,0,True
RUN1042_CH4,RUN1042,CH4,POST_EVALUATION_OPERATIONAL_CANDIDATE,hampel_7day,3,30000,30000,30000,536,536,0.017866666666666666,0.017866666666666666,4b40cebdcca9af1cbf3134800e31f3e415579a0e9a645216c1f4fb8562bf6dfd,0,0,536,29464,REVIEW_FLAGS_ONLY_NO_AUTOMATIC_DELETION,536,536,0,True
TLL3005_CH4,TLL3005,CH4,HISTORICAL_HAMPEL_K3,hampel_7day,3,30000,23045,23045,699,699,0.030331959210240834,0.023300000000000001,8fb982fe381b99eca1d97fbf62271d74b550511013536fa24c237d9f78b8532b,0,6955,699,22346,REVIEW_FLAGS_ONLY_NO_AUTOMATIC_DELETION,699,699,0,True
TLL3005_CH4,TLL3005,CH4,POST_EVALUATION_OPERATIONAL_CANDIDATE,hampel_7day,3,30000,23045,23045,699,699,0.030331959210240834,0.023300000000000001,8fb982fe381b99eca1d97fbf62271d74b550511013536fa24c237d9f78b8532b,0,6955,699,22346,REVIEW_FLAGS_ONLY_NO_AUTOMATIC_DELETION,699,699,0,True
BRW4003_CH4,BRW4003,CH4,HISTORICAL_HAMPEL_K3,hampel_7day,3,30000,28981,28981,2416,2416,0.083364963251785648,0.080533333333333332,e3eb5ed8f8e752e09b1d89de8818ac7a931815ed78fa12ee9b2e479b6c29ad30,0,1019,2416,26565,REVIEW_FLAGS_ONLY_NO_AUTOMATIC_DELETION,2416,2416,0,True
BRW4003_CH4,BRW4003,CH4,POST_EVALUATION_OPERATIONAL_CANDIDATE,hampel_7day,3,30000,28981,28981,2416,2416,0.083364963251785648,0.080533333333333332,e3eb5ed8f8e752e09b1d89de8818ac7a931815ed78fa12ee9b2e479b6c29ad30,0,1019,2416,26565,REVIEW_FLAGS_ONLY_NO_AUTOMATIC_DELETION,2416,2416,0,True
JFJ6036_CH4,JFJ6036,CH4,HISTORICAL_HAMPEL_K3,hampel_7day,3,30000,28093,28093,763,763,0.027159790695190974,0.025433333333333332,f6d917d24fa97cf97871cacac3652c4e12a9b1a13fcba93c420789b6cc4ef6b6,0,1907,763,27330,REVIEW_FLAGS_ONLY_NO_AUTOMATIC_DELETION,763,763,0,True
JFJ6036_CH4,JFJ6036,CH4,POST_EVALUATION_OPERATIONAL_CANDIDATE,hampel_7day,3,30000,28093,28093,763,763,0.027159790695190974,0.025433333333333332,f6d917d24fa97cf97871cacac3652c4e12a9b1a13fcba93c420789b6cc4ef6b6,0,1907,763,27330,REVIEW_FLAGS_ONLY_NO_AUTOMATIC_DELETION,763,763,0,True
RUN1042_CO2,RUN1042,CO2,HISTORICAL_HAMPEL_K3,hampel_7day,3,30000,30000,30000,464,464,0.015466666666666667,0.015466666666666667,f5932f325ec24b60048acb6f114d73ae2897e7f9f0a4b6c07f75a41a56557739,0,0,464,29536,REVIEW_FLAGS_ONLY_NO_AUTOMATIC_DELETION,464,464,0,True
RUN1042_CO2,RUN1042,CO2,POST_EVALUATION_OPERATIONAL_CANDIDATE,hampel_7day,3,30000,30000,30000,464,464,0.015466666666666667,0.015466666666666667,f5932f325ec24b60048acb6f114d73ae2897e7f9f0a4b6c07f75a41a56557739,0,0,464,29536,REVIEW_FLAGS_ONLY_NO_AUTOMATIC_DELETION,464,464,0,True
TLL3005_CO2,TLL3005,CO2,HISTORICAL_HAMPEL_K3,hampel_7day,3,30000,23045,23045,435,435,0.018876111954870906,0.014500000000000001,e8a8f110e7a525ef5b3509c7fbb8e54474a28eca5a53143f07c0b2e2f39e4646,0,6955,435,22610,REVIEW_FLAGS_ONLY_NO_AUTOMATIC_DELETION,435,435,0,True
TLL3005_CO2,TLL3005,CO2,POST_EVALUATION_OPERATIONAL_CANDIDATE,hampel_7day,3,30000,23045,23045,435,435,0.018876111954870906,0.014500000000000001,e8a8f110e7a525ef5b3509c7fbb8e54474a28eca5a53143f07c0b2e2f39e4646,0,6955,435,22610,REVIEW_FLAGS_ONLY_NO_AUTOMATIC_DELETION,435,435,0,True
BRW4003_CO2,BRW4003,CO2,HISTORICAL_HAMPEL_K3,hampel_7day,3,30000,28483,28483,1420,1420,0.049854299055577013,0.047333333333333331,adf0edc770e59fc04929201d3c59ff96a77e49014ef2cd18c7cb51710649caa1,0,1517,1420,27063,REVIEW_FLAGS_ONLY_NO_AUTOMATIC_DELETION,1420,1420,0,True
BRW4003_CO2,BRW4003,CO2,POST_EVALUATION_OPERATIONAL_CANDIDATE,hampel_7day,3,30000,28483,28483,1420,1420,0.049854299055577013,0.047333333333333331,adf0edc770e59fc04929201d3c59ff96a77e49014ef2cd18c7cb51710649caa1,0,1517,1420,27063,REVIEW_FLAGS_ONLY_NO_AUTOMATIC_DELETION,1420,1420,0,True
JFJ6036_CO2,JFJ6036,CO2,HISTORICAL_HAMPEL_K3,hampel_7day,3,30000,28093,28093,947,947,0.033709464991278963,0.031566666666666666,014c5912cf7967a9bffbd2dffdcaf271ec8576842d92ca72735e11a414ad7cc6,0,1907,947,27146,REVIEW_FLAGS_ONLY_NO_AUTOMATIC_DELETION,947,947,0,True
JFJ6036_CO2,JFJ6036,CO2,POST_EVALUATION_OPERATIONAL_CANDIDATE,hampel_7day,3,30000,28093,28093,947,947,0.033709464991278963,0.031566666666666666,014c5912cf7967a9bffbd2dffdcaf271ec8576842d92ca72735e11a414ad7cc6,0,1907,947,27146,REVIEW_FLAGS_ONLY_NO_AUTOMATIC_DELETION,947,947,0,True
HAT2031_CH4,HAT2031,CH4,HISTORICAL_HAMPEL_K3,hampel_7day,3,30000,29724,29724,1806,1806,0.060758982640290671,0.060199999999999997,be72fde8ccd3529623199e3029e208eedbcccac9b84fa59aa2861d3c79e53e4a,0,276,1806,27918,REVIEW_FLAGS_ONLY_NO_AUTOMATIC_DELETION,1806,1806,0,True
HAT2031_CH4,HAT2031,CH4,POST_EVALUATION_OPERATIONAL_CANDIDATE,hampel_7day,3,30000,29724,29724,1806,1806,0.060758982640290671,0.060199999999999997,be72fde8ccd3529623199e3029e208eedbcccac9b84fa59aa2861d3c79e53e4a,0,276,1806,27918,REVIEW_FLAGS_ONLY_NO_AUTOMATIC_DELETION,1806,1806,0,True
HAT2031_CO2,HAT2031,CO2,HISTORICAL_HAMPEL_K3,hampel_7day,3,30000,27191,27191,1815,1815,0.066750027582656024,0.060499999999999998,58d00fe7a70e24f57f97b20b63e7b8191d4aaf9b19cd1e8258491cebe89c0a10,0,2809,1815,25376,REVIEW_FLAGS_ONLY_NO_AUTOMATIC_DELETION,1815,1815,0,True
HAT2031_CO2,HAT2031,CO2,POST_EVALUATION_OPERATIONAL_CANDIDATE,hampel_7day,3,30000,27191,27191,1815,1815,0.066750027582656024,0.060499999999999998,58d00fe7a70e24f57f97b20b63e7b8191d4aaf9b19cd1e8258491cebe89c0a10,0,2809,1815,25376,REVIEW_FLAGS_ONLY_NO_AUTOMATIC_DELETION,1815,1815,0,True
