within_month_threshold,station_qualified_month_fraction,retained_datasets,physical_stations,co2_datasets,ch4_datasets,paired_stations,regions,latitude_min,latitude_max,provider_valid_observations,median_provider_valid_fraction,south_america_retained,region_names,qualified_target_provider_valid_observations,co2_median_trend,co2_trend_shift_vs_all_candidates,co2_median_amplitude,co2_amplitude_shift_vs_all_candidates,ch4_median_trend,ch4_trend_shift_vs_all_candidates,ch4_median_amplitude,ch4_amplitude_shift_vs_all_candidates,co2_median_trend_RAW_HISTORICAL,co2_trend_shift_vs_all_candidates_RAW_HISTORICAL,ch4_median_trend_RAW_HISTORICAL,ch4_trend_shift_vs_all_candidates_RAW_HISTORICAL,primary_trend_estimator
0.7,0.6,30,17,16,14,13,7,-89.9969482422,71.3230133057,6186973,1.0,True,ANTARCTICA|REGION I (Africa)|REGION II (Asia)|REGION III (South America)|REGION IV (North and Central America)|REGION V (South-West Pacific)|REGION VI (Europe),2248184,2.5026058505381217,0,8.817133501941925,-0.6158668286115017,11.229644215595645,0.11037536436132456,40.348497638591766,-0.41098559311728877,2.454299908469556,0.004358410705764815,11.102530665018664,0.0014460200873234186,SEASONAL_SEN_POOLED
0.7,0.7,26,14,14,12,12,6,-89.9969482422,71.3230133057,5899223,1.0,False,ANTARCTICA|REGION I (Africa)|REGION II (Asia)|REGION IV (North and Central America)|REGION V (South-West Pacific)|REGION VI (Europe),2032585,2.5124547586699508,0.0098489081318291483,9.433000330553426,0.0,11.375326913401764,0.25605806216744398,36.304933161241934,-4.454550070467121,2.46273651444684,0.012795016683048832,11.151599700910797,0.05051505597945649,SEASONAL_SEN_POOLED
0.7,0.75,26,14,14,12,12,6,-89.9969482422,71.3230133057,5899223,1.0,False,ANTARCTICA|REGION I (Africa)|REGION II (Asia)|REGION IV (North and Central America)|REGION V (South-West Pacific)|REGION VI (Europe),2032585,2.5124547586699508,0.0098489081318291483,9.433000330553426,0.0,11.375326913401764,0.25605806216744398,36.304933161241934,-4.454550070467121,2.46273651444684,0.012795016683048832,11.151599700910797,0.05051505597945649,SEASONAL_SEN_POOLED
0.7,0.8,25,13,13,12,12,6,-89.9969482422,71.3230133057,5547178,1.0,False,ANTARCTICA|REGION I (Africa)|REGION II (Asia)|REGION IV (North and Central America)|REGION V (South-West Pacific)|REGION VI (Europe),1970621,2.5174417051871956,0.014835854649073887,9.490645514913808,0.05764518436038202,11.375326913401764,0.25605806216744398,36.304933161241934,-4.454550070467121,2.4695344468421565,0.019592949078365507,11.151599700910797,0.05051505597945649,SEASONAL_SEN_POOLED
0.7,0.9,20,11,10,10,9,6,-89.9969482422,71.3230133057,4775396,1.0,False,ANTARCTICA|REGION I (Africa)|REGION II (Asia)|REGION IV (North and Central America)|REGION V (South-West Pacific)|REGION VI (Europe),1611368,2.5162238551093496,0.013618004571227971,8.874778686302307,-0.5582216442511196,11.229644215595645,0.11037536436132456,40.37041933968271,-0.38906389202634273,2.454299908469556,0.004358410705764815,11.102530665018664,0.0014460200873234186,SEASONAL_SEN_POOLED
0.75,0.6,29,16,16,13,13,7,-89.9969482422,71.3230133057,6120511,1.0,True,ANTARCTICA|REGION I (Africa)|REGION II (Asia)|REGION III (South America)|REGION IV (North and Central America)|REGION V (South-West Pacific)|REGION VI (Europe),2166148,2.502398203297842,0,8.874778686302307,-0.6163691003693259,11.227770864993696,0.10850201375937552,39.93751204547448,-0.8658145884164696,2.4515801713457583,0.005813333143330546,11.103976685105987,0.04009892262512693,SEASONAL_SEN_POOLED
0.75,0.7,26,14,14,12,12,6,-89.9969482422,71.3230133057,5899223,1.0,False,ANTARCTICA|REGION I (Africa)|REGION II (Asia)|REGION IV (North and Central America)|REGION V (South-West Pacific)|REGION VI (Europe),2009347,2.5112935838718662,0.0088953805740241698,9.491147786671633,0.0,11.31456774698783,0.19529889575350978,38.933177546528555,-1.8701490873623925,2.4588933014284087,0.013126463225980878,11.143051298042785,0.07917353556192452,SEASONAL_SEN_POOLED
0.75,0.75,26,14,14,12,12,6,-89.9969482422,71.3230133057,5899223,1.0,False,ANTARCTICA|REGION I (Africa)|REGION II (Asia)|REGION IV (North and Central America)|REGION V (South-West Pacific)|REGION VI (Europe),2009347,2.5112935838718662,0.0088953805740241698,9.491147786671633,0.0,11.31456774698783,0.19529889575350978,38.933177546528555,-1.8701490873623925,2.4588933014284087,0.013126463225980878,11.143051298042785,0.07917353556192452,SEASONAL_SEN_POOLED
0.75,0.8,25,13,13,12,12,6,-89.9969482422,71.3230133057,5547178,1.0,False,ANTARCTICA|REGION I (Africa)|REGION II (Asia)|REGION IV (North and Central America)|REGION V (South-West Pacific)|REGION VI (Europe),1949917,2.5178575405341688,0.015459337236326753,9.491650058429457,0.0005022717578242464,11.31456774698783,0.19529889575350978,38.933177546528555,-1.8701490873623925,2.461848020805294,0.016081182602866395,11.143051298042785,0.07917353556192452,SEASONAL_SEN_POOLED
0.75,0.9,18,10,9,9,8,5,-89.9969482422,71.3230133057,4602170,1.0,False,ANTARCTICA|REGION II (Asia)|REGION IV (North and Central America)|REGION V (South-West Pacific)|REGION VI (Europe),1449137,2.5249798980659932,0.022581694768151195,9.490645514913808,-0.0005022717578242464,11.227770864993696,0.10850201375937552,40.80332663389095,0.0,2.4472217606399935,0.001454922437565731,11.041848193733731,-0.022029568747129247,SEASONAL_SEN_POOLED
0.8,0.6,28,15,15,13,13,7,-89.9969482422,71.3230133057,6058696,1.0,True,ANTARCTICA|REGION I (Africa)|REGION II (Asia)|REGION III (South America)|REGION IV (North and Central America)|REGION V (South-West Pacific)|REGION VI (Europe),2075887,2.5005112552971074,0.00022223795549347614,9.490645514913808,0.0,11.323780820491356,0.20451196925703563,40.00486859550006,0.0,2.4641980332781372,0.005111968631871022,11.106537581411967,0.002560896305979554,SEASONAL_SEN_POOLED
0.8,0.7,25,13,13,12,12,6,-89.9969482422,71.3230133057,5547178,1.0,False,ANTARCTICA|REGION I (Africa)|REGION II (Asia)|REGION IV (North and Central America)|REGION V (South-West Pacific)|REGION VI (Europe),1918992,2.5094391761873851,0.0091501588457711946,10.687555164842365,1.196909649928557,11.332049025845706,0.21278017461138532,36.74935147347901,-3.255517122021047,2.465112661993132,0.006026597346865614,11.113584129809654,0.009607444703666701,SEASONAL_SEN_POOLED
0.8,0.75,25,13,13,12,12,6,-89.9969482422,71.3230133057,5547178,1.0,False,ANTARCTICA|REGION I (Africa)|REGION II (Asia)|REGION IV (North and Central America)|REGION V (South-West Pacific)|REGION VI (Europe),1918992,2.5094391761873851,0.0091501588457711946,10.687555164842365,1.196909649928557,11.332049025845706,0.21278017461138532,36.74935147347901,-3.255517122021047,2.465112661993132,0.006026597346865614,11.113584129809654,0.009607444703666701,SEASONAL_SEN_POOLED
0.8,0.8,23,12,12,11,11,6,-89.9969482422,71.3230133057,5198385,1.0,False,ANTARCTICA|REGION I (Africa)|REGION II (Asia)|REGION IV (North and Central America)|REGION V (South-West Pacific)|REGION VI (Europe),1790239,2.517283307868412,0.016994290526798128,10.089100339878087,0.5984548249642785,11.323780820491356,0.20451196925703563,40.00486859550006,0.0,2.472886626961412,0.013800562315145815,11.106537581411967,0.002560896305979554,SEASONAL_SEN_POOLED
0.8,0.9,16,9,8,8,7,5,-89.9969482422,71.3230133057,4045745,1.0,False,ANTARCTICA|REGION II (Asia)|REGION IV (North and Central America)|REGION V (South-West Pacific)|REGION VI (Europe),1284766,2.5128193474232732,0.012530330081659269,8.99208710350598,-0.49855841140782786,11.221524835862837,0.10225598462851693,40.4040976146955,0.3992290191954453,2.4537266540211817,-0.005359410625084493,11.094752711456074,-0.00922397364991312,SEASONAL_SEN_POOLED
0.9,0.6,25,13,13,12,12,6,-89.9969482422,71.3230133057,5547178,1.0,False,ANTARCTICA|REGION I (Africa)|REGION II (Asia)|REGION IV (North and Central America)|REGION V (South-West Pacific)|REGION VI (Europe),1738882,2.5047296272095636,0.01508251255854498,10.025314598503428,0.1571504871471916,11.2834361251041,0.1059415005505393,39.127873982912774,-2.505680059556539,2.4522563216221833,0.010410545700684004,11.131796400781525,0.020479120866378153,SEASONAL_SEN_POOLED
0.9,0.7,22,12,12,10,10,6,-89.9969482422,71.3230133057,4988577,1.0,False,ANTARCTICA|REGION I (Africa)|REGION II (Asia)|REGION IV (North and Central America)|REGION V (South-West Pacific)|REGION VI (Europe),1570483,2.5113173864295133,0.021670271778494676,9.868164111356236,0.0,11.221135453693464,0.043640829139903303,39.127873982912774,-2.505680059556539,2.4645250088313047,0.022679232909805336,11.107646982510566,-0.0036702974045805803,SEASONAL_SEN_POOLED
0.9,0.75,19,11,11,8,8,6,-89.9969482422,71.3230133057,4525162,1.0,False,ANTARCTICA|REGION I (Africa)|REGION II (Asia)|REGION IV (North and Central America)|REGION V (South-West Pacific)|REGION VI (Europe),1381710,2.5047296272095636,0.01508251255854498,9.711013624209045,-0.1571504871471916,11.221135453693464,0.043640829139903303,39.127873982912774,-2.505680059556539,2.4522563216221833,0.010410545700684004,11.107646982510566,-0.0036702974045805803,SEASONAL_SEN_POOLED
0.9,0.8,14,9,8,6,5,5,-89.9969482422,71.3230133057,3620730,1.0,False,ANTARCTICA|REGION II (Asia)|REGION IV (North and Central America)|REGION V (South-West Pacific)|REGION VI (Europe),1052784,2.5113173864295133,0.021670271778494676,9.868164111356236,0.0,11.2834361251041,0.1059415005505393,34.339681238208755,-7.293872804260559,2.4479683492091517,0.006122573287652422,11.107646982510566,-0.0036702974045805803,SEASONAL_SEN_POOLED
0.9,0.9,5,4,2,3,1,4,-89.9969482422,71.3230133057,1206121,1.0,False,ANTARCTICA|REGION II (Asia)|REGION IV (North and Central America)|REGION VI (Europe),399216,2.448884893914161,-0.040762220736857646,7.232611283019679,-2.6355528283365572,11.302095967374832,0.124601342821272,42.030226161632754,0.3966721191634406,2.4060307777259577,-0.03581499819554157,11.111317279915147,0.0,SEASONAL_SEN_POOLED
