gas,gap_hours,analysis_type,identity,block_unit,unique_physical_stations,resampled_blocks,point_estimate,ci_lower,ci_upper,replicates,station_block_status,seed,interval_scope
CH4,1,METHOD,linear,PHYSICAL_STATION_PRIMARY,4,4,0.45437499999997044,0.32499999999998863,0.75649999999995998,5000,AVAILABLE_REPRESENTATIVE_DESIGN,17049108357769317794,DESCRIPTIVE_NOT_SIMULTANEOUS_FAMILYWISE
CH4,1,METHOD,local_level_kalman,PHYSICAL_STATION_PRIMARY,4,4,0.93365203710720834,0.57656839407377447,1.8786556990605732,5000,AVAILABLE_REPRESENTATIVE_DESIGN,288250586055621380,DESCRIPTIVE_NOT_SIMULTANEOUS_FAMILYWISE
CH4,1,METHOD,pchip,PHYSICAL_STATION_PRIMARY,4,4,0.47668947253112037,0.33266714911923145,0.71114620252160421,5000,AVAILABLE_REPRESENTATIVE_DESIGN,13220255243295130065,DESCRIPTIVE_NOT_SIMULTANEOUS_FAMILYWISE
CH4,1,METHOD,seasonal_median,PHYSICAL_STATION_PRIMARY,4,4,4.7649999999999579,3.1550000000000296,31.484499999999912,5000,AVAILABLE_REPRESENTATIVE_DESIGN,5021102071322769073,DESCRIPTIVE_NOT_SIMULTANEOUS_FAMILYWISE
CH4,1,METHOD,seasonal_residual_linear,PHYSICAL_STATION_PRIMARY,4,4,0.62312499999998749,0.35187500000006366,1.53712500000006,5000,AVAILABLE_REPRESENTATIVE_DESIGN,11497058983629996884,DESCRIPTIVE_NOT_SIMULTANEOUS_FAMILYWISE
CH4,3,METHOD,linear,PHYSICAL_STATION_PRIMARY,4,4,0.85214965824080546,0.69665840770695842,1.3081435268325781,5000,AVAILABLE_REPRESENTATIVE_DESIGN,14324991572399524066,DESCRIPTIVE_NOT_SIMULTANEOUS_FAMILYWISE
CH4,3,METHOD,local_level_kalman,PHYSICAL_STATION_PRIMARY,4,4,1.2353303864254224,0.94094324213390368,1.9674473269213082,5000,AVAILABLE_REPRESENTATIVE_DESIGN,12701058065056746050,DESCRIPTIVE_NOT_SIMULTANEOUS_FAMILYWISE
CH4,3,METHOD,pchip,PHYSICAL_STATION_PRIMARY,4,4,0.85055535652871994,0.67162145943202822,1.4270108273094051,5000,AVAILABLE_REPRESENTATIVE_DESIGN,4983365358221571327,DESCRIPTIVE_NOT_SIMULTANEOUS_FAMILYWISE
CH4,3,METHOD,seasonal_median,PHYSICAL_STATION_PRIMARY,4,4,5.7902138496186266,2.991398119269383,29.674875279060711,5000,AVAILABLE_REPRESENTATIVE_DESIGN,645232507423715698,DESCRIPTIVE_NOT_SIMULTANEOUS_FAMILYWISE
CH4,3,METHOD,seasonal_residual_linear,PHYSICAL_STATION_PRIMARY,4,4,1.0242163761749632,0.89426233028806368,1.9643480034285981,5000,AVAILABLE_REPRESENTATIVE_DESIGN,4111161950546941396,DESCRIPTIVE_NOT_SIMULTANEOUS_FAMILYWISE
CH4,6,METHOD,linear,PHYSICAL_STATION_PRIMARY,4,4,1.3723200285575141,1.1184494182679352,2.3170807606339512,5000,AVAILABLE_REPRESENTATIVE_DESIGN,9506913023341457096,DESCRIPTIVE_NOT_SIMULTANEOUS_FAMILYWISE
CH4,6,METHOD,local_level_kalman,PHYSICAL_STATION_PRIMARY,4,4,1.7745379361271998,1.0589326793549692,3.7527124768777043,5000,AVAILABLE_REPRESENTATIVE_DESIGN,14272651332418901985,DESCRIPTIVE_NOT_SIMULTANEOUS_FAMILYWISE
CH4,6,METHOD,pchip,PHYSICAL_STATION_PRIMARY,4,4,1.3354267811663516,1.1307721872289886,2.1152595788515884,5000,AVAILABLE_REPRESENTATIVE_DESIGN,15163370354506194444,DESCRIPTIVE_NOT_SIMULTANEOUS_FAMILYWISE
CH4,6,METHOD,seasonal_median,PHYSICAL_STATION_PRIMARY,4,4,6.3493392108349811,3.7848631919200795,30.57746636095586,5000,AVAILABLE_REPRESENTATIVE_DESIGN,13512637602458112207,DESCRIPTIVE_NOT_SIMULTANEOUS_FAMILYWISE
CH4,6,METHOD,seasonal_residual_linear,PHYSICAL_STATION_PRIMARY,4,4,1.5415498797135871,1.2760576698252475,2.8433633227512916,5000,AVAILABLE_REPRESENTATIVE_DESIGN,8795408832982975415,DESCRIPTIVE_NOT_SIMULTANEOUS_FAMILYWISE
CH4,12,METHOD,linear,PHYSICAL_STATION_PRIMARY,4,4,1.9568393674000983,1.0796676210138179,4.0384340742244138,5000,AVAILABLE_REPRESENTATIVE_DESIGN,2772219885360374814,DESCRIPTIVE_NOT_SIMULTANEOUS_FAMILYWISE
CH4,12,METHOD,local_level_kalman,PHYSICAL_STATION_PRIMARY,4,4,2.3357529849275491,1.5370534947312837,6.1715648829042404,5000,AVAILABLE_REPRESENTATIVE_DESIGN,17097140169198711632,DESCRIPTIVE_NOT_SIMULTANEOUS_FAMILYWISE
CH4,12,METHOD,pchip,PHYSICAL_STATION_PRIMARY,4,4,1.9672550101406396,1.1582374814181491,4.0921896101847208,5000,AVAILABLE_REPRESENTATIVE_DESIGN,3248878131407784727,DESCRIPTIVE_NOT_SIMULTANEOUS_FAMILYWISE
CH4,12,METHOD,seasonal_median,PHYSICAL_STATION_PRIMARY,4,4,6.3987720598479525,3.1719569836411043,39.455176914729961,5000,AVAILABLE_REPRESENTATIVE_DESIGN,782052676667919404,DESCRIPTIVE_NOT_SIMULTANEOUS_FAMILYWISE
CH4,12,METHOD,seasonal_residual_linear,PHYSICAL_STATION_PRIMARY,4,4,1.8315220658462588,1.1974571598912656,4.1928193156504552,5000,AVAILABLE_REPRESENTATIVE_DESIGN,16266068155665250824,DESCRIPTIVE_NOT_SIMULTANEOUS_FAMILYWISE
CH4,24,METHOD,linear,PHYSICAL_STATION_PRIMARY,4,4,2.7518096954654547,2.0578918080726551,6.6540977100820164,5000,AVAILABLE_REPRESENTATIVE_DESIGN,12290796422490699244,DESCRIPTIVE_NOT_SIMULTANEOUS_FAMILYWISE
CH4,24,METHOD,local_level_kalman,PHYSICAL_STATION_PRIMARY,4,4,3.0402853345768586,1.9816240889790024,8.7826013604729578,5000,AVAILABLE_REPRESENTATIVE_DESIGN,11075535544262099220,DESCRIPTIVE_NOT_SIMULTANEOUS_FAMILYWISE
CH4,24,METHOD,pchip,PHYSICAL_STATION_PRIMARY,4,4,2.6293553391933009,1.8134666606859446,6.6357292343023317,5000,AVAILABLE_REPRESENTATIVE_DESIGN,7612036642313542207,DESCRIPTIVE_NOT_SIMULTANEOUS_FAMILYWISE
CH4,24,METHOD,seasonal_median,PHYSICAL_STATION_PRIMARY,4,4,6.6815617368913109,3.7745417907076564,24.356055321639925,5000,AVAILABLE_REPRESENTATIVE_DESIGN,1386100107567092750,DESCRIPTIVE_NOT_SIMULTANEOUS_FAMILYWISE
CH4,24,METHOD,seasonal_residual_linear,PHYSICAL_STATION_PRIMARY,4,4,2.5665691410630602,2.003152244246261,7.615509948254676,5000,AVAILABLE_REPRESENTATIVE_DESIGN,1090767718074543137,DESCRIPTIVE_NOT_SIMULTANEOUS_FAMILYWISE
CH4,48,METHOD,linear,PHYSICAL_STATION_PRIMARY,4,4,9.2595975417506473,3.309768860101844,17.690554532907072,5000,AVAILABLE_REPRESENTATIVE_DESIGN,13278984162577280480,DESCRIPTIVE_NOT_SIMULTANEOUS_FAMILYWISE
CH4,48,METHOD,local_level_kalman,PHYSICAL_STATION_PRIMARY,4,4,6.9263789721656517,3.6485877924560035,15.862904584308886,5000,AVAILABLE_REPRESENTATIVE_DESIGN,846972975639898935,DESCRIPTIVE_NOT_SIMULTANEOUS_FAMILYWISE
CH4,48,METHOD,pchip,PHYSICAL_STATION_PRIMARY,4,4,8.7555205158096996,3.3575484346901523,17.899804623748118,5000,AVAILABLE_REPRESENTATIVE_DESIGN,7576968331432537427,DESCRIPTIVE_NOT_SIMULTANEOUS_FAMILYWISE
CH4,48,METHOD,seasonal_median,PHYSICAL_STATION_PRIMARY,4,4,5.9661882507065984,4.758081928215705,34.42355996428293,5000,AVAILABLE_REPRESENTATIVE_DESIGN,2931159924101084523,DESCRIPTIVE_NOT_SIMULTANEOUS_FAMILYWISE
CH4,48,METHOD,seasonal_residual_linear,PHYSICAL_STATION_PRIMARY,4,4,9.6706272802003355,3.036698178993209,18.113464827537108,5000,AVAILABLE_REPRESENTATIVE_DESIGN,15240167207186946947,DESCRIPTIVE_NOT_SIMULTANEOUS_FAMILYWISE
CH4,72,METHOD,linear,PHYSICAL_STATION_PRIMARY,4,4,9.014887089388953,2.8614509394584147,19.793700283689315,5000,AVAILABLE_REPRESENTATIVE_DESIGN,10567097247899093403,DESCRIPTIVE_NOT_SIMULTANEOUS_FAMILYWISE
CH4,72,METHOD,local_level_kalman,PHYSICAL_STATION_PRIMARY,4,4,9.062016665549308,3.0566354204706103,20.423182203571614,5000,AVAILABLE_REPRESENTATIVE_DESIGN,17303550210595357138,DESCRIPTIVE_NOT_SIMULTANEOUS_FAMILYWISE
CH4,72,METHOD,pchip,PHYSICAL_STATION_PRIMARY,4,4,8.6247273769917445,3.3441117657820363,21.497948864546323,5000,AVAILABLE_REPRESENTATIVE_DESIGN,17173938505547175886,DESCRIPTIVE_NOT_SIMULTANEOUS_FAMILYWISE
CH4,72,METHOD,seasonal_median,PHYSICAL_STATION_PRIMARY,4,4,9.1288425927592414,3.9533034270229068,36.472956990486409,5000,AVAILABLE_REPRESENTATIVE_DESIGN,9973707173686760330,DESCRIPTIVE_NOT_SIMULTANEOUS_FAMILYWISE
CH4,72,METHOD,seasonal_residual_linear,PHYSICAL_STATION_PRIMARY,4,4,9.029022289531019,2.741951455985963,20.315602629658478,5000,AVAILABLE_REPRESENTATIVE_DESIGN,9837907006985430724,DESCRIPTIVE_NOT_SIMULTANEOUS_FAMILYWISE
CO2,1,METHOD,linear,PHYSICAL_STATION_PRIMARY,3,3,0.067500000000009663,0.050000000000011369,0.4498750000000058,5000,AVAILABLE_REPRESENTATIVE_DESIGN,10130403836950637512,DESCRIPTIVE_NOT_SIMULTANEOUS_FAMILYWISE
CO2,1,METHOD,local_level_kalman,PHYSICAL_STATION_PRIMARY,3,3,0.097197655775474345,0.09581424958162188,1.1497339786259886,5000,AVAILABLE_REPRESENTATIVE_DESIGN,80474667840259390,DESCRIPTIVE_NOT_SIMULTANEOUS_FAMILYWISE
CO2,1,METHOD,pchip,PHYSICAL_STATION_PRIMARY,3,3,0.062940164674046173,0.046270340231558293,0.448780854052103,5000,AVAILABLE_REPRESENTATIVE_DESIGN,6185457693974773178,DESCRIPTIVE_NOT_SIMULTANEOUS_FAMILYWISE
CO2,1,METHOD,seasonal_median,PHYSICAL_STATION_PRIMARY,3,3,0.57499999999998863,0.54624999999998636,1.1869999999999834,5000,AVAILABLE_REPRESENTATIVE_DESIGN,137904125941602420,DESCRIPTIVE_NOT_SIMULTANEOUS_FAMILYWISE
CO2,1,METHOD,seasonal_residual_linear,PHYSICAL_STATION_PRIMARY,3,3,0.10062500000005059,0.05124999999998181,0.44275000000003217,5000,AVAILABLE_REPRESENTATIVE_DESIGN,13686229602411309348,DESCRIPTIVE_NOT_SIMULTANEOUS_FAMILYWISE
CO2,3,METHOD,linear,PHYSICAL_STATION_PRIMARY,3,3,0.12315767904108568,0.070393855369018543,0.71336718699809021,5000,AVAILABLE_REPRESENTATIVE_DESIGN,8977647330171640363,DESCRIPTIVE_NOT_SIMULTANEOUS_FAMILYWISE
CO2,3,METHOD,local_level_kalman,PHYSICAL_STATION_PRIMARY,3,3,0.19781202949653162,0.098692378635231837,1.6145215778524982,5000,AVAILABLE_REPRESENTATIVE_DESIGN,13924515584031771134,DESCRIPTIVE_NOT_SIMULTANEOUS_FAMILYWISE
CO2,3,METHOD,pchip,PHYSICAL_STATION_PRIMARY,3,3,0.12199300557729804,0.064297863776225858,0.73789658913173473,5000,AVAILABLE_REPRESENTATIVE_DESIGN,5645996953526671194,DESCRIPTIVE_NOT_SIMULTANEOUS_FAMILYWISE
CO2,3,METHOD,seasonal_median,PHYSICAL_STATION_PRIMARY,3,3,0.62732025858126328,0.53087674188065614,1.5599652025813111,5000,AVAILABLE_REPRESENTATIVE_DESIGN,16617354421425878779,DESCRIPTIVE_NOT_SIMULTANEOUS_FAMILYWISE
CO2,3,METHOD,seasonal_residual_linear,PHYSICAL_STATION_PRIMARY,3,3,0.15381042500649145,0.1260716822090267,0.8004641138334494,5000,AVAILABLE_REPRESENTATIVE_DESIGN,12051453430643600803,DESCRIPTIVE_NOT_SIMULTANEOUS_FAMILYWISE
CO2,6,METHOD,linear,PHYSICAL_STATION_PRIMARY,3,3,0.15902159699407453,0.093566167841337505,0.92227644439933654,5000,AVAILABLE_REPRESENTATIVE_DESIGN,2625214325158938561,DESCRIPTIVE_NOT_SIMULTANEOUS_FAMILYWISE
CO2,6,METHOD,local_level_kalman,PHYSICAL_STATION_PRIMARY,3,3,0.18915544019386143,0.14041895196169996,2.0195247063150448,5000,AVAILABLE_REPRESENTATIVE_DESIGN,10858181631498394441,DESCRIPTIVE_NOT_SIMULTANEOUS_FAMILYWISE
CO2,6,METHOD,pchip,PHYSICAL_STATION_PRIMARY,3,3,0.16093714177973031,0.081383484267492673,0.8804928450644085,5000,AVAILABLE_REPRESENTATIVE_DESIGN,13958714784712939405,DESCRIPTIVE_NOT_SIMULTANEOUS_FAMILYWISE
CO2,6,METHOD,seasonal_median,PHYSICAL_STATION_PRIMARY,3,3,0.67181213046786548,0.5578581087475375,1.5752253029175711,5000,AVAILABLE_REPRESENTATIVE_DESIGN,18068972971818564646,DESCRIPTIVE_NOT_SIMULTANEOUS_FAMILYWISE
CO2,6,METHOD,seasonal_residual_linear,PHYSICAL_STATION_PRIMARY,3,3,0.1460193827745811,0.13901812518489898,1.1186328923120039,5000,AVAILABLE_REPRESENTATIVE_DESIGN,15542736796951204060,DESCRIPTIVE_NOT_SIMULTANEOUS_FAMILYWISE
CO2,12,METHOD,linear,PHYSICAL_STATION_PRIMARY,3,3,0.20920620422718841,0.10947142884225954,1.7585313010176171,5000,AVAILABLE_REPRESENTATIVE_DESIGN,3119429867003236046,DESCRIPTIVE_NOT_SIMULTANEOUS_FAMILYWISE
CO2,12,METHOD,local_level_kalman,PHYSICAL_STATION_PRIMARY,3,3,0.21656422957035931,0.208159881052037,2.8409672689813981,5000,AVAILABLE_REPRESENTATIVE_DESIGN,6495091148177861024,DESCRIPTIVE_NOT_SIMULTANEOUS_FAMILYWISE
CO2,12,METHOD,pchip,PHYSICAL_STATION_PRIMARY,3,3,0.2115024332017828,0.1067809012450109,1.6248920700950595,5000,AVAILABLE_REPRESENTATIVE_DESIGN,8038193819247288954,DESCRIPTIVE_NOT_SIMULTANEOUS_FAMILYWISE
CO2,12,METHOD,seasonal_median,PHYSICAL_STATION_PRIMARY,3,3,0.71402467707201578,0.54447776322338193,1.6355611352893593,5000,AVAILABLE_REPRESENTATIVE_DESIGN,18137688001702165526,DESCRIPTIVE_NOT_SIMULTANEOUS_FAMILYWISE
CO2,12,METHOD,seasonal_residual_linear,PHYSICAL_STATION_PRIMARY,3,3,0.20196247014173668,0.1764651734992197,1.4130942955613242,5000,AVAILABLE_REPRESENTATIVE_DESIGN,1679103312125692204,DESCRIPTIVE_NOT_SIMULTANEOUS_FAMILYWISE
CO2,24,METHOD,linear,PHYSICAL_STATION_PRIMARY,3,3,0.42191259153458682,0.29692332360064166,3.0201181894760678,5000,AVAILABLE_REPRESENTATIVE_DESIGN,5247305572738188813,DESCRIPTIVE_NOT_SIMULTANEOUS_FAMILYWISE
CO2,24,METHOD,local_level_kalman,PHYSICAL_STATION_PRIMARY,3,3,0.43493004566303972,0.29405632635512957,2.5485164597479271,5000,AVAILABLE_REPRESENTATIVE_DESIGN,5950785557355525230,DESCRIPTIVE_NOT_SIMULTANEOUS_FAMILYWISE
CO2,24,METHOD,pchip,PHYSICAL_STATION_PRIMARY,3,3,0.39044693941370989,0.30711085809384597,3.133740599670177,5000,AVAILABLE_REPRESENTATIVE_DESIGN,8018253095136181657,DESCRIPTIVE_NOT_SIMULTANEOUS_FAMILYWISE
CO2,24,METHOD,seasonal_median,PHYSICAL_STATION_PRIMARY,3,3,0.67786396929001103,0.60086070747937648,1.5358313657793339,5000,AVAILABLE_REPRESENTATIVE_DESIGN,9884306789072446553,DESCRIPTIVE_NOT_SIMULTANEOUS_FAMILYWISE
CO2,24,METHOD,seasonal_residual_linear,PHYSICAL_STATION_PRIMARY,3,3,0.36659839415235651,0.24725116580370857,1.7034304485234735,5000,AVAILABLE_REPRESENTATIVE_DESIGN,17752239437612550561,DESCRIPTIVE_NOT_SIMULTANEOUS_FAMILYWISE
CO2,48,METHOD,linear,PHYSICAL_STATION_PRIMARY,3,3,1.0026798461359012,0.32112008392089231,3.1438062341875628,5000,AVAILABLE_REPRESENTATIVE_DESIGN,11142540353283121687,DESCRIPTIVE_NOT_SIMULTANEOUS_FAMILYWISE
CO2,48,METHOD,local_level_kalman,PHYSICAL_STATION_PRIMARY,3,3,1.212631897043456,0.38033556060316498,2.9595262547747021,5000,AVAILABLE_REPRESENTATIVE_DESIGN,5526192406768806273,DESCRIPTIVE_NOT_SIMULTANEOUS_FAMILYWISE
CO2,48,METHOD,pchip,PHYSICAL_STATION_PRIMARY,3,3,0.89002467455360246,0.28604309348320078,3.2774043812984042,5000,AVAILABLE_REPRESENTATIVE_DESIGN,4143272463020830992,DESCRIPTIVE_NOT_SIMULTANEOUS_FAMILYWISE
CO2,48,METHOD,seasonal_median,PHYSICAL_STATION_PRIMARY,3,3,0.98612612004113054,0.57815182282653865,1.8294891910709661,5000,AVAILABLE_REPRESENTATIVE_DESIGN,9957130687843483937,DESCRIPTIVE_NOT_SIMULTANEOUS_FAMILYWISE
CO2,48,METHOD,seasonal_residual_linear,PHYSICAL_STATION_PRIMARY,3,3,0.95961949612191355,0.27517096578674333,2.0534558731321906,5000,AVAILABLE_REPRESENTATIVE_DESIGN,3962903239106943871,DESCRIPTIVE_NOT_SIMULTANEOUS_FAMILYWISE
CO2,72,METHOD,linear,PHYSICAL_STATION_PRIMARY,3,3,1.3644102752006302,0.42716886664700704,3.5259722104135687,5000,AVAILABLE_REPRESENTATIVE_DESIGN,12531419761999429870,DESCRIPTIVE_NOT_SIMULTANEOUS_FAMILYWISE
CO2,72,METHOD,local_level_kalman,PHYSICAL_STATION_PRIMARY,3,3,1.3050515304291386,0.4197203292221342,3.2535534353445099,5000,AVAILABLE_REPRESENTATIVE_DESIGN,3405969272489427929,DESCRIPTIVE_NOT_SIMULTANEOUS_FAMILYWISE
CO2,72,METHOD,pchip,PHYSICAL_STATION_PRIMARY,3,3,1.331642224108212,0.47559574641933111,3.3854798014609848,5000,AVAILABLE_REPRESENTATIVE_DESIGN,15826533891824514020,DESCRIPTIVE_NOT_SIMULTANEOUS_FAMILYWISE
CO2,72,METHOD,seasonal_median,PHYSICAL_STATION_PRIMARY,3,3,1.0578091102674705,0.57101530233233067,2.1719512277196436,5000,AVAILABLE_REPRESENTATIVE_DESIGN,570572578685940674,DESCRIPTIVE_NOT_SIMULTANEOUS_FAMILYWISE
CO2,72,METHOD,seasonal_residual_linear,PHYSICAL_STATION_PRIMARY,3,3,1.2895836883138903,0.45582306933359068,2.3446961049725239,5000,AVAILABLE_REPRESENTATIVE_DESIGN,5932486253909396018,DESCRIPTIVE_NOT_SIMULTANEOUS_FAMILYWISE
CH4,1,METHOD,linear,STRATUM_BLOCK_SENSITIVITY,4,8,0.51375000000007276,0.39499999999986812,0.75649999999995998,5000,STRATUM_BLOCK_SENSITIVITY,4755457091385450314,DESCRIPTIVE_NOT_SIMULTANEOUS_FAMILYWISE
CH4,1,METHOD,local_level_kalman,STRATUM_BLOCK_SENSITIVITY,4,8,1.1141337959593329,0.7446266306628786,1.8786556990605732,5000,STRATUM_BLOCK_SENSITIVITY,7246897320682473653,DESCRIPTIVE_NOT_SIMULTANEOUS_FAMILYWISE
CH4,1,METHOD,pchip,STRATUM_BLOCK_SENSITIVITY,4,8,0.46330007858699673,0.41331373172272379,0.70169018612978107,5000,STRATUM_BLOCK_SENSITIVITY,12936218028761242617,DESCRIPTIVE_NOT_SIMULTANEOUS_FAMILYWISE
CH4,1,METHOD,seasonal_median,STRATUM_BLOCK_SENSITIVITY,4,8,6.0999999999999659,3.3225000000001046,31.484499999999912,5000,STRATUM_BLOCK_SENSITIVITY,12631098630357109806,DESCRIPTIVE_NOT_SIMULTANEOUS_FAMILYWISE
CH4,1,METHOD,seasonal_residual_linear,STRATUM_BLOCK_SENSITIVITY,4,8,0.70999999999986585,0.51750000000015461,1.53712500000006,5000,STRATUM_BLOCK_SENSITIVITY,16193866355788019489,DESCRIPTIVE_NOT_SIMULTANEOUS_FAMILYWISE
CH4,3,METHOD,linear,STRATUM_BLOCK_SENSITIVITY,4,8,0.84190925306322417,0.68474885287272413,1.3081435268325781,5000,STRATUM_BLOCK_SENSITIVITY,1467478275415712975,DESCRIPTIVE_NOT_SIMULTANEOUS_FAMILYWISE
CH4,3,METHOD,local_level_kalman,STRATUM_BLOCK_SENSITIVITY,4,8,1.3051256412326044,0.94094324213390368,1.9674473269213082,5000,STRATUM_BLOCK_SENSITIVITY,834186734386764707,DESCRIPTIVE_NOT_SIMULTANEOUS_FAMILYWISE
CH4,3,METHOD,pchip,STRATUM_BLOCK_SENSITIVITY,4,8,0.90955202272533242,0.61733174070933894,1.4270108273094051,5000,STRATUM_BLOCK_SENSITIVITY,17626091559898471004,DESCRIPTIVE_NOT_SIMULTANEOUS_FAMILYWISE
CH4,3,METHOD,seasonal_median,STRATUM_BLOCK_SENSITIVITY,4,8,6.6781639682061869,3.5670123839229873,29.674875279060711,5000,STRATUM_BLOCK_SENSITIVITY,17422747837622087908,DESCRIPTIVE_NOT_SIMULTANEOUS_FAMILYWISE
CH4,3,METHOD,seasonal_residual_linear,STRATUM_BLOCK_SENSITIVITY,4,8,1.0555016910896236,1.0031903330785341,1.9643480034285981,5000,STRATUM_BLOCK_SENSITIVITY,9882715930317566518,DESCRIPTIVE_NOT_SIMULTANEOUS_FAMILYWISE
CH4,6,METHOD,linear,STRATUM_BLOCK_SENSITIVITY,4,8,1.4281964163877907,1.1184494182679352,2.3170807606339512,5000,STRATUM_BLOCK_SENSITIVITY,3126104549648698728,DESCRIPTIVE_NOT_SIMULTANEOUS_FAMILYWISE
CH4,6,METHOD,local_level_kalman,STRATUM_BLOCK_SENSITIVITY,4,8,1.8925004903606137,1.2544325479901786,3.7527124768777043,5000,STRATUM_BLOCK_SENSITIVITY,18369796862993972284,DESCRIPTIVE_NOT_SIMULTANEOUS_FAMILYWISE
CH4,6,METHOD,pchip,STRATUM_BLOCK_SENSITIVITY,4,8,1.5352707050865599,1.1307721872289886,2.1152595788515884,5000,STRATUM_BLOCK_SENSITIVITY,14215919695929756660,DESCRIPTIVE_NOT_SIMULTANEOUS_FAMILYWISE
CH4,6,METHOD,seasonal_median,STRATUM_BLOCK_SENSITIVITY,4,8,7.2811636025384816,4.3662538322975193,30.57746636095586,5000,STRATUM_BLOCK_SENSITIVITY,12382287893147585133,DESCRIPTIVE_NOT_SIMULTANEOUS_FAMILYWISE
CH4,6,METHOD,seasonal_residual_linear,STRATUM_BLOCK_SENSITIVITY,4,8,1.7540359500310529,1.2760576698252475,2.8433633227512916,5000,STRATUM_BLOCK_SENSITIVITY,8378879084714811815,DESCRIPTIVE_NOT_SIMULTANEOUS_FAMILYWISE
CH4,12,METHOD,linear,STRATUM_BLOCK_SENSITIVITY,4,8,2.1853162145623282,1.1733416996881911,4.0384340742244138,5000,STRATUM_BLOCK_SENSITIVITY,11502216471762969488,DESCRIPTIVE_NOT_SIMULTANEOUS_FAMILYWISE
CH4,12,METHOD,local_level_kalman,STRATUM_BLOCK_SENSITIVITY,4,8,2.429734842510396,1.5370534947312837,6.1715648829042404,5000,STRATUM_BLOCK_SENSITIVITY,16574576623121903518,DESCRIPTIVE_NOT_SIMULTANEOUS_FAMILYWISE
CH4,12,METHOD,pchip,STRATUM_BLOCK_SENSITIVITY,4,8,2.1615206231911523,1.1376008109277929,4.0921896101847208,5000,STRATUM_BLOCK_SENSITIVITY,16228948955728958054,DESCRIPTIVE_NOT_SIMULTANEOUS_FAMILYWISE
CH4,12,METHOD,seasonal_median,STRATUM_BLOCK_SENSITIVITY,4,8,7.4639921292540024,3.6013148280339782,39.455176914729961,5000,STRATUM_BLOCK_SENSITIVITY,14066917605039162669,DESCRIPTIVE_NOT_SIMULTANEOUS_FAMILYWISE
CH4,12,METHOD,seasonal_residual_linear,STRATUM_BLOCK_SENSITIVITY,4,8,2.2198237681280006,1.2256841837574695,4.1928193156504552,5000,STRATUM_BLOCK_SENSITIVITY,7700330187759335920,DESCRIPTIVE_NOT_SIMULTANEOUS_FAMILYWISE
CH4,24,METHOD,linear,STRATUM_BLOCK_SENSITIVITY,4,8,2.9567755422740052,2.4279787547121288,6.6540977100820164,5000,STRATUM_BLOCK_SENSITIVITY,14522257393395423346,DESCRIPTIVE_NOT_SIMULTANEOUS_FAMILYWISE
CH4,24,METHOD,local_level_kalman,STRATUM_BLOCK_SENSITIVITY,4,8,3.260597119876719,2.4581274300081284,8.7826013604729578,5000,STRATUM_BLOCK_SENSITIVITY,16887035532509045930,DESCRIPTIVE_NOT_SIMULTANEOUS_FAMILYWISE
CH4,24,METHOD,pchip,STRATUM_BLOCK_SENSITIVITY,4,8,3.1102480744488892,1.8134666606859446,5.6212182322012065,5000,STRATUM_BLOCK_SENSITIVITY,12037841852616021100,DESCRIPTIVE_NOT_SIMULTANEOUS_FAMILYWISE
CH4,24,METHOD,seasonal_median,STRATUM_BLOCK_SENSITIVITY,4,8,7.627792594828235,4.4098508261602198,24.356055321639925,5000,STRATUM_BLOCK_SENSITIVITY,7059022751279441054,DESCRIPTIVE_NOT_SIMULTANEOUS_FAMILYWISE
CH4,24,METHOD,seasonal_residual_linear,STRATUM_BLOCK_SENSITIVITY,4,8,2.8466968148382827,2.2864414672878381,7.615509948254676,5000,STRATUM_BLOCK_SENSITIVITY,14048140261547780361,DESCRIPTIVE_NOT_SIMULTANEOUS_FAMILYWISE
CH4,48,METHOD,linear,STRATUM_BLOCK_SENSITIVITY,4,8,4.2537550437774865,3.3185173623546325,17.690554532907072,5000,STRATUM_BLOCK_SENSITIVITY,11402186878592633969,DESCRIPTIVE_NOT_SIMULTANEOUS_FAMILYWISE
CH4,48,METHOD,local_level_kalman,STRATUM_BLOCK_SENSITIVITY,4,8,5.017055821270155,3.7789554095193028,15.862904584308886,5000,STRATUM_BLOCK_SENSITIVITY,10534222556451451438,DESCRIPTIVE_NOT_SIMULTANEOUS_FAMILYWISE
CH4,48,METHOD,pchip,STRATUM_BLOCK_SENSITIVITY,4,8,4.5886143819061811,3.2387592024492733,17.899804623748118,5000,STRATUM_BLOCK_SENSITIVITY,16827705004763408500,DESCRIPTIVE_NOT_SIMULTANEOUS_FAMILYWISE
CH4,48,METHOD,seasonal_median,STRATUM_BLOCK_SENSITIVITY,4,8,6.6103324033745583,5.0116476684235058,34.42355996428293,5000,STRATUM_BLOCK_SENSITIVITY,16334459432863160742,DESCRIPTIVE_NOT_SIMULTANEOUS_FAMILYWISE
CH4,48,METHOD,seasonal_residual_linear,STRATUM_BLOCK_SENSITIVITY,4,8,4.6989661254994921,4.2643350305235792,18.113464827537108,5000,STRATUM_BLOCK_SENSITIVITY,3468656833768419201,DESCRIPTIVE_NOT_SIMULTANEOUS_FAMILYWISE
CH4,72,METHOD,linear,STRATUM_BLOCK_SENSITIVITY,4,7,9.6154011039134435,3.2909161488683649,19.793700283689315,5000,STRATUM_BLOCK_SENSITIVITY,4173820023789947419,DESCRIPTIVE_NOT_SIMULTANEOUS_FAMILYWISE
CH4,72,METHOD,local_level_kalman,STRATUM_BLOCK_SENSITIVITY,4,7,8.8100435629807503,3.4973339025921644,20.423182203571614,5000,STRATUM_BLOCK_SENSITIVITY,16839844115266589927,DESCRIPTIVE_NOT_SIMULTANEOUS_FAMILYWISE
CH4,72,METHOD,pchip,STRATUM_BLOCK_SENSITIVITY,4,7,9.4037899339132718,3.6629901163927125,21.497948864546323,5000,STRATUM_BLOCK_SENSITIVITY,10359469130436682636,DESCRIPTIVE_NOT_SIMULTANEOUS_FAMILYWISE
CH4,72,METHOD,seasonal_median,STRATUM_BLOCK_SENSITIVITY,4,7,10.754990177682204,5.3002932048602904,36.472956990486409,5000,STRATUM_BLOCK_SENSITIVITY,16442990475592331741,DESCRIPTIVE_NOT_SIMULTANEOUS_FAMILYWISE
CH4,72,METHOD,seasonal_residual_linear,STRATUM_BLOCK_SENSITIVITY,4,7,8.5104181243114727,3.490074758490838,20.315602629658478,5000,STRATUM_BLOCK_SENSITIVITY,4138807967938232795,DESCRIPTIVE_NOT_SIMULTANEOUS_FAMILYWISE
CO2,1,METHOD,linear,STRATUM_BLOCK_SENSITIVITY,3,5,0.077500000000014779,0.050000000000011369,0.60925000000000296,5000,STRATUM_BLOCK_SENSITIVITY,6727672753623644254,DESCRIPTIVE_NOT_SIMULTANEOUS_FAMILYWISE
CO2,1,METHOD,local_level_kalman,STRATUM_BLOCK_SENSITIVITY,3,5,0.11962731774414692,0.074767993806801769,1.3165578327151479,5000,STRATUM_BLOCK_SENSITIVITY,6899436562265844045,DESCRIPTIVE_NOT_SIMULTANEOUS_FAMILYWISE
CO2,1,METHOD,pchip,STRATUM_BLOCK_SENSITIVITY,3,5,0.074912587412597986,0.046270340231558293,0.60706170810419735,5000,STRATUM_BLOCK_SENSITIVITY,17781476085278617947,DESCRIPTIVE_NOT_SIMULTANEOUS_FAMILYWISE
CO2,1,METHOD,seasonal_median,STRATUM_BLOCK_SENSITIVITY,3,5,0.82499999999998863,0.26749999999998408,1.3874999999999886,5000,STRATUM_BLOCK_SENSITIVITY,8646952348323585601,DESCRIPTIVE_NOT_SIMULTANEOUS_FAMILYWISE
CO2,1,METHOD,seasonal_residual_linear,STRATUM_BLOCK_SENSITIVITY,3,5,0.10750000000007276,0.05124999999998181,0.5287500000000307,5000,STRATUM_BLOCK_SENSITIVITY,11246576579931180779,DESCRIPTIVE_NOT_SIMULTANEOUS_FAMILYWISE
CO2,3,METHOD,linear,STRATUM_BLOCK_SENSITIVITY,3,5,0.12427682233321539,0.070393855369018543,0.73501013237546275,5000,STRATUM_BLOCK_SENSITIVITY,6939587825709206523,DESCRIPTIVE_NOT_SIMULTANEOUS_FAMILYWISE
CO2,3,METHOD,local_level_kalman,STRATUM_BLOCK_SENSITIVITY,3,5,0.2037084390571724,0.098692378635231837,1.6360968501743332,5000,STRATUM_BLOCK_SENSITIVITY,10406808558959734866,DESCRIPTIVE_NOT_SIMULTANEOUS_FAMILYWISE
CO2,3,METHOD,pchip,STRATUM_BLOCK_SENSITIVITY,3,5,0.12888345703449933,0.064297863776225858,0.77234693980834879,5000,STRATUM_BLOCK_SENSITIVITY,8143375953679623213,DESCRIPTIVE_NOT_SIMULTANEOUS_FAMILYWISE
CO2,3,METHOD,seasonal_median,STRATUM_BLOCK_SENSITIVITY,3,5,0.8360105573913289,0.22574292636998333,1.8894989242921585,5000,STRATUM_BLOCK_SENSITIVITY,5297992201776365449,DESCRIPTIVE_NOT_SIMULTANEOUS_FAMILYWISE
CO2,3,METHOD,seasonal_residual_linear,STRATUM_BLOCK_SENSITIVITY,3,5,0.15471378501761934,0.1260716822090267,0.81702569787364099,5000,STRATUM_BLOCK_SENSITIVITY,11004492707564551232,DESCRIPTIVE_NOT_SIMULTANEOUS_FAMILYWISE
CO2,6,METHOD,linear,STRATUM_BLOCK_SENSITIVITY,3,5,0.20387974634169936,0.093566167841337505,0.92257520018694084,5000,STRATUM_BLOCK_SENSITIVITY,3832300679269955929,DESCRIPTIVE_NOT_SIMULTANEOUS_FAMILYWISE
CO2,6,METHOD,local_level_kalman,STRATUM_BLOCK_SENSITIVITY,3,5,0.25346059253166631,0.12485028785605656,2.0729064156230494,5000,STRATUM_BLOCK_SENSITIVITY,7499789644779035806,DESCRIPTIVE_NOT_SIMULTANEOUS_FAMILYWISE
CO2,6,METHOD,pchip,STRATUM_BLOCK_SENSITIVITY,3,5,0.21711674396714081,0.081383484267492673,1.0338283611565009,5000,STRATUM_BLOCK_SENSITIVITY,1409769250612251841,DESCRIPTIVE_NOT_SIMULTANEOUS_FAMILYWISE
CO2,6,METHOD,seasonal_median,STRATUM_BLOCK_SENSITIVITY,3,5,0.76576595879274212,0.34995025870233287,1.5784053925824419,5000,STRATUM_BLOCK_SENSITIVITY,9665312321143341397,DESCRIPTIVE_NOT_SIMULTANEOUS_FAMILYWISE
CO2,6,METHOD,seasonal_residual_linear,STRATUM_BLOCK_SENSITIVITY,3,5,0.1698814923183698,0.12215727323079237,1.5338646764022541,5000,STRATUM_BLOCK_SENSITIVITY,7308663876366575343,DESCRIPTIVE_NOT_SIMULTANEOUS_FAMILYWISE
CO2,12,METHOD,linear,STRATUM_BLOCK_SENSITIVITY,3,5,0.22722128243076667,0.10947142884225954,2.3623729994393532,5000,STRATUM_BLOCK_SENSITIVITY,6881028891438343528,DESCRIPTIVE_NOT_SIMULTANEOUS_FAMILYWISE
CO2,12,METHOD,local_level_kalman,STRATUM_BLOCK_SENSITIVITY,3,5,0.26029326580075574,0.15602649630331827,3.5279616820591704,5000,STRATUM_BLOCK_SENSITIVITY,1666669305913601412,DESCRIPTIVE_NOT_SIMULTANEOUS_FAMILYWISE
CO2,12,METHOD,pchip,STRATUM_BLOCK_SENSITIVITY,3,5,0.23724790437744483,0.1067809012450109,2.2461999939682302,5000,STRATUM_BLOCK_SENSITIVITY,15045000801935528401,DESCRIPTIVE_NOT_SIMULTANEOUS_FAMILYWISE
CO2,12,METHOD,seasonal_median,STRATUM_BLOCK_SENSITIVITY,3,5,0.71402467707201578,0.38106576341958009,1.6523716234171055,5000,STRATUM_BLOCK_SENSITIVITY,11235461840819881641,DESCRIPTIVE_NOT_SIMULTANEOUS_FAMILYWISE
CO2,12,METHOD,seasonal_residual_linear,STRATUM_BLOCK_SENSITIVITY,3,5,0.21221223355746432,0.1764651734992197,1.4953157369065075,5000,STRATUM_BLOCK_SENSITIVITY,6439915778259928086,DESCRIPTIVE_NOT_SIMULTANEOUS_FAMILYWISE
CO2,24,METHOD,linear,STRATUM_BLOCK_SENSITIVITY,3,5,0.42191259153458682,0.27364862448245514,3.2433806413987427,5000,STRATUM_BLOCK_SENSITIVITY,6428876393222462342,DESCRIPTIVE_NOT_SIMULTANEOUS_FAMILYWISE
CO2,24,METHOD,local_level_kalman,STRATUM_BLOCK_SENSITIVITY,3,5,0.43493004566303972,0.26659529008638705,2.9272546674137749,5000,STRATUM_BLOCK_SENSITIVITY,3839348321590806791,DESCRIPTIVE_NOT_SIMULTANEOUS_FAMILYWISE
CO2,24,METHOD,pchip,STRATUM_BLOCK_SENSITIVITY,3,5,0.39044693941370989,0.2640397404037878,3.3459523293360287,5000,STRATUM_BLOCK_SENSITIVITY,3807392974607404441,DESCRIPTIVE_NOT_SIMULTANEOUS_FAMILYWISE
CO2,24,METHOD,seasonal_median,STRATUM_BLOCK_SENSITIVITY,3,5,0.79556599134589479,0.40615542361285822,1.5683172311429983,5000,STRATUM_BLOCK_SENSITIVITY,437049520861821346,DESCRIPTIVE_NOT_SIMULTANEOUS_FAMILYWISE
CO2,24,METHOD,seasonal_residual_linear,STRATUM_BLOCK_SENSITIVITY,3,5,0.36659839415235651,0.22411029314790559,1.7465215569096189,5000,STRATUM_BLOCK_SENSITIVITY,9432243344611163062,DESCRIPTIVE_NOT_SIMULTANEOUS_FAMILYWISE
CO2,48,METHOD,linear,STRATUM_BLOCK_SENSITIVITY,3,5,1.0026798461359012,0.26502105352746513,3.3537017177025241,5000,STRATUM_BLOCK_SENSITIVITY,16612035279707785274,DESCRIPTIVE_NOT_SIMULTANEOUS_FAMILYWISE
CO2,48,METHOD,local_level_kalman,STRATUM_BLOCK_SENSITIVITY,3,5,1.212631897043456,0.2808583619111048,3.2023806463397748,5000,STRATUM_BLOCK_SENSITIVITY,15489884550089439806,DESCRIPTIVE_NOT_SIMULTANEOUS_FAMILYWISE
CO2,48,METHOD,pchip,STRATUM_BLOCK_SENSITIVITY,3,5,0.89002467455360246,0.2796995012653567,3.5755253188549694,5000,STRATUM_BLOCK_SENSITIVITY,1850810208406832146,DESCRIPTIVE_NOT_SIMULTANEOUS_FAMILYWISE
CO2,48,METHOD,seasonal_median,STRATUM_BLOCK_SENSITIVITY,3,5,0.98612612004113054,0.36068150962785039,1.9205501265669418,5000,STRATUM_BLOCK_SENSITIVITY,17194685770609946366,DESCRIPTIVE_NOT_SIMULTANEOUS_FAMILYWISE
CO2,48,METHOD,seasonal_residual_linear,STRATUM_BLOCK_SENSITIVITY,3,5,0.95961949612191355,0.2749273249671782,2.1074422500850165,5000,STRATUM_BLOCK_SENSITIVITY,5397747213316296271,DESCRIPTIVE_NOT_SIMULTANEOUS_FAMILYWISE
CO2,72,METHOD,linear,STRATUM_BLOCK_SENSITIVITY,3,4,0.97114812861593525,0.27645175126277383,3.5259722104135687,5000,STRATUM_BLOCK_SENSITIVITY,5346565402590237186,DESCRIPTIVE_NOT_SIMULTANEOUS_FAMILYWISE
CO2,72,METHOD,local_level_kalman,STRATUM_BLOCK_SENSITIVITY,3,4,0.91584220227935109,0.31280778431470485,3.2535534353445099,5000,STRATUM_BLOCK_SENSITIVITY,4387464445576409807,DESCRIPTIVE_NOT_SIMULTANEOUS_FAMILYWISE
CO2,72,METHOD,pchip,STRATUM_BLOCK_SENSITIVITY,3,4,0.9896666321471822,0.3035004526525098,3.3854798014609848,5000,STRATUM_BLOCK_SENSITIVITY,10276299111783145611,DESCRIPTIVE_NOT_SIMULTANEOUS_FAMILYWISE
CO2,72,METHOD,seasonal_median,STRATUM_BLOCK_SENSITIVITY,3,4,0.91042605992758219,0.3789875950769675,2.1719512277196436,5000,STRATUM_BLOCK_SENSITIVITY,7162885514474407296,DESCRIPTIVE_NOT_SIMULTANEOUS_FAMILYWISE
CO2,72,METHOD,seasonal_residual_linear,STRATUM_BLOCK_SENSITIVITY,3,4,0.95275895450318582,0.29571191797469998,2.3446961049725239,5000,STRATUM_BLOCK_SENSITIVITY,14875304507997695139,DESCRIPTIVE_NOT_SIMULTANEOUS_FAMILYWISE
CH4,1,PAIR,linear - local_level_kalman,PHYSICAL_STATION_PRIMARY,4,4,-0.44704322929800355,-0.98514381587267508,-0.21770151441410235,5000,AVAILABLE_REPRESENTATIVE_DESIGN,1940261111348365392,DESCRIPTIVE_NOT_SIMULTANEOUS_FAMILYWISE
CH4,1,PAIR,linear - pchip,PHYSICAL_STATION_PRIMARY,4,4,0.002544361872310219,0,0.010108906770312842,5000,AVAILABLE_REPRESENTATIVE_DESIGN,13378075689803954709,DESCRIPTIVE_NOT_SIMULTANEOUS_FAMILYWISE
CH4,1,PAIR,linear - seasonal_median,PHYSICAL_STATION_PRIMARY,4,4,-4.2468749999999886,-29.864249999999856,-2.33624999999995,5000,AVAILABLE_REPRESENTATIVE_DESIGN,10171121781126679417,DESCRIPTIVE_NOT_SIMULTANEOUS_FAMILYWISE
CH4,1,PAIR,linear - seasonal_residual_linear,PHYSICAL_STATION_PRIMARY,4,4,-0.13875000000007276,-0.50125000000025466,-0.04250000000001819,5000,AVAILABLE_REPRESENTATIVE_DESIGN,7646421211882419344,DESCRIPTIVE_NOT_SIMULTANEOUS_FAMILYWISE
CH4,1,PAIR,local_level_kalman - pchip,PHYSICAL_STATION_PRIMARY,4,4,0.42141071999770929,0.30085490700298578,0.98844755436778087,5000,AVAILABLE_REPRESENTATIVE_DESIGN,16918895367605995778,DESCRIPTIVE_NOT_SIMULTANEOUS_FAMILYWISE
CH4,1,PAIR,local_level_kalman - seasonal_median,PHYSICAL_STATION_PRIMARY,4,4,-3.7955343725757302,-27.798347992057074,-1.9516887555212179,5000,AVAILABLE_REPRESENTATIVE_DESIGN,15406984460832696606,DESCRIPTIVE_NOT_SIMULTANEOUS_FAMILYWISE
CH4,1,PAIR,local_level_kalman - seasonal_residual_linear,PHYSICAL_STATION_PRIMARY,4,4,0.25578985969752921,0.17263301801784792,0.33208489302808175,5000,AVAILABLE_REPRESENTATIVE_DESIGN,16122018833236940726,DESCRIPTIVE_NOT_SIMULTANEOUS_FAMILYWISE
CH4,1,PAIR,pchip - seasonal_median,PHYSICAL_STATION_PRIMARY,4,4,-4.3321921130471139,-29.910907528727193,-2.3650636696714855,5000,AVAILABLE_REPRESENTATIVE_DESIGN,5177597014195473084,DESCRIPTIVE_NOT_SIMULTANEOUS_FAMILYWISE
CH4,1,PAIR,pchip - seasonal_residual_linear,PHYSICAL_STATION_PRIMARY,4,4,-0.12350910954560845,-0.50069159302745447,-0.044621650140811653,5000,AVAILABLE_REPRESENTATIVE_DESIGN,6011431231767667000,DESCRIPTIVE_NOT_SIMULTANEOUS_FAMILYWISE
CH4,1,PAIR,seasonal_median - seasonal_residual_linear,PHYSICAL_STATION_PRIMARY,4,4,4.0781249999999716,2.0900000000000318,29.365999999999985,5000,AVAILABLE_REPRESENTATIVE_DESIGN,529271375578070843,DESCRIPTIVE_NOT_SIMULTANEOUS_FAMILYWISE
CH4,3,PAIR,linear - local_level_kalman,PHYSICAL_STATION_PRIMARY,4,4,-0.34981459302501494,-0.60170235116429649,-0.24297055090270842,5000,AVAILABLE_REPRESENTATIVE_DESIGN,6132619491945604390,DESCRIPTIVE_NOT_SIMULTANEOUS_FAMILYWISE
CH4,3,PAIR,linear - pchip,PHYSICAL_STATION_PRIMARY,4,4,0.015360716330400153,-0.002115269897458881,0.068959126575513285,5000,AVAILABLE_REPRESENTATIVE_DESIGN,15450348202970700525,DESCRIPTIVE_NOT_SIMULTANEOUS_FAMILYWISE
CH4,3,PAIR,linear - seasonal_median,PHYSICAL_STATION_PRIMARY,4,4,-5.1371172101768607,-28.31534707678264,-1.6893869221690232,5000,AVAILABLE_REPRESENTATIVE_DESIGN,1637099183018090739,DESCRIPTIVE_NOT_SIMULTANEOUS_FAMILYWISE
CH4,3,PAIR,linear - seasonal_residual_linear,PHYSICAL_STATION_PRIMARY,4,4,-0.22409494922648482,-0.52778676717890427,-0.06467227345203061,5000,AVAILABLE_REPRESENTATIVE_DESIGN,8464131256058274483,DESCRIPTIVE_NOT_SIMULTANEOUS_FAMILYWISE
CH4,3,PAIR,local_level_kalman - pchip,PHYSICAL_STATION_PRIMARY,4,4,0.42068608593894008,0.27620734019263393,0.62131284827718758,5000,AVAILABLE_REPRESENTATIVE_DESIGN,3119828435435076461,DESCRIPTIVE_NOT_SIMULTANEOUS_FAMILYWISE
CH4,3,PAIR,local_level_kalman - seasonal_median,PHYSICAL_STATION_PRIMARY,4,4,-4.1530512109229392,-24.700984942037145,-1.482865347097519,5000,AVAILABLE_REPRESENTATIVE_DESIGN,5616083511463885949,DESCRIPTIVE_NOT_SIMULTANEOUS_FAMILYWISE
CH4,3,PAIR,local_level_kalman - seasonal_residual_linear,PHYSICAL_STATION_PRIMARY,4,4,0.26830700988968131,0.064508346823488966,0.34761850096395952,5000,AVAILABLE_REPRESENTATIVE_DESIGN,12313671315027043620,DESCRIPTIVE_NOT_SIMULTANEOUS_FAMILYWISE
CH4,3,PAIR,pchip - seasonal_median,PHYSICAL_STATION_PRIMARY,4,4,-5.1414518266027827,-29.16668211826784,-1.6233607150216829,5000,AVAILABLE_REPRESENTATIVE_DESIGN,16218901861762764559,DESCRIPTIVE_NOT_SIMULTANEOUS_FAMILYWISE
CH4,3,PAIR,pchip - seasonal_residual_linear,PHYSICAL_STATION_PRIMARY,4,4,-0.37121596125413914,-0.84560522234932844,-0.1065133730827766,5000,AVAILABLE_REPRESENTATIVE_DESIGN,16242226885139282519,DESCRIPTIVE_NOT_SIMULTANEOUS_FAMILYWISE
CH4,3,PAIR,seasonal_median - seasonal_residual_linear,PHYSICAL_STATION_PRIMARY,4,4,4.8470793435807096,1.719698275485686,27.806649817973423,5000,AVAILABLE_REPRESENTATIVE_DESIGN,15052066940742826371,DESCRIPTIVE_NOT_SIMULTANEOUS_FAMILYWISE
CH4,6,PAIR,linear - local_level_kalman,PHYSICAL_STATION_PRIMARY,4,4,-0.34003641483704611,-1.2244095369011214,-0.081909177444649997,5000,AVAILABLE_REPRESENTATIVE_DESIGN,9397317016282694197,DESCRIPTIVE_NOT_SIMULTANEOUS_FAMILYWISE
CH4,6,PAIR,linear - pchip,PHYSICAL_STATION_PRIMARY,4,4,-0.00018021540184566878,-0.011579514940946833,0.045787031899089836,5000,AVAILABLE_REPRESENTATIVE_DESIGN,14445972497506105694,DESCRIPTIVE_NOT_SIMULTANEOUS_FAMILYWISE
CH4,6,PAIR,linear - seasonal_median,PHYSICAL_STATION_PRIMARY,4,4,-4.9234405018864758,-27.425001299680908,-2.4506440674311785,5000,AVAILABLE_REPRESENTATIVE_DESIGN,7904077026936646559,DESCRIPTIVE_NOT_SIMULTANEOUS_FAMILYWISE
CH4,6,PAIR,linear - seasonal_residual_linear,PHYSICAL_STATION_PRIMARY,4,4,-0.25250825699871149,-0.33127018965113597,-0.034848861302601064,5000,AVAILABLE_REPRESENTATIVE_DESIGN,2205863472631412224,DESCRIPTIVE_NOT_SIMULTANEOUS_FAMILYWISE
CH4,6,PAIR,local_level_kalman - pchip,PHYSICAL_STATION_PRIMARY,4,4,0.27012479030164782,0.093805038348574815,1.3585697178122069,5000,AVAILABLE_REPRESENTATIVE_DESIGN,13133818958868264115,DESCRIPTIVE_NOT_SIMULTANEOUS_FAMILYWISE
CH4,6,PAIR,local_level_kalman - seasonal_median,PHYSICAL_STATION_PRIMARY,4,4,-4.3908275117504907,-22.720131333070444,-1.8778287563793854,5000,AVAILABLE_REPRESENTATIVE_DESIGN,13353144317818722711,DESCRIPTIVE_NOT_SIMULTANEOUS_FAMILYWISE
CH4,6,PAIR,local_level_kalman - seasonal_residual_linear,PHYSICAL_STATION_PRIMARY,4,4,0.12620461177750963,0.02746692639757975,0.2510558053397452,5000,AVAILABLE_REPRESENTATIVE_DESIGN,13442537967971021072,DESCRIPTIVE_NOT_SIMULTANEOUS_FAMILYWISE
CH4,6,PAIR,pchip - seasonal_median,PHYSICAL_STATION_PRIMARY,4,4,-4.8556510596940594,-27.095612859691279,-2.3893791360409939,5000,AVAILABLE_REPRESENTATIVE_DESIGN,13971261360763437867,DESCRIPTIVE_NOT_SIMULTANEOUS_FAMILYWISE
CH4,6,PAIR,pchip - seasonal_residual_linear,PHYSICAL_STATION_PRIMARY,4,4,-0.26539833429871196,-0.71909154410785325,-0.0061944780209525485,5000,AVAILABLE_REPRESENTATIVE_DESIGN,2851578847432394754,DESCRIPTIVE_NOT_SIMULTANEOUS_FAMILYWISE
CH4,6,PAIR,seasonal_median - seasonal_residual_linear,PHYSICAL_STATION_PRIMARY,4,4,4.7453163539891623,2.1219278015559979,27.547047793373331,5000,AVAILABLE_REPRESENTATIVE_DESIGN,16785649175188403572,DESCRIPTIVE_NOT_SIMULTANEOUS_FAMILYWISE
CH4,12,PAIR,linear - local_level_kalman,PHYSICAL_STATION_PRIMARY,4,4,-0.36124530638987229,-1.2464160575956365,0.021468495330419696,5000,AVAILABLE_REPRESENTATIVE_DESIGN,1081384691648668721,DESCRIPTIVE_NOT_SIMULTANEOUS_FAMILYWISE
CH4,12,PAIR,linear - pchip,PHYSICAL_STATION_PRIMARY,4,4,0.0081598807207657192,-0.01519561495506172,0.046385262791796389,5000,AVAILABLE_REPRESENTATIVE_DESIGN,1675804648821653535,DESCRIPTIVE_NOT_SIMULTANEOUS_FAMILYWISE
CH4,12,PAIR,linear - seasonal_median,PHYSICAL_STATION_PRIMARY,4,4,-3.4535996014827735,-29.899791664299414,-1.082391207553971,5000,AVAILABLE_REPRESENTATIVE_DESIGN,13887306960135480179,DESCRIPTIVE_NOT_SIMULTANEOUS_FAMILYWISE
CH4,12,PAIR,linear - seasonal_residual_linear,PHYSICAL_STATION_PRIMARY,4,4,-0.11763283319983331,-0.9713647127878493,0.050117948402535001,5000,AVAILABLE_REPRESENTATIVE_DESIGN,13278086815236864984,DESCRIPTIVE_NOT_SIMULTANEOUS_FAMILYWISE
CH4,12,PAIR,local_level_kalman - pchip,PHYSICAL_STATION_PRIMARY,4,4,0.43338617903839605,-0.0070452193369485161,1.1242632761072842,5000,AVAILABLE_REPRESENTATIVE_DESIGN,5070128241850558041,DESCRIPTIVE_NOT_SIMULTANEOUS_FAMILYWISE
CH4,12,PAIR,local_level_kalman - seasonal_median,PHYSICAL_STATION_PRIMARY,4,4,-3.4231774735178151,-25.845957325203685,-0.82981484393310945,5000,AVAILABLE_REPRESENTATIVE_DESIGN,15156088744100284120,DESCRIPTIVE_NOT_SIMULTANEOUS_FAMILYWISE
CH4,12,PAIR,local_level_kalman - seasonal_residual_linear,PHYSICAL_STATION_PRIMARY,4,4,0.39850604555984925,-0.37721205360173649,0.60974767024729692,5000,AVAILABLE_REPRESENTATIVE_DESIGN,15151339092709354513,DESCRIPTIVE_NOT_SIMULTANEOUS_FAMILYWISE
CH4,12,PAIR,pchip - seasonal_median,PHYSICAL_STATION_PRIMARY,4,4,-3.3662804180000792,-30.858778183607466,-1.2371116213224029,5000,AVAILABLE_REPRESENTATIVE_DESIGN,17687975691297868757,DESCRIPTIVE_NOT_SIMULTANEOUS_FAMILYWISE
CH4,12,PAIR,pchip - seasonal_residual_linear,PHYSICAL_STATION_PRIMARY,4,4,-0.055002116478139962,-0.60339564038999427,0.1363620725668464,5000,AVAILABLE_REPRESENTATIVE_DESIGN,15227190974552247083,DESCRIPTIVE_NOT_SIMULTANEOUS_FAMILYWISE
CH4,12,PAIR,seasonal_median - seasonal_residual_linear,PHYSICAL_STATION_PRIMARY,4,4,3.4252989732018406,1.2634156254099171,29.655007451481811,5000,AVAILABLE_REPRESENTATIVE_DESIGN,15629458429622611750,DESCRIPTIVE_NOT_SIMULTANEOUS_FAMILYWISE
CH4,24,PAIR,linear - local_level_kalman,PHYSICAL_STATION_PRIMARY,4,4,-0.49695289688874505,-1.2217929999114721,-0.033179163720127525,5000,AVAILABLE_REPRESENTATIVE_DESIGN,6676439408126317097,DESCRIPTIVE_NOT_SIMULTANEOUS_FAMILYWISE
CH4,24,PAIR,linear - pchip,PHYSICAL_STATION_PRIMARY,4,4,0.0052427824652975796,-0.048621922925792704,0.051960087746380168,5000,AVAILABLE_REPRESENTATIVE_DESIGN,11949915784574011673,DESCRIPTIVE_NOT_SIMULTANEOUS_FAMILYWISE
CH4,24,PAIR,linear - seasonal_median,PHYSICAL_STATION_PRIMARY,4,4,-3.2786566524776348,-15.383208036368202,-0.9624210087599232,5000,AVAILABLE_REPRESENTATIVE_DESIGN,8458083522168467455,DESCRIPTIVE_NOT_SIMULTANEOUS_FAMILYWISE
CH4,24,PAIR,linear - seasonal_residual_linear,PHYSICAL_STATION_PRIMARY,4,4,-0.19269550377554029,-0.53658213946746169,0.17989099462545249,5000,AVAILABLE_REPRESENTATIVE_DESIGN,382696361601407362,DESCRIPTIVE_NOT_SIMULTANEOUS_FAMILYWISE
CH4,24,PAIR,local_level_kalman - pchip,PHYSICAL_STATION_PRIMARY,4,4,0.65495643528176872,-0.025377042067145361,1.3683530078599238,5000,AVAILABLE_REPRESENTATIVE_DESIGN,5250488222863191806,DESCRIPTIVE_NOT_SIMULTANEOUS_FAMILYWISE
CH4,24,PAIR,local_level_kalman - seasonal_median,PHYSICAL_STATION_PRIMARY,4,4,-3.0761121670131986,-10.210727117628693,-0.84876223498209946,5000,AVAILABLE_REPRESENTATIVE_DESIGN,6966375560984947287,DESCRIPTIVE_NOT_SIMULTANEOUS_FAMILYWISE
CH4,24,PAIR,local_level_kalman - seasonal_residual_linear,PHYSICAL_STATION_PRIMARY,4,4,0.44942513795904604,0.15253272042590843,1.6324875997124693,5000,AVAILABLE_REPRESENTATIVE_DESIGN,11194758772949245172,DESCRIPTIVE_NOT_SIMULTANEOUS_FAMILYWISE
CH4,24,PAIR,pchip - seasonal_median,PHYSICAL_STATION_PRIMARY,4,4,-3.7842509419596464,-14.60860431143421,-0.90893085624079184,5000,AVAILABLE_REPRESENTATIVE_DESIGN,8257902010537402567,DESCRIPTIVE_NOT_SIMULTANEOUS_FAMILYWISE
CH4,24,PAIR,pchip - seasonal_residual_linear,PHYSICAL_STATION_PRIMARY,4,4,-0.19960984463518819,-1.1986614384564738,0.17026986337530386,5000,AVAILABLE_REPRESENTATIVE_DESIGN,17017651280274960489,DESCRIPTIVE_NOT_SIMULTANEOUS_FAMILYWISE
CH4,24,PAIR,seasonal_median - seasonal_residual_linear,PHYSICAL_STATION_PRIMARY,4,4,4.0223854503706642,1.0462778828673915,13.253789281423312,5000,AVAILABLE_REPRESENTATIVE_DESIGN,11651607949497913121,DESCRIPTIVE_NOT_SIMULTANEOUS_FAMILYWISE
CH4,48,PAIR,linear - local_level_kalman,PHYSICAL_STATION_PRIMARY,4,4,-0.34313032964672618,-0.89567710357343611,5.408547588597969,5000,AVAILABLE_REPRESENTATIVE_DESIGN,12135597003200057888,DESCRIPTIVE_NOT_SIMULTANEOUS_FAMILYWISE
CH4,48,PAIR,linear - pchip,PHYSICAL_STATION_PRIMARY,4,4,-0.016673485450550363,-0.2637853196504949,0.99775147326039093,5000,AVAILABLE_REPRESENTATIVE_DESIGN,7964539453301492785,DESCRIPTIVE_NOT_SIMULTANEOUS_FAMILYWISE
CH4,48,PAIR,linear - seasonal_median,PHYSICAL_STATION_PRIMARY,4,4,-2.4335807755877923,-8.8162103007267838,9.5000459236344774,5000,AVAILABLE_REPRESENTATIVE_DESIGN,5673472131040325869,DESCRIPTIVE_NOT_SIMULTANEOUS_FAMILYWISE
CH4,48,PAIR,linear - seasonal_residual_linear,PHYSICAL_STATION_PRIMARY,4,4,-0.18259160361768445,-0.49376278041880861,0.24259864119224211,5000,AVAILABLE_REPRESENTATIVE_DESIGN,13490733418335268452,DESCRIPTIVE_NOT_SIMULTANEOUS_FAMILYWISE
CH4,48,PAIR,local_level_kalman - pchip,PHYSICAL_STATION_PRIMARY,4,4,0.23234032996719076,-4.4107961153375781,0.73164194802364335,5000,AVAILABLE_REPRESENTATIVE_DESIGN,3710353138424214214,DESCRIPTIVE_NOT_SIMULTANEOUS_FAMILYWISE
CH4,48,PAIR,local_level_kalman - seasonal_median,PHYSICAL_STATION_PRIMARY,4,4,-1.907148855429414,-7.2341820048830279,4.0914983350365075,5000,AVAILABLE_REPRESENTATIVE_DESIGN,14979416397097288150,DESCRIPTIVE_NOT_SIMULTANEOUS_FAMILYWISE
CH4,48,PAIR,local_level_kalman - seasonal_residual_linear,PHYSICAL_STATION_PRIMARY,4,4,-0.087678643448489302,-5.3035115067372285,0.30552801038252486,5000,AVAILABLE_REPRESENTATIVE_DESIGN,14722331747350096729,DESCRIPTIVE_NOT_SIMULTANEOUS_FAMILYWISE
CH4,48,PAIR,pchip - seasonal_median,PHYSICAL_STATION_PRIMARY,4,4,-2.584995985085726,-8.3765747197326625,8.5022944503740856,5000,AVAILABLE_REPRESENTATIVE_DESIGN,6484764922802334267,DESCRIPTIVE_NOT_SIMULTANEOUS_FAMILYWISE
CH4,48,PAIR,pchip - seasonal_residual_linear,PHYSICAL_STATION_PRIMARY,4,4,-0.27891675734648652,-0.89271539139965039,0.31189337069224399,5000,AVAILABLE_REPRESENTATIVE_DESIGN,8618832459516679390,DESCRIPTIVE_NOT_SIMULTANEOUS_FAMILYWISE
CH4,48,PAIR,seasonal_median - seasonal_residual_linear,PHYSICAL_STATION_PRIMARY,4,4,2.1459136918944512,-9.3950098417737351,9.9979521941828331,5000,AVAILABLE_REPRESENTATIVE_DESIGN,5514050060609440717,DESCRIPTIVE_NOT_SIMULTANEOUS_FAMILYWISE
CH4,72,PAIR,linear - local_level_kalman,PHYSICAL_STATION_PRIMARY,4,4,-0.54088515785294589,-1.3045221742499393,0.11993881194709477,5000,AVAILABLE_REPRESENTATIVE_DESIGN,17832296315578563746,DESCRIPTIVE_NOT_SIMULTANEOUS_FAMILYWISE
CH4,72,PAIR,linear - pchip,PHYSICAL_STATION_PRIMARY,4,4,0.14036269148673575,-0.14260043025127472,0.45123484159121396,5000,AVAILABLE_REPRESENTATIVE_DESIGN,7851300581474430912,DESCRIPTIVE_NOT_SIMULTANEOUS_FAMILYWISE
CH4,72,PAIR,linear - seasonal_median,PHYSICAL_STATION_PRIMARY,4,4,-1.7468634453920857,-9.4591482703214353,3.2827093014997875,5000,AVAILABLE_REPRESENTATIVE_DESIGN,5966971004530053613,DESCRIPTIVE_NOT_SIMULTANEOUS_FAMILYWISE
CH4,72,PAIR,linear - seasonal_residual_linear,PHYSICAL_STATION_PRIMARY,4,4,-0.035831804957489638,-0.58845076612517744,0.20776797725937923,5000,AVAILABLE_REPRESENTATIVE_DESIGN,16404848379869788722,DESCRIPTIVE_NOT_SIMULTANEOUS_FAMILYWISE
CH4,72,PAIR,local_level_kalman - pchip,PHYSICAL_STATION_PRIMARY,4,4,0.57435633998909386,-0.18342001105395656,1.3094147830011682,5000,AVAILABLE_REPRESENTATIVE_DESIGN,4738247345502041457,DESCRIPTIVE_NOT_SIMULTANEOUS_FAMILYWISE
CH4,72,PAIR,local_level_kalman - seasonal_median,PHYSICAL_STATION_PRIMARY,4,4,-1.6845362255106398,-8.5889886497431753,3.1627704895526927,5000,AVAILABLE_REPRESENTATIVE_DESIGN,12185658642377546851,DESCRIPTIVE_NOT_SIMULTANEOUS_FAMILYWISE
CH4,72,PAIR,local_level_kalman - seasonal_residual_linear,PHYSICAL_STATION_PRIMARY,4,4,0.45834685772176492,-0.35597718949060564,1.3228272183726872,5000,AVAILABLE_REPRESENTATIVE_DESIGN,5851863366846616389,DESCRIPTIVE_NOT_SIMULTANEOUS_FAMILYWISE
CH4,72,PAIR,pchip - seasonal_median,PHYSICAL_STATION_PRIMARY,4,4,-1.4975640366233554,-9.6009536860812119,2.8314744599085735,5000,AVAILABLE_REPRESENTATIVE_DESIGN,1220607844536753457,DESCRIPTIVE_NOT_SIMULTANEOUS_FAMILYWISE
CH4,72,PAIR,pchip - seasonal_residual_linear,PHYSICAL_STATION_PRIMARY,4,4,-0.16583652033025764,-0.68727321913472483,0.41211687831292149,5000,AVAILABLE_REPRESENTATIVE_DESIGN,12083463406674810396,DESCRIPTIVE_NOT_SIMULTANEOUS_FAMILYWISE
CH4,72,PAIR,seasonal_median - seasonal_residual_linear,PHYSICAL_STATION_PRIMARY,4,4,1.8603752387908181,-3.5187476790432983,8.4672927303223737,5000,AVAILABLE_REPRESENTATIVE_DESIGN,43639694088977187,DESCRIPTIVE_NOT_SIMULTANEOUS_FAMILYWISE
CO2,1,PAIR,linear - local_level_kalman,PHYSICAL_STATION_PRIMARY,3,3,-0.033678020559079869,-0.72537173817627831,-0.021966880159311586,5000,AVAILABLE_REPRESENTATIVE_DESIGN,10562699211333925364,DESCRIPTIVE_NOT_SIMULTANEOUS_FAMILYWISE
CO2,1,PAIR,linear - pchip,PHYSICAL_STATION_PRIMARY,3,3,0.0016230916030508524,0,0.0019852941176736749,5000,AVAILABLE_REPRESENTATIVE_DESIGN,2809002668897207372,DESCRIPTIVE_NOT_SIMULTANEOUS_FAMILYWISE
CO2,1,PAIR,linear - seasonal_median,PHYSICAL_STATION_PRIMARY,3,3,-0.53749999999999432,-0.80562499999999204,-0.46000000000002217,5000,AVAILABLE_REPRESENTATIVE_DESIGN,3112632252291883082,DESCRIPTIVE_NOT_SIMULTANEOUS_FAMILYWISE
CO2,1,PAIR,linear - seasonal_residual_linear,PHYSICAL_STATION_PRIMARY,3,3,-0.0025000000000119371,-0.021374999999977717,0.0062499999999658939,5000,AVAILABLE_REPRESENTATIVE_DESIGN,780977256048079730,DESCRIPTIVE_NOT_SIMULTANEOUS_FAMILYWISE
CO2,1,PAIR,local_level_kalman - pchip,PHYSICAL_STATION_PRIMARY,3,3,0.03215068713298308,0.019651418507976359,0.71869799148410607,5000,AVAILABLE_REPRESENTATIVE_DESIGN,2869680275402524555,DESCRIPTIVE_NOT_SIMULTANEOUS_FAMILYWISE
CO2,1,PAIR,local_level_kalman - seasonal_median,PHYSICAL_STATION_PRIMARY,3,3,-0.45267184133062699,-0.48676488862483325,0.091779235444604979,5000,AVAILABLE_REPRESENTATIVE_DESIGN,16457024964053712298,DESCRIPTIVE_NOT_SIMULTANEOUS_FAMILYWISE
CO2,1,PAIR,local_level_kalman - seasonal_residual_linear,PHYSICAL_STATION_PRIMARY,3,3,0.029009084444595601,0.012449089248448786,0.66220457071332817,5000,AVAILABLE_REPRESENTATIVE_DESIGN,15440141539414679309,DESCRIPTIVE_NOT_SIMULTANEOUS_FAMILYWISE
CO2,1,PAIR,pchip - seasonal_median,PHYSICAL_STATION_PRIMARY,3,3,-0.53635012515644576,-0.75544772983951702,-0.44892505917967185,5000,AVAILABLE_REPRESENTATIVE_DESIGN,3453243581957442548,DESCRIPTIVE_NOT_SIMULTANEOUS_FAMILYWISE
CO2,1,PAIR,pchip - seasonal_residual_linear,PHYSICAL_STATION_PRIMARY,3,3,-0.0028940886699615476,-0.04942288797275296,-0.0028167742043763155,5000,AVAILABLE_REPRESENTATIVE_DESIGN,3080839273928545869,DESCRIPTIVE_NOT_SIMULTANEOUS_FAMILYWISE
CO2,1,PAIR,seasonal_median - seasonal_residual_linear,PHYSICAL_STATION_PRIMARY,3,3,0.54874999999995566,0.44437500000000796,0.65099999999998204,5000,AVAILABLE_REPRESENTATIVE_DESIGN,12887666271105082226,DESCRIPTIVE_NOT_SIMULTANEOUS_FAMILYWISE
CO2,3,PAIR,linear - local_level_kalman,PHYSICAL_STATION_PRIMARY,3,3,-0.059498562906867343,-0.89964257210541876,-0.051814271511350624,5000,AVAILABLE_REPRESENTATIVE_DESIGN,14911474820373371213,DESCRIPTIVE_NOT_SIMULTANEOUS_FAMILYWISE
CO2,3,PAIR,linear - pchip,PHYSICAL_STATION_PRIMARY,3,3,0.0076248275774501093,0.0016813731697832568,0.019710871673794914,5000,AVAILABLE_REPRESENTATIVE_DESIGN,3205641657765682797,DESCRIPTIVE_NOT_SIMULTANEOUS_FAMILYWISE
CO2,3,PAIR,linear - seasonal_median,PHYSICAL_STATION_PRIMARY,3,3,-0.54034821687078205,-0.63754843749786383,-0.35148778274441633,5000,AVAILABLE_REPRESENTATIVE_DESIGN,18221229667242805694,DESCRIPTIVE_NOT_SIMULTANEOUS_FAMILYWISE
CO2,3,PAIR,linear - seasonal_residual_linear,PHYSICAL_STATION_PRIMARY,3,3,-0.028955925620944314,-0.068589714733002308,-0.0072312505074288505,5000,AVAILABLE_REPRESENTATIVE_DESIGN,1478627634916447369,DESCRIPTIVE_NOT_SIMULTANEOUS_FAMILYWISE
CO2,3,PAIR,local_level_kalman - pchip,PHYSICAL_STATION_PRIMARY,3,3,0.059075365281962715,0.052169219359932073,0.91143698291375252,5000,AVAILABLE_REPRESENTATIVE_DESIGN,12657779916274611761,DESCRIPTIVE_NOT_SIMULTANEOUS_FAMILYWISE
CO2,3,PAIR,local_level_kalman - seasonal_median,PHYSICAL_STATION_PRIMARY,3,3,-0.28147870450430751,-0.52548256630638868,0.11515756956457245,5000,AVAILABLE_REPRESENTATIVE_DESIGN,16034077236941874864,DESCRIPTIVE_NOT_SIMULTANEOUS_FAMILYWISE
CO2,3,PAIR,local_level_kalman - seasonal_residual_linear,PHYSICAL_STATION_PRIMARY,3,3,0.059702256454516586,0.026135384796289421,0.88921677015935829,5000,AVAILABLE_REPRESENTATIVE_DESIGN,15178838559481040114,DESCRIPTIVE_NOT_SIMULTANEOUS_FAMILYWISE
CO2,3,PAIR,pchip - seasonal_median,PHYSICAL_STATION_PRIMARY,3,3,-0.54096670450305662,-0.68647427388791249,-0.3695474298246284,5000,AVAILABLE_REPRESENTATIVE_DESIGN,9635575470908384779,DESCRIPTIVE_NOT_SIMULTANEOUS_FAMILYWISE
CO2,3,PAIR,pchip - seasonal_residual_linear,PHYSICAL_STATION_PRIMARY,3,3,-0.029156651578808625,-0.065865355177552043,-0.011696503535853164,5000,AVAILABLE_REPRESENTATIVE_DESIGN,6455896921896270122,DESCRIPTIVE_NOT_SIMULTANEOUS_FAMILYWISE
CO2,3,PAIR,seasonal_median - seasonal_residual_linear,PHYSICAL_STATION_PRIMARY,3,3,0.52291345935514633,0.3563939602540751,0.63087008181528592,5000,AVAILABLE_REPRESENTATIVE_DESIGN,9152864419608548519,DESCRIPTIVE_NOT_SIMULTANEOUS_FAMILYWISE
CO2,6,PAIR,linear - local_level_kalman,PHYSICAL_STATION_PRIMARY,3,3,-0.023741372593641733,-1.0827036336826619,-0.020651627837796317,5000,AVAILABLE_REPRESENTATIVE_DESIGN,11998070887792382817,DESCRIPTIVE_NOT_SIMULTANEOUS_FAMILYWISE
CO2,6,PAIR,linear - pchip,PHYSICAL_STATION_PRIMARY,3,3,0.0012079895061440499,3.92212121123163e-05,0.12344722094748165,5000,AVAILABLE_REPRESENTATIVE_DESIGN,8218172367176044088,DESCRIPTIVE_NOT_SIMULTANEOUS_FAMILYWISE
CO2,6,PAIR,linear - seasonal_median,PHYSICAL_STATION_PRIMARY,3,3,-0.47535452953563906,-0.54863464041220578,-0.36524635661273985,5000,AVAILABLE_REPRESENTATIVE_DESIGN,16548354518733955338,DESCRIPTIVE_NOT_SIMULTANEOUS_FAMILYWISE
CO2,6,PAIR,linear - seasonal_residual_linear,PHYSICAL_STATION_PRIMARY,3,3,0.013172710525244307,-0.045052238071214598,0.062654627402292287,5000,AVAILABLE_REPRESENTATIVE_DESIGN,10007731723115911391,DESCRIPTIVE_NOT_SIMULTANEOUS_FAMILYWISE
CO2,6,PAIR,local_level_kalman - pchip,PHYSICAL_STATION_PRIMARY,3,3,0.031500695462569402,0.019981345461681423,1.1977628301544234,5000,AVAILABLE_REPRESENTATIVE_DESIGN,9602403848631194239,DESCRIPTIVE_NOT_SIMULTANEOUS_FAMILYWISE
CO2,6,PAIR,local_level_kalman - seasonal_median,PHYSICAL_STATION_PRIMARY,3,3,-0.347543371215634,-0.4668905898965654,0.5408219774561378,5000,AVAILABLE_REPRESENTATIVE_DESIGN,16511889892151753469,DESCRIPTIVE_NOT_SIMULTANEOUS_FAMILYWISE
CO2,6,PAIR,local_level_kalman - seasonal_residual_linear,PHYSICAL_STATION_PRIMARY,3,3,0.026673013004188995,-0.0054996830899892782,1.0570160713900669,5000,AVAILABLE_REPRESENTATIVE_DESIGN,8924663598476630011,DESCRIPTIVE_NOT_SIMULTANEOUS_FAMILYWISE
CO2,6,PAIR,pchip - seasonal_median,PHYSICAL_STATION_PRIMARY,3,3,-0.4862353201873833,-0.51448650382018424,-0.36047362375641379,5000,AVAILABLE_REPRESENTATIVE_DESIGN,17780520663080538130,DESCRIPTIVE_NOT_SIMULTANEOUS_FAMILYWISE
CO2,6,PAIR,pchip - seasonal_residual_linear,PHYSICAL_STATION_PRIMARY,3,3,-0.060630037060233066,-0.12645874944912577,0.014011886774492643,5000,AVAILABLE_REPRESENTATIVE_DESIGN,18133099519878209639,DESCRIPTIVE_NOT_SIMULTANEOUS_FAMILYWISE
CO2,6,PAIR,seasonal_median - seasonal_residual_linear,PHYSICAL_STATION_PRIMARY,3,3,0.40813412450994857,0.23698558236338985,0.41226526667124902,5000,AVAILABLE_REPRESENTATIVE_DESIGN,16556090558862147313,DESCRIPTIVE_NOT_SIMULTANEOUS_FAMILYWISE
CO2,12,PAIR,linear - local_level_kalman,PHYSICAL_STATION_PRIMARY,3,3,-0.091428953083423178,-1.0806399281322874,-0.0085678084549756089,5000,AVAILABLE_REPRESENTATIVE_DESIGN,9122219536179267619,DESCRIPTIVE_NOT_SIMULTANEOUS_FAMILYWISE
CO2,12,PAIR,linear - pchip,PHYSICAL_STATION_PRIMARY,3,3,-0.0020670505999288366,-0.0043947621620508831,0.0363987204307364,5000,AVAILABLE_REPRESENTATIVE_DESIGN,9516883165880437438,DESCRIPTIVE_NOT_SIMULTANEOUS_FAMILYWISE
CO2,12,PAIR,linear - seasonal_median,PHYSICAL_STATION_PRIMARY,3,3,-0.24633417783232359,-0.50301529172521109,-0.02082208737694563,5000,AVAILABLE_REPRESENTATIVE_DESIGN,8698741593436620867,DESCRIPTIVE_NOT_SIMULTANEOUS_FAMILYWISE
CO2,12,PAIR,linear - seasonal_residual_linear,PHYSICAL_STATION_PRIMARY,3,3,0.019877545629174515,-0.062274069716199761,0.41637066360061492,5000,AVAILABLE_REPRESENTATIVE_DESIGN,3239705238655833523,DESCRIPTIVE_NOT_SIMULTANEOUS_FAMILYWISE
CO2,12,PAIR,local_level_kalman - pchip,PHYSICAL_STATION_PRIMARY,3,3,0.088546612505262884,-0.00015326511943308113,1.1411262248883172,5000,AVAILABLE_REPRESENTATIVE_DESIGN,14688687092225164473,DESCRIPTIVE_NOT_SIMULTANEOUS_FAMILYWISE
CO2,12,PAIR,local_level_kalman - seasonal_median,PHYSICAL_STATION_PRIMARY,3,3,-0.24649621847624267,-0.33650121968963775,1.2816175096987745,5000,AVAILABLE_REPRESENTATIVE_DESIGN,4450788240699448476,DESCRIPTIVE_NOT_SIMULTANEOUS_FAMILYWISE
CO2,12,PAIR,local_level_kalman - seasonal_residual_linear,PHYSICAL_STATION_PRIMARY,3,3,0.037496791157639556,0.032058527779994919,1.431518149532085,5000,AVAILABLE_REPRESENTATIVE_DESIGN,10948644822277904264,DESCRIPTIVE_NOT_SIMULTANEOUS_FAMILYWISE
CO2,12,PAIR,pchip - seasonal_median,PHYSICAL_STATION_PRIMARY,3,3,-0.25219500391730587,-0.51457881618426971,-0.15351414505354727,5000,AVAILABLE_REPRESENTATIVE_DESIGN,9489930502673500660,DESCRIPTIVE_NOT_SIMULTANEOUS_FAMILYWISE
CO2,12,PAIR,pchip - seasonal_residual_linear,PHYSICAL_STATION_PRIMARY,3,3,0.020716253410378659,-0.084545907372631013,0.40909892600174258,5000,AVAILABLE_REPRESENTATIVE_DESIGN,8749882584299112177,DESCRIPTIVE_NOT_SIMULTANEOUS_FAMILYWISE
CO2,12,PAIR,seasonal_median - seasonal_residual_linear,PHYSICAL_STATION_PRIMARY,3,3,0.26142088084063148,0.21888573366471248,0.42876565455930643,5000,AVAILABLE_REPRESENTATIVE_DESIGN,7189952529506037459,DESCRIPTIVE_NOT_SIMULTANEOUS_FAMILYWISE
CO2,24,PAIR,linear - local_level_kalman,PHYSICAL_STATION_PRIMARY,3,3,0.011322809856002841,-0.005522512579952274,0.52786924010194303,5000,AVAILABLE_REPRESENTATIVE_DESIGN,3862771166329319754,DESCRIPTIVE_NOT_SIMULTANEOUS_FAMILYWISE
CO2,24,PAIR,linear - pchip,PHYSICAL_STATION_PRIMARY,3,3,-0.0019517091140029141,-0.035499390457652713,0.066224873913714358,5000,AVAILABLE_REPRESENTATIVE_DESIGN,2328864267944645430,DESCRIPTIVE_NOT_SIMULTANEOUS_FAMILYWISE
CO2,24,PAIR,linear - seasonal_median,PHYSICAL_STATION_PRIMARY,3,3,-0.14482200179861232,-0.32823087451082888,1.4380998086035062,5000,AVAILABLE_REPRESENTATIVE_DESIGN,957088003012131135,DESCRIPTIVE_NOT_SIMULTANEOUS_FAMILYWISE
CO2,24,PAIR,linear - seasonal_residual_linear,PHYSICAL_STATION_PRIMARY,3,3,0.065380569995252102,0.048428902004393995,1.4970325902395081,5000,AVAILABLE_REPRESENTATIVE_DESIGN,11787164144898419885,DESCRIPTIVE_NOT_SIMULTANEOUS_FAMILYWISE
CO2,24,PAIR,local_level_kalman - pchip,PHYSICAL_STATION_PRIMARY,3,3,0.0064082056699592133,-0.50495211024121511,0.044835549854659762,5000,AVAILABLE_REPRESENTATIVE_DESIGN,1435110891925520887,DESCRIPTIVE_NOT_SIMULTANEOUS_FAMILYWISE
CO2,24,PAIR,local_level_kalman - seasonal_median,PHYSICAL_STATION_PRIMARY,3,3,-0.13180454767015945,-0.31214732044135252,0.88604086980754126,5000,AVAILABLE_REPRESENTATIVE_DESIGN,1422444448394605728,DESCRIPTIVE_NOT_SIMULTANEOUS_FAMILYWISE
CO2,24,PAIR,local_level_kalman - seasonal_residual_linear,PHYSICAL_STATION_PRIMARY,3,3,0.050499982743119079,-0.012477389136232392,0.92177469795350109,5000,AVAILABLE_REPRESENTATIVE_DESIGN,16221599473410979753,DESCRIPTIVE_NOT_SIMULTANEOUS_FAMILYWISE
CO2,24,PAIR,pchip - seasonal_median,PHYSICAL_STATION_PRIMARY,3,3,-0.17628765391948925,-0.32307450208231392,1.3977327428299702,5000,AVAILABLE_REPRESENTATIVE_DESIGN,4488140402955469409,DESCRIPTIVE_NOT_SIMULTANEOUS_FAMILYWISE
CO2,24,PAIR,pchip - seasonal_residual_linear,PHYSICAL_STATION_PRIMARY,3,3,0.047034354399500024,-0.038170265012301446,1.4303101511467033,5000,AVAILABLE_REPRESENTATIVE_DESIGN,4897422165401591483,DESCRIPTIVE_NOT_SIMULTANEOUS_FAMILYWISE
CO2,24,PAIR,seasonal_median - seasonal_residual_linear,PHYSICAL_STATION_PRIMARY,3,3,0.24562986483809668,-0.13842626513330747,0.35971955127853739,5000,AVAILABLE_REPRESENTATIVE_DESIGN,7071914491426292462,DESCRIPTIVE_NOT_SIMULTANEOUS_FAMILYWISE
CO2,48,PAIR,linear - local_level_kalman,PHYSICAL_STATION_PRIMARY,3,3,-0.017953058954432617,-0.20995205090755481,0.26667484677733533,5000,AVAILABLE_REPRESENTATIVE_DESIGN,527265938330298424,DESCRIPTIVE_NOT_SIMULTANEOUS_FAMILYWISE
CO2,48,PAIR,linear - pchip,PHYSICAL_STATION_PRIMARY,3,3,-0.0032334788226986572,-0.027259536700721787,0.11265517158229876,5000,AVAILABLE_REPRESENTATIVE_DESIGN,1670109190784563171,DESCRIPTIVE_NOT_SIMULTANEOUS_FAMILYWISE
CO2,48,PAIR,linear - seasonal_median,PHYSICAL_STATION_PRIMARY,3,3,0.016553726094770738,-0.31258178618069749,1.3060723481081986,5000,AVAILABLE_REPRESENTATIVE_DESIGN,13953947437475874399,DESCRIPTIVE_NOT_SIMULTANEOUS_FAMILYWISE
CO2,48,PAIR,linear - seasonal_residual_linear,PHYSICAL_STATION_PRIMARY,3,3,0.043060350013987725,0.00018662507092184755,1.3131599927715421,5000,AVAILABLE_REPRESENTATIVE_DESIGN,13670678542937537485,DESCRIPTIVE_NOT_SIMULTANEOUS_FAMILYWISE
CO2,48,PAIR,local_level_kalman - pchip,PHYSICAL_STATION_PRIMARY,3,3,0.026011770152511153,-0.26295750684148778,0.32260722248985357,5000,AVAILABLE_REPRESENTATIVE_DESIGN,2214856937959441424,DESCRIPTIVE_NOT_SIMULTANEOUS_FAMILYWISE
CO2,48,PAIR,local_level_kalman - seasonal_median,PHYSICAL_STATION_PRIMARY,3,3,0.22650577700232555,-0.24016599685531181,0.96660218219617211,5000,AVAILABLE_REPRESENTATIVE_DESIGN,15189499834981336790,DESCRIPTIVE_NOT_SIMULTANEOUS_FAMILYWISE
CO2,48,PAIR,local_level_kalman - seasonal_residual_linear,PHYSICAL_STATION_PRIMARY,3,3,0.25301240092154254,0.030963741898429605,0.74949528933830234,5000,AVAILABLE_REPRESENTATIVE_DESIGN,7305824753108308868,DESCRIPTIVE_NOT_SIMULTANEOUS_FAMILYWISE
CO2,48,PAIR,pchip - seasonal_median,PHYSICAL_STATION_PRIMARY,3,3,-0.096101445487528026,-0.29897999449197971,1.324096272451444,5000,AVAILABLE_REPRESENTATIVE_DESIGN,4954156815510443969,DESCRIPTIVE_NOT_SIMULTANEOUS_FAMILYWISE
CO2,48,PAIR,pchip - seasonal_residual_linear,PHYSICAL_STATION_PRIMARY,3,3,-0.0018130751364108522,-0.069594821568311038,1.4473435410551616,5000,AVAILABLE_REPRESENTATIVE_DESIGN,16787618010998900093,DESCRIPTIVE_NOT_SIMULTANEOUS_FAMILYWISE
CO2,48,PAIR,seasonal_median - seasonal_residual_linear,PHYSICAL_STATION_PRIMARY,3,3,0.026506623919216987,-0.16903762947855583,0.33884820573456509,5000,AVAILABLE_REPRESENTATIVE_DESIGN,3925501730659976761,DESCRIPTIVE_NOT_SIMULTANEOUS_FAMILYWISE
CO2,72,PAIR,linear - local_level_kalman,PHYSICAL_STATION_PRIMARY,3,3,0.059358744771491723,0.016246713876804278,0.098550030658333343,5000,AVAILABLE_REPRESENTATIVE_DESIGN,14306295587632278833,DESCRIPTIVE_NOT_SIMULTANEOUS_FAMILYWISE
CO2,72,PAIR,linear - pchip,PHYSICAL_STATION_PRIMARY,3,3,-0.0034104118655662874,-0.021295460991757054,0.032768051092418427,5000,AVAILABLE_REPRESENTATIVE_DESIGN,15076961228806699022,DESCRIPTIVE_NOT_SIMULTANEOUS_FAMILYWISE
CO2,72,PAIR,linear - seasonal_median,PHYSICAL_STATION_PRIMARY,3,3,0.30660116493315986,-0.2222400581453291,1.220958518304528,5000,AVAILABLE_REPRESENTATIVE_DESIGN,3304396006393934271,DESCRIPTIVE_NOT_SIMULTANEOUS_FAMILYWISE
CO2,72,PAIR,linear - seasonal_residual_linear,PHYSICAL_STATION_PRIMARY,3,3,0.074826586886739932,0.020037215837440045,1.2655315516164589,5000,AVAILABLE_REPRESENTATIVE_DESIGN,5870722312793837838,DESCRIPTIVE_NOT_SIMULTANEOUS_FAMILYWISE
CO2,72,PAIR,local_level_kalman - pchip,PHYSICAL_STATION_PRIMARY,3,3,-0.026590693679073296,-0.098662970905501801,-0.01848042992026383,5000,AVAILABLE_REPRESENTATIVE_DESIGN,3726500967058293999,DESCRIPTIVE_NOT_SIMULTANEOUS_FAMILYWISE
CO2,72,PAIR,local_level_kalman - seasonal_median,PHYSICAL_STATION_PRIMARY,3,3,0.24724242016166814,-0.19588366543458474,1.0674330552174145,5000,AVAILABLE_REPRESENTATIVE_DESIGN,10247624268563506106,DESCRIPTIVE_NOT_SIMULTANEOUS_FAMILYWISE
CO2,72,PAIR,local_level_kalman - seasonal_residual_linear,PHYSICAL_STATION_PRIMARY,3,3,0.015467842115248209,0.00032285277745411345,0.8570605840236456,5000,AVAILABLE_REPRESENTATIVE_DESIGN,16599130133368753665,DESCRIPTIVE_NOT_SIMULTANEOUS_FAMILYWISE
CO2,72,PAIR,pchip - seasonal_median,PHYSICAL_STATION_PRIMARY,3,3,0.27383311384074144,-0.17987942059512987,1.2316362925243864,5000,AVAILABLE_REPRESENTATIVE_DESIGN,3609635478552764715,DESCRIPTIVE_NOT_SIMULTANEOUS_FAMILYWISE
CO2,72,PAIR,pchip - seasonal_residual_linear,PHYSICAL_STATION_PRIMARY,3,3,0.042058535794321505,0.025757227373648009,1.1461591043241433,5000,AVAILABLE_REPRESENTATIVE_DESIGN,11849238638227424534,DESCRIPTIVE_NOT_SIMULTANEOUS_FAMILYWISE
CO2,72,PAIR,seasonal_median - seasonal_residual_linear,PHYSICAL_STATION_PRIMARY,3,3,-0.23177457804641993,-0.54439633831912704,0.22281954592075304,5000,AVAILABLE_REPRESENTATIVE_DESIGN,12239351718741254940,DESCRIPTIVE_NOT_SIMULTANEOUS_FAMILYWISE
CH4,1,PAIR,linear - local_level_kalman,STRATUM_BLOCK_SENSITIVITY,4,8,-0.46447976068066055,-0.98514381587267508,-0.30810726641351494,5000,STRATUM_BLOCK_SENSITIVITY,5905004835350039641,DESCRIPTIVE_NOT_SIMULTANEOUS_FAMILYWISE
CH4,1,PAIR,linear - pchip,STRATUM_BLOCK_SENSITIVITY,4,8,0.0011005434784578938,1.1368683772161603e-13,0.020217813540398311,5000,STRATUM_BLOCK_SENSITIVITY,5748621851873813555,DESCRIPTIVE_NOT_SIMULTANEOUS_FAMILYWISE
CH4,1,PAIR,linear - seasonal_median,STRATUM_BLOCK_SENSITIVITY,4,8,-5.3462499999999409,-29.864249999999856,-2.6424999999999272,5000,STRATUM_BLOCK_SENSITIVITY,6733289947758588700,DESCRIPTIVE_NOT_SIMULTANEOUS_FAMILYWISE
CH4,1,PAIR,linear - seasonal_residual_linear,STRATUM_BLOCK_SENSITIVITY,4,8,-0.20593749999989086,-0.50125000000025466,-0.030000000000086402,5000,STRATUM_BLOCK_SENSITIVITY,2223096389867971785,DESCRIPTIVE_NOT_SIMULTANEOUS_FAMILYWISE
CH4,1,PAIR,local_level_kalman - pchip,STRATUM_BLOCK_SENSITIVITY,4,8,0.42653307389099382,0.35477114350794636,0.98844755436778087,5000,STRATUM_BLOCK_SENSITIVITY,4533181632558723146,DESCRIPTIVE_NOT_SIMULTANEOUS_FAMILYWISE
CH4,1,PAIR,local_level_kalman - seasonal_median,STRATUM_BLOCK_SENSITIVITY,4,8,-5.0985182874114798,-27.798347992057074,-2.188709737893646,5000,STRATUM_BLOCK_SENSITIVITY,16405054043278253557,DESCRIPTIVE_NOT_SIMULTANEOUS_FAMILYWISE
CH4,1,PAIR,local_level_kalman - seasonal_residual_linear,STRATUM_BLOCK_SENSITIVITY,4,8,0.22835428270008151,0.07525176113017551,0.4669427304357896,5000,STRATUM_BLOCK_SENSITIVITY,8112888583979028022,DESCRIPTIVE_NOT_SIMULTANEOUS_FAMILYWISE
CH4,1,PAIR,pchip - seasonal_median,STRATUM_BLOCK_SENSITIVITY,4,8,-5.3854438086537471,-29.910907528727193,-2.6668916083915519,5000,STRATUM_BLOCK_SENSITIVITY,5918506713050191686,DESCRIPTIVE_NOT_SIMULTANEOUS_FAMILYWISE
CH4,1,PAIR,pchip - seasonal_residual_linear,STRATUM_BLOCK_SENSITIVITY,4,8,-0.24322616943408093,-0.50069159302745447,-0.014250000000174623,5000,STRATUM_BLOCK_SENSITIVITY,7694366203061233404,DESCRIPTIVE_NOT_SIMULTANEOUS_FAMILYWISE
CH4,1,PAIR,seasonal_median - seasonal_residual_linear,STRATUM_BLOCK_SENSITIVITY,4,8,5.2849999999999113,2.6875000000001137,29.365999999999985,5000,STRATUM_BLOCK_SENSITIVITY,5315161366531862812,DESCRIPTIVE_NOT_SIMULTANEOUS_FAMILYWISE
CH4,3,PAIR,linear - local_level_kalman,STRATUM_BLOCK_SENSITIVITY,4,8,-0.3533476786983229,-0.60170235116429649,-0.26967913602176791,5000,STRATUM_BLOCK_SENSITIVITY,12748062636565512824,DESCRIPTIVE_NOT_SIMULTANEOUS_FAMILYWISE
CH4,3,PAIR,linear - pchip,STRATUM_BLOCK_SENSITIVITY,4,8,0.0081174669533234586,-0.0089604209325546968,0.068959126575513285,5000,STRATUM_BLOCK_SENSITIVITY,3170832766713761302,DESCRIPTIVE_NOT_SIMULTANEOUS_FAMILYWISE
CH4,3,PAIR,linear - seasonal_median,STRATUM_BLOCK_SENSITIVITY,4,8,-6.0233041314953564,-28.31534707678264,-1.846152393856944,5000,STRATUM_BLOCK_SENSITIVITY,9684733377169295426,DESCRIPTIVE_NOT_SIMULTANEOUS_FAMILYWISE
CH4,3,PAIR,linear - seasonal_residual_linear,STRATUM_BLOCK_SENSITIVITY,4,8,-0.26471520550599814,-0.52778676717890427,-0.089668818930208505,5000,STRATUM_BLOCK_SENSITIVITY,2175210584790474587,DESCRIPTIVE_NOT_SIMULTANEOUS_FAMILYWISE
CH4,3,PAIR,local_level_kalman - pchip,STRATUM_BLOCK_SENSITIVITY,4,8,0.51362287770035586,0.28615763707784636,0.65447470312146905,5000,STRATUM_BLOCK_SENSITIVITY,9172002423947466983,DESCRIPTIVE_NOT_SIMULTANEOUS_FAMILYWISE
CH4,3,PAIR,local_level_kalman - seasonal_median,STRATUM_BLOCK_SENSITIVITY,4,8,-5.6290624747947131,-24.700984942037145,-1.5529850624988812,5000,STRATUM_BLOCK_SENSITIVITY,3681069678904750501,DESCRIPTIVE_NOT_SIMULTANEOUS_FAMILYWISE
CH4,3,PAIR,local_level_kalman - seasonal_residual_linear,STRATUM_BLOCK_SENSITIVITY,4,8,0.29347142840085372,0.064508346823488966,0.34761850096395952,5000,STRATUM_BLOCK_SENSITIVITY,14335656230601080196,DESCRIPTIVE_NOT_SIMULTANEOUS_FAMILYWISE
CH4,3,PAIR,pchip - seasonal_median,STRATUM_BLOCK_SENSITIVITY,4,8,-6.0781818600998925,-29.16668211826784,-1.704430908664099,5000,STRATUM_BLOCK_SENSITIVITY,15280805458340272146,DESCRIPTIVE_NOT_SIMULTANEOUS_FAMILYWISE
CH4,3,PAIR,pchip - seasonal_residual_linear,STRATUM_BLOCK_SENSITIVITY,4,8,-0.37749786433374843,-0.84560522234932844,-0.11662339799564947,5000,STRATUM_BLOCK_SENSITIVITY,6295145374133037572,DESCRIPTIVE_NOT_SIMULTANEOUS_FAMILYWISE
CH4,3,PAIR,seasonal_median - seasonal_residual_linear,STRATUM_BLOCK_SENSITIVITY,4,8,5.7735414611519724,2.4496804673054458,27.806649817973423,5000,STRATUM_BLOCK_SENSITIVITY,108074312290633249,DESCRIPTIVE_NOT_SIMULTANEOUS_FAMILYWISE
CH4,6,PAIR,linear - local_level_kalman,STRATUM_BLOCK_SENSITIVITY,4,8,-0.2615598964856124,-1.2244095369011214,-0.13223518353253863,5000,STRATUM_BLOCK_SENSITIVITY,5715607216635977950,DESCRIPTIVE_NOT_SIMULTANEOUS_FAMILYWISE
CH4,6,PAIR,linear - pchip,STRATUM_BLOCK_SENSITIVITY,4,8,-0.0054667056380886675,-0.012743152715088968,0.045787031899089836,5000,STRATUM_BLOCK_SENSITIVITY,18238990549731636871,DESCRIPTIVE_NOT_SIMULTANEOUS_FAMILYWISE
CH4,6,PAIR,linear - seasonal_median,STRATUM_BLOCK_SENSITIVITY,4,8,-5.4551381403333457,-27.425001299680908,-3.3633826200555563,5000,STRATUM_BLOCK_SENSITIVITY,17088133115869436334,DESCRIPTIVE_NOT_SIMULTANEOUS_FAMILYWISE
CH4,6,PAIR,linear - seasonal_residual_linear,STRATUM_BLOCK_SENSITIVITY,4,8,-0.24040209928026429,-0.33127018965113597,-0.005767153296474592,5000,STRATUM_BLOCK_SENSITIVITY,4421522513422595927,DESCRIPTIVE_NOT_SIMULTANEOUS_FAMILYWISE
CH4,6,PAIR,local_level_kalman - pchip,STRATUM_BLOCK_SENSITIVITY,4,8,0.21303250272294616,0.10851083723877608,1.3585697178122069,5000,STRATUM_BLOCK_SENSITIVITY,4183575409092468087,DESCRIPTIVE_NOT_SIMULTANEOUS_FAMILYWISE
CH4,6,PAIR,local_level_kalman - seasonal_median,STRATUM_BLOCK_SENSITIVITY,4,8,-4.9707752268403844,-22.720131333070444,-2.58056457718211,5000,STRATUM_BLOCK_SENSITIVITY,9676195211188710755,DESCRIPTIVE_NOT_SIMULTANEOUS_FAMILYWISE
CH4,6,PAIR,local_level_kalman - seasonal_residual_linear,STRATUM_BLOCK_SENSITIVITY,4,8,0.074570153192359309,-0.19946374721211191,0.65507563607102359,5000,STRATUM_BLOCK_SENSITIVITY,13887497099719527655,DESCRIPTIVE_NOT_SIMULTANEOUS_FAMILYWISE
CH4,6,PAIR,pchip - seasonal_median,STRATUM_BLOCK_SENSITIVITY,4,8,-5.3608062929436802,-27.095612859691279,-3.3106757999004217,5000,STRATUM_BLOCK_SENSITIVITY,4394587790589500763,DESCRIPTIVE_NOT_SIMULTANEOUS_FAMILYWISE
CH4,6,PAIR,pchip - seasonal_residual_linear,STRATUM_BLOCK_SENSITIVITY,4,8,-0.25016248149964815,-0.71909154410785325,-0.098280358882776975,5000,STRATUM_BLOCK_SENSITIVITY,7417283419824839834,DESCRIPTIVE_NOT_SIMULTANEOUS_FAMILYWISE
CH4,6,PAIR,seasonal_median - seasonal_residual_linear,STRATUM_BLOCK_SENSITIVITY,4,8,5.3115763492835208,3.331792615637573,27.547047793373331,5000,STRATUM_BLOCK_SENSITIVITY,7550949358214419385,DESCRIPTIVE_NOT_SIMULTANEOUS_FAMILYWISE
CH4,12,PAIR,linear - local_level_kalman,STRATUM_BLOCK_SENSITIVITY,4,8,-0.47873723824818409,-1.2464160575956365,-0.14202154972102377,5000,STRATUM_BLOCK_SENSITIVITY,1934573767737177093,DESCRIPTIVE_NOT_SIMULTANEOUS_FAMILYWISE
CH4,12,PAIR,linear - pchip,STRATUM_BLOCK_SENSITIVITY,4,8,0.0033644104214202303,-0.036016449840405362,0.023046097021109491,5000,STRATUM_BLOCK_SENSITIVITY,5936843653122425140,DESCRIPTIVE_NOT_SIMULTANEOUS_FAMILYWISE
CH4,12,PAIR,linear - seasonal_median,STRATUM_BLOCK_SENSITIVITY,4,8,-4.2942660891415709,-29.899791664299414,-1.6872024557154712,5000,STRATUM_BLOCK_SENSITIVITY,3077993508707240487,DESCRIPTIVE_NOT_SIMULTANEOUS_FAMILYWISE
CH4,12,PAIR,linear - seasonal_residual_linear,STRATUM_BLOCK_SENSITIVITY,4,8,-0.15293150028322236,-0.9713647127878493,-0.031241210802111619,5000,STRATUM_BLOCK_SENSITIVITY,1140593585151495802,DESCRIPTIVE_NOT_SIMULTANEOUS_FAMILYWISE
CH4,12,PAIR,local_level_kalman - pchip,STRATUM_BLOCK_SENSITIVITY,4,8,0.59196857213338094,0.028243784134380889,1.1242632761072842,5000,STRATUM_BLOCK_SENSITIVITY,18128286523580651675,DESCRIPTIVE_NOT_SIMULTANEOUS_FAMILYWISE
CH4,12,PAIR,local_level_kalman - seasonal_median,STRATUM_BLOCK_SENSITIVITY,4,8,-4.1871343538560266,-25.845957325203685,-1.3135036387023935,5000,STRATUM_BLOCK_SENSITIVITY,350866145299652733,DESCRIPTIVE_NOT_SIMULTANEOUS_FAMILYWISE
CH4,12,PAIR,local_level_kalman - seasonal_residual_linear,STRATUM_BLOCK_SENSITIVITY,4,8,0.40261961720498857,0.0909746675442894,0.84717044295045929,5000,STRATUM_BLOCK_SENSITIVITY,16911972835569814641,DESCRIPTIVE_NOT_SIMULTANEOUS_FAMILYWISE
CH4,12,PAIR,pchip - seasonal_median,STRATUM_BLOCK_SENSITIVITY,4,8,-4.1901544785441276,-30.858778183607466,-1.7629921181711876,5000,STRATUM_BLOCK_SENSITIVITY,14252034049952234130,DESCRIPTIVE_NOT_SIMULTANEOUS_FAMILYWISE
CH4,12,PAIR,pchip - seasonal_residual_linear,STRATUM_BLOCK_SENSITIVITY,4,8,-0.079366791640836543,-0.60339564038999427,0.040057715461404464,5000,STRATUM_BLOCK_SENSITIVITY,15084200875111963611,DESCRIPTIVE_NOT_SIMULTANEOUS_FAMILYWISE
CH4,12,PAIR,seasonal_median - seasonal_residual_linear,STRATUM_BLOCK_SENSITIVITY,4,8,4.3629976095205203,1.6088108480218426,29.655007451481811,5000,STRATUM_BLOCK_SENSITIVITY,6717756483060584686,DESCRIPTIVE_NOT_SIMULTANEOUS_FAMILYWISE
CH4,24,PAIR,linear - local_level_kalman,STRATUM_BLOCK_SENSITIVITY,4,8,-0.13805235225590146,-1.2217929999114721,-0.030148675295999627,5000,STRATUM_BLOCK_SENSITIVITY,7227334716404953131,DESCRIPTIVE_NOT_SIMULTANEOUS_FAMILYWISE
CH4,24,PAIR,linear - pchip,STRATUM_BLOCK_SENSITIVITY,4,8,0.0093232655137593934,-0.12490346488018789,0.051960087746380168,5000,STRATUM_BLOCK_SENSITIVITY,8108881590746371116,DESCRIPTIVE_NOT_SIMULTANEOUS_FAMILYWISE
CH4,24,PAIR,linear - seasonal_median,STRATUM_BLOCK_SENSITIVITY,4,8,-3.9055842742027389,-15.383208036368202,-1.4320865252203117,5000,STRATUM_BLOCK_SENSITIVITY,15179996655673813260,DESCRIPTIVE_NOT_SIMULTANEOUS_FAMILYWISE
CH4,24,PAIR,linear - seasonal_residual_linear,STRATUM_BLOCK_SENSITIVITY,4,8,-0.30202788354245141,-0.53658213946746169,0.2019772658557677,5000,STRATUM_BLOCK_SENSITIVITY,8703692585394375433,DESCRIPTIVE_NOT_SIMULTANEOUS_FAMILYWISE
CH4,24,PAIR,local_level_kalman - pchip,STRATUM_BLOCK_SENSITIVITY,4,8,0.45014062019820339,-0.094754789584188259,1.3683530078599238,5000,STRATUM_BLOCK_SENSITIVITY,15808455803254199206,DESCRIPTIVE_NOT_SIMULTANEOUS_FAMILYWISE
CH4,24,PAIR,local_level_kalman - seasonal_median,STRATUM_BLOCK_SENSITIVITY,4,8,-4.0343741032609177,-10.210727117628693,-1.2349176529606638,5000,STRATUM_BLOCK_SENSITIVITY,2865745540800138980,DESCRIPTIVE_NOT_SIMULTANEOUS_FAMILYWISE
CH4,24,PAIR,local_level_kalman - seasonal_residual_linear,STRATUM_BLOCK_SENSITIVITY,4,8,0.39813683804038552,0.038994105516330979,1.0250795257354097,5000,STRATUM_BLOCK_SENSITIVITY,14909585671347287150,DESCRIPTIVE_NOT_SIMULTANEOUS_FAMILYWISE
CH4,24,PAIR,pchip - seasonal_median,STRATUM_BLOCK_SENSITIVITY,4,8,-4.7277313173918101,-14.60860431143421,-1.4500096850622368,5000,STRATUM_BLOCK_SENSITIVITY,9625787175697903145,DESCRIPTIVE_NOT_SIMULTANEOUS_FAMILYWISE
CH4,24,PAIR,pchip - seasonal_residual_linear,STRATUM_BLOCK_SENSITIVITY,4,8,-0.32590081630716089,-1.1986614384564738,0.20679083165008849,5000,STRATUM_BLOCK_SENSITIVITY,5233684251147590551,DESCRIPTIVE_NOT_SIMULTANEOUS_FAMILYWISE
CH4,24,PAIR,seasonal_median - seasonal_residual_linear,STRATUM_BLOCK_SENSITIVITY,4,8,4.6810867623906294,1.5548323880654569,13.253789281423312,5000,STRATUM_BLOCK_SENSITIVITY,16450518900533754497,DESCRIPTIVE_NOT_SIMULTANEOUS_FAMILYWISE
CH4,48,PAIR,linear - local_level_kalman,STRATUM_BLOCK_SENSITIVITY,4,8,-0.49232168102470164,-1.1601653914081154,0.046676292868566005,5000,STRATUM_BLOCK_SENSITIVITY,6662849318178622674,DESCRIPTIVE_NOT_SIMULTANEOUS_FAMILYWISE
CH4,48,PAIR,linear - pchip,STRATUM_BLOCK_SENSITIVITY,4,8,-0.004128107135407455,-0.2637853196504949,0.079758159905359172,5000,STRATUM_BLOCK_SENSITIVITY,17413884326233488891,DESCRIPTIVE_NOT_SIMULTANEOUS_FAMILYWISE
CH4,48,PAIR,linear - seasonal_median,STRATUM_BLOCK_SENSITIVITY,4,8,-3.5096474647092331,-8.8162103007267838,-1.1646598890213908,5000,STRATUM_BLOCK_SENSITIVITY,2275392434646897830,DESCRIPTIVE_NOT_SIMULTANEOUS_FAMILYWISE
CH4,48,PAIR,linear - seasonal_residual_linear,STRATUM_BLOCK_SENSITIVITY,4,8,-0.16464551657408633,-0.7449484566720912,0.15485266171260256,5000,STRATUM_BLOCK_SENSITIVITY,3555966234379833476,DESCRIPTIVE_NOT_SIMULTANEOUS_FAMILYWISE
CH4,48,PAIR,local_level_kalman - pchip,STRATUM_BLOCK_SENSITIVITY,4,8,0.13655945085606536,-0.18102000927226169,1.2399235513134745,5000,STRATUM_BLOCK_SENSITIVITY,11682777776184956353,DESCRIPTIVE_NOT_SIMULTANEOUS_FAMILYWISE
CH4,48,PAIR,local_level_kalman - seasonal_median,STRATUM_BLOCK_SENSITIVITY,4,8,-3.4283059294058233,-7.2341820048830279,-0.0044944976132754721,5000,STRATUM_BLOCK_SENSITIVITY,1083484812861504069,DESCRIPTIVE_NOT_SIMULTANEOUS_FAMILYWISE
CH4,48,PAIR,local_level_kalman - seasonal_residual_linear,STRATUM_BLOCK_SENSITIVITY,4,8,-0.0099846731048458537,-0.76880183232997168,0.37852877462439782,5000,STRATUM_BLOCK_SENSITIVITY,14998635134080522825,DESCRIPTIVE_NOT_SIMULTANEOUS_FAMILYWISE
CH4,48,PAIR,pchip - seasonal_median,STRATUM_BLOCK_SENSITIVITY,4,8,-3.449486730963935,-8.3765747197326625,-1.24441804892675,5000,STRATUM_BLOCK_SENSITIVITY,16940140572136205771,DESCRIPTIVE_NOT_SIMULTANEOUS_FAMILYWISE
CH4,48,PAIR,pchip - seasonal_residual_linear,STRATUM_BLOCK_SENSITIVITY,4,8,0.010573818863391038,-1.1245141489734689,0.27774473369363673,5000,STRATUM_BLOCK_SENSITIVITY,17824502615221438134,DESCRIPTIVE_NOT_SIMULTANEOUS_FAMILYWISE
CH4,48,PAIR,seasonal_median - seasonal_residual_linear,STRATUM_BLOCK_SENSITIVITY,4,8,3.9174182768668384,0.1199038999532811,9.9979521941828331,5000,STRATUM_BLOCK_SENSITIVITY,17135564889381134350,DESCRIPTIVE_NOT_SIMULTANEOUS_FAMILYWISE
CH4,72,PAIR,linear - local_level_kalman,STRATUM_BLOCK_SENSITIVITY,4,7,-0.20641775372379945,-1.3045221742499393,0.11993881194709477,5000,STRATUM_BLOCK_SENSITIVITY,17594608445415414042,DESCRIPTIVE_NOT_SIMULTANEOUS_FAMILYWISE
CH4,72,PAIR,linear - pchip,STRATUM_BLOCK_SENSITIVITY,4,7,0.098125056155850654,-0.11080929126061123,0.21161117000017104,5000,STRATUM_BLOCK_SENSITIVITY,13823103849765971262,DESCRIPTIVE_NOT_SIMULTANEOUS_FAMILYWISE
CH4,72,PAIR,linear - seasonal_median,STRATUM_BLOCK_SENSITIVITY,4,7,-5.5247819833515948,-9.4591482703214353,0.30041132487953703,5000,STRATUM_BLOCK_SENSITIVITY,15511989968726168049,DESCRIPTIVE_NOT_SIMULTANEOUS_FAMILYWISE
CH4,72,PAIR,linear - seasonal_residual_linear,STRATUM_BLOCK_SENSITIVITY,4,7,0.11103058483792827,-0.58845076612517744,0.21771895041913492,5000,STRATUM_BLOCK_SENSITIVITY,14791477281477877841,DESCRIPTIVE_NOT_SIMULTANEOUS_FAMILYWISE
CH4,72,PAIR,local_level_kalman - pchip,STRATUM_BLOCK_SENSITIVITY,4,7,0.33129602964411919,-0.19812730203811646,1.3094147830011682,5000,STRATUM_BLOCK_SENSITIVITY,539655151359600279,DESCRIPTIVE_NOT_SIMULTANEOUS_FAMILYWISE
CH4,72,PAIR,local_level_kalman - seasonal_median,STRATUM_BLOCK_SENSITIVITY,4,7,-3.4409537229778273,-8.5889886497431753,0.51460928914734394,5000,STRATUM_BLOCK_SENSITIVITY,13617304670811553784,DESCRIPTIVE_NOT_SIMULTANEOUS_FAMILYWISE
CH4,72,PAIR,local_level_kalman - seasonal_residual_linear,STRATUM_BLOCK_SENSITIVITY,4,7,0.29975362484010482,0.22998274682932462,1.3228272183726872,5000,STRATUM_BLOCK_SENSITIVITY,15382081276751383823,DESCRIPTIVE_NOT_SIMULTANEOUS_FAMILYWISE
CH4,72,PAIR,pchip - seasonal_median,STRATUM_BLOCK_SENSITIVITY,4,7,-4.9853981335119109,-9.6009536860812119,0.31548456706528905,5000,STRATUM_BLOCK_SENSITIVITY,7704648562190923390,DESCRIPTIVE_NOT_SIMULTANEOUS_FAMILYWISE
CH4,72,PAIR,pchip - seasonal_residual_linear,STRATUM_BLOCK_SENSITIVITY,4,7,0.15797836768214601,-0.68727321913472483,0.46846634490990147,5000,STRATUM_BLOCK_SENSITIVITY,10396149497711933243,DESCRIPTIVE_NOT_SIMULTANEOUS_FAMILYWISE
CH4,72,PAIR,seasonal_median - seasonal_residual_linear,STRATUM_BLOCK_SENSITIVITY,4,7,5.4817151251625198,-0.092643347620157801,8.4672927303223737,5000,STRATUM_BLOCK_SENSITIVITY,11586431574040575860,DESCRIPTIVE_NOT_SIMULTANEOUS_FAMILYWISE
CO2,1,PAIR,linear - local_level_kalman,STRATUM_BLOCK_SENSITIVITY,3,5,-0.048356255383595226,-0.77918151941833003,-0.018999785734564512,5000,STRATUM_BLOCK_SENSITIVITY,1543335714431628686,DESCRIPTIVE_NOT_SIMULTANEOUS_FAMILYWISE
CO2,1,PAIR,linear - pchip,STRATUM_BLOCK_SENSITIVITY,3,5,0,0,0.0032461832061017049,5000,STRATUM_BLOCK_SENSITIVITY,1670920235636175738,DESCRIPTIVE_NOT_SIMULTANEOUS_FAMILYWISE
CO2,1,PAIR,linear - seasonal_median,STRATUM_BLOCK_SENSITIVITY,3,5,-0.6950000000000216,-0.80924999999999159,-0.22500000000002274,5000,STRATUM_BLOCK_SENSITIVITY,7458481186808998413,DESCRIPTIVE_NOT_SIMULTANEOUS_FAMILYWISE
CO2,1,PAIR,linear - seasonal_residual_linear,STRATUM_BLOCK_SENSITIVITY,3,5,-0.013750000000015916,-0.022749999999973625,0.0087499999999920419,5000,STRATUM_BLOCK_SENSITIVITY,16019011136996939671,DESCRIPTIVE_NOT_SIMULTANEOUS_FAMILYWISE
CO2,1,PAIR,local_level_kalman - pchip,STRATUM_BLOCK_SENSITIVITY,3,5,0.048763126992980688,0.015538247272985473,0.76881956970834153,5000,STRATUM_BLOCK_SENSITIVITY,17853525637160366702,DESCRIPTIVE_NOT_SIMULTANEOUS_FAMILYWISE
CO2,1,PAIR,local_level_kalman - seasonal_median,STRATUM_BLOCK_SENSITIVITY,3,5,-0.18524438270819132,-0.72009929995306265,0.10795668930410329,5000,STRATUM_BLOCK_SENSITIVITY,12675107609568255672,DESCRIPTIVE_NOT_SIMULTANEOUS_FAMILYWISE
CO2,1,PAIR,local_level_kalman - seasonal_residual_linear,STRATUM_BLOCK_SENSITIVITY,3,5,0.032106255383581583,-0.0072080768866840117,0.6689315194183223,5000,STRATUM_BLOCK_SENSITIVITY,11967526705318248517,DESCRIPTIVE_NOT_SIMULTANEOUS_FAMILYWISE
CO2,1,PAIR,pchip - seasonal_median,STRATUM_BLOCK_SENSITIVITY,3,5,-0.68621779597916088,-0.7767173108969132,-0.21163232238018281,5000,STRATUM_BLOCK_SENSITIVITY,16874489817543519016,DESCRIPTIVE_NOT_SIMULTANEOUS_FAMILYWISE
CO2,1,PAIR,pchip - seasonal_residual_linear,STRATUM_BLOCK_SENSITIVITY,3,5,-0.0087499999999920419,-0.057862104941875714,0.0029618226600689468,5000,STRATUM_BLOCK_SENSITIVITY,10785443646771095925,DESCRIPTIVE_NOT_SIMULTANEOUS_FAMILYWISE
CO2,1,PAIR,seasonal_median - seasonal_residual_linear,STRATUM_BLOCK_SENSITIVITY,3,5,0.54874999999995566,0.2112499999999784,0.7732499999999618,5000,STRATUM_BLOCK_SENSITIVITY,18355305386123572707,DESCRIPTIVE_NOT_SIMULTANEOUS_FAMILYWISE
CO2,3,PAIR,linear - local_level_kalman,STRATUM_BLOCK_SENSITIVITY,3,5,-0.085614526030632507,-0.98453579573473726,-0.033382599783102179,5000,STRATUM_BLOCK_SENSITIVITY,3467961592480497059,DESCRIPTIVE_NOT_SIMULTANEOUS_FAMILYWISE
CO2,3,PAIR,linear - pchip,STRATUM_BLOCK_SENSITIVITY,3,5,0.01005256429206694,-7.5558381948369509e-05,0.029369179055522887,5000,STRATUM_BLOCK_SENSITIVITY,14995235484551716842,DESCRIPTIVE_NOT_SIMULTANEOUS_FAMILYWISE
CO2,3,PAIR,linear - seasonal_median,STRATUM_BLOCK_SENSITIVITY,3,5,-0.54034821687078205,-0.84295649861818989,-0.075598338760798939,5000,STRATUM_BLOCK_SENSITIVITY,8986504245870779608,DESCRIPTIVE_NOT_SIMULTANEOUS_FAMILYWISE
CO2,3,PAIR,linear - seasonal_residual_linear,STRATUM_BLOCK_SENSITIVITY,3,5,-0.028955925620944314,-0.073019600157240128,-0.001005159465216475,5000,STRATUM_BLOCK_SENSITIVITY,14347133433205008962,DESCRIPTIVE_NOT_SIMULTANEOUS_FAMILYWISE
CO2,3,PAIR,local_level_kalman - pchip,STRATUM_BLOCK_SENSITIVITY,3,5,0.07961788156511912,0.03853284899880631,0.96543354020734895,5000,STRATUM_BLOCK_SENSITIVITY,13524416705583734847,DESCRIPTIVE_NOT_SIMULTANEOUS_FAMILYWISE
CO2,3,PAIR,local_level_kalman - seasonal_median,STRATUM_BLOCK_SENSITIVITY,3,5,-0.0096137081586119139,-0.55334370085000306,0.19156281696353547,5000,STRATUM_BLOCK_SENSITIVITY,591325920879277823,DESCRIPTIVE_NOT_SIMULTANEOUS_FAMILYWISE
CO2,3,PAIR,local_level_kalman - seasonal_residual_linear,STRATUM_BLOCK_SENSITIVITY,3,5,0.088606758233693461,0.026135384796289421,0.95171383964841394,5000,STRATUM_BLOCK_SENSITIVITY,6764730671148006020,DESCRIPTIVE_NOT_SIMULTANEOUS_FAMILYWISE
CO2,3,PAIR,pchip - seasonal_median,STRATUM_BLOCK_SENSITIVITY,3,5,-0.54096670450305662,-0.91095170879808807,-0.078599236975393671,5000,STRATUM_BLOCK_SENSITIVITY,2767981153342963223,DESCRIPTIVE_NOT_SIMULTANEOUS_FAMILYWISE
CO2,3,PAIR,pchip - seasonal_residual_linear,STRATUM_BLOCK_SENSITIVITY,3,5,-0.029156651578808625,-0.086963051881314202,-0.0029888456912222569,5000,STRATUM_BLOCK_SENSITIVITY,18051119782280837101,DESCRIPTIVE_NOT_SIMULTANEOUS_FAMILYWISE
CO2,3,PAIR,seasonal_median - seasonal_residual_linear,STRATUM_BLOCK_SENSITIVITY,3,5,0.52291345935514633,0.059802654140911786,0.8816979426669469,5000,STRATUM_BLOCK_SENSITIVITY,4046019931630891516,DESCRIPTIVE_NOT_SIMULTANEOUS_FAMILYWISE
CO2,6,PAIR,linear - local_level_kalman,STRATUM_BLOCK_SENSITIVITY,3,5,-0.023741372593641733,-1.2545254459559949,-0.018368089453621488,5000,STRATUM_BLOCK_SENSITIVITY,13561325431583937593,DESCRIPTIVE_NOT_SIMULTANEOUS_FAMILYWISE
CO2,6,PAIR,linear - pchip,STRATUM_BLOCK_SENSITIVITY,3,5,0.0046117119525199424,-0.0021957329402318426,0.19881248473659102,5000,STRATUM_BLOCK_SENSITIVITY,3941509679955490782,DESCRIPTIVE_NOT_SIMULTANEOUS_FAMILYWISE
CO2,6,PAIR,linear - seasonal_median,STRATUM_BLOCK_SENSITIVITY,3,5,-0.47535452953563906,-0.67109238666724247,-0.24800825222090866,5000,STRATUM_BLOCK_SENSITIVITY,9096330636734969861,DESCRIPTIVE_NOT_SIMULTANEOUS_FAMILYWISE
CO2,6,PAIR,linear - seasonal_residual_linear,STRATUM_BLOCK_SENSITIVITY,3,5,-0.003785355893809246,-0.045052238071214598,0.14752126911411823,5000,STRATUM_BLOCK_SENSITIVITY,16695743261262802165,DESCRIPTIVE_NOT_SIMULTANEOUS_FAMILYWISE
CO2,6,PAIR,local_level_kalman - pchip,STRATUM_BLOCK_SENSITIVITY,3,5,0.031500695462569402,0.016615316852110217,1.4533379306925858,5000,STRATUM_BLOCK_SENSITIVITY,15623580926196094985,DESCRIPTIVE_NOT_SIMULTANEOUS_FAMILYWISE
CO2,6,PAIR,local_level_kalman - seasonal_median,STRATUM_BLOCK_SENSITIVITY,3,5,-0.2285004198511067,-0.4668905898965654,0.88510004638453732,5000,STRATUM_BLOCK_SENSITIVITY,4706691258708592797,DESCRIPTIVE_NOT_SIMULTANEOUS_FAMILYWISE
CO2,6,PAIR,local_level_kalman - seasonal_residual_linear,STRATUM_BLOCK_SENSITIVITY,3,5,0.057865660388770536,-0.0054996830899892782,1.2959544351065213,5000,STRATUM_BLOCK_SENSITIVITY,13504646578103242585,DESCRIPTIVE_NOT_SIMULTANEOUS_FAMILYWISE
CO2,6,PAIR,pchip - seasonal_median,STRATUM_BLOCK_SENSITIVITY,3,5,-0.47515135515220641,-0.68469501915286024,-0.24579589236062119,5000,STRATUM_BLOCK_SENSITIVITY,8937668061723235219,DESCRIPTIVE_NOT_SIMULTANEOUS_FAMILYWISE
CO2,6,PAIR,pchip - seasonal_residual_linear,STRATUM_BLOCK_SENSITIVITY,3,5,-0.060630037060233066,-0.13227898402462782,0.035344292216854686,5000,STRATUM_BLOCK_SENSITIVITY,10566270200368055512,DESCRIPTIVE_NOT_SIMULTANEOUS_FAMILYWISE
CO2,6,PAIR,seasonal_median - seasonal_residual_linear,STRATUM_BLOCK_SENSITIVITY,3,5,0.39222149114858262,0.081749673578197068,0.57157275412089725,5000,STRATUM_BLOCK_SENSITIVITY,6904826026014116660,DESCRIPTIVE_NOT_SIMULTANEOUS_FAMILYWISE
CO2,12,PAIR,linear - local_level_kalman,STRATUM_BLOCK_SENSITIVITY,3,5,-0.091428953083423178,-1.1641411149431782,0.0097077472363552436,5000,STRATUM_BLOCK_SENSITIVITY,797721690404127718,DESCRIPTIVE_NOT_SIMULTANEOUS_FAMILYWISE
CO2,12,PAIR,linear - pchip,STRATUM_BLOCK_SENSITIVITY,3,5,-0.0043947621620508831,-0.053861622658701869,0.12665906352017467,5000,STRATUM_BLOCK_SENSITIVITY,15992751535616441329,DESCRIPTIVE_NOT_SIMULTANEOUS_FAMILYWISE
CO2,12,PAIR,linear - seasonal_median,STRATUM_BLOCK_SENSITIVITY,3,5,-0.30980337287949977,-0.58993043991358662,0.54828626515969536,5000,STRATUM_BLOCK_SENSITIVITY,10885497790905416791,DESCRIPTIVE_NOT_SIMULTANEOUS_FAMILYWISE
CO2,12,PAIR,linear - seasonal_residual_linear,STRATUM_BLOCK_SENSITIVITY,3,5,0.00011449269127669637,-0.062274069716199761,0.83515966247329398,5000,STRATUM_BLOCK_SENSITIVITY,9833430314592778971,DESCRIPTIVE_NOT_SIMULTANEOUS_FAMILYWISE
CO2,12,PAIR,local_level_kalman - pchip,STRATUM_BLOCK_SENSITIVITY,3,5,0.088546612505262884,-0.0080038151091125359,1.1895422664128223,5000,STRATUM_BLOCK_SENSITIVITY,9720075022838015869,DESCRIPTIVE_NOT_SIMULTANEOUS_FAMILYWISE
CO2,12,PAIR,local_level_kalman - seasonal_median,STRATUM_BLOCK_SENSITIVITY,3,5,-0.15659042392053713,-0.33650121968963775,1.5606596924307798,5000,STRATUM_BLOCK_SENSITIVITY,1102696380957970985,DESCRIPTIVE_NOT_SIMULTANEOUS_FAMILYWISE
CO2,12,PAIR,local_level_kalman - seasonal_residual_linear,STRATUM_BLOCK_SENSITIVITY,3,5,0.062280412432908758,0.0018366431270810807,1.9154544896180798,5000,STRATUM_BLOCK_SENSITIVITY,12081705431986784386,DESCRIPTIVE_NOT_SIMULTANEOUS_FAMILYWISE
CO2,12,PAIR,pchip - seasonal_median,STRATUM_BLOCK_SENSITIVITY,3,5,-0.32615074574297309,-0.54440943944972953,0.23738114934263499,5000,STRATUM_BLOCK_SENSITIVITY,14489637896337415915,DESCRIPTIVE_NOT_SIMULTANEOUS_FAMILYWISE
CO2,12,PAIR,pchip - seasonal_residual_linear,STRATUM_BLOCK_SENSITIVITY,3,5,0.0014156462457091262,-0.1504776908940586,0.96867554289754376,5000,STRATUM_BLOCK_SENSITIVITY,7183259326296149728,DESCRIPTIVE_NOT_SIMULTANEOUS_FAMILYWISE
CO2,12,PAIR,seasonal_median - seasonal_residual_linear,STRATUM_BLOCK_SENSITIVITY,3,5,0.38576384490383081,0.047558019940648233,0.42876565455930643,5000,STRATUM_BLOCK_SENSITIVITY,13437576996950936642,DESCRIPTIVE_NOT_SIMULTANEOUS_FAMILYWISE
CO2,24,PAIR,linear - local_level_kalman,STRATUM_BLOCK_SENSITIVITY,3,5,0.011968022728887112,-0.02301304788879166,0.62707748547131348,5000,STRATUM_BLOCK_SENSITIVITY,2732586735680460594,DESCRIPTIVE_NOT_SIMULTANEOUS_FAMILYWISE
CO2,24,PAIR,linear - pchip,STRATUM_BLOCK_SENSITIVITY,3,5,0.0013228899598469596,-0.1246731324509327,0.066224873913714358,5000,STRATUM_BLOCK_SENSITIVITY,7683211057744202564,DESCRIPTIVE_NOT_SIMULTANEOUS_FAMILYWISE
CO2,24,PAIR,linear - seasonal_median,STRATUM_BLOCK_SENSITIVITY,3,5,-0.12503547085762906,-0.53142627816402865,1.5826893800692896,5000,STRATUM_BLOCK_SENSITIVITY,11064531139258969015,DESCRIPTIVE_NOT_SIMULTANEOUS_FAMILYWISE
CO2,24,PAIR,linear - seasonal_residual_linear,STRATUM_BLOCK_SENSITIVITY,3,5,0.070011025276546429,0.026846778732241561,1.857548783062952,5000,STRATUM_BLOCK_SENSITIVITY,17705330928377994971,DESCRIPTIVE_NOT_SIMULTANEOUS_FAMILYWISE
CO2,24,PAIR,local_level_kalman - pchip,STRATUM_BLOCK_SENSITIVITY,3,5,-0.031829169261480592,-0.75175061792224618,0.044835549854659762,5000,STRATUM_BLOCK_SENSITIVITY,9168930114932369660,DESCRIPTIVE_NOT_SIMULTANEOUS_FAMILYWISE
CO2,24,PAIR,local_level_kalman - seasonal_median,STRATUM_BLOCK_SENSITIVITY,3,5,-0.088194911276318538,-0.53609972960638652,1.1056489879486735,5000,STRATUM_BLOCK_SENSITIVITY,7616686675539470025,DESCRIPTIVE_NOT_SIMULTANEOUS_FAMILYWISE
CO2,24,PAIR,local_level_kalman - seasonal_residual_linear,STRATUM_BLOCK_SENSITIVITY,3,5,0.054208596456098004,-0.012477389136232392,1.3341104839622515,5000,STRATUM_BLOCK_SENSITIVITY,4478572900223694610,DESCRIPTIVE_NOT_SIMULTANEOUS_FAMILYWISE
CO2,24,PAIR,pchip - seasonal_median,STRATUM_BLOCK_SENSITIVITY,3,5,-0.11964983532418055,-0.52649916884044723,1.4181833695886552,5000,STRATUM_BLOCK_SENSITIVITY,3986735798946232391,DESCRIPTIVE_NOT_SIMULTANEOUS_FAMILYWISE
CO2,24,PAIR,pchip - seasonal_residual_linear,STRATUM_BLOCK_SENSITIVITY,3,5,0.07138715363150161,-0.038170265012301446,1.5994307724264099,5000,STRATUM_BLOCK_SENSITIVITY,13494429981103146076,DESCRIPTIVE_NOT_SIMULTANEOUS_FAMILYWISE
CO2,24,PAIR,seasonal_median - seasonal_residual_linear,STRATUM_BLOCK_SENSITIVITY,3,5,0.17106110952110698,-0.15699383972165837,0.54837799303596779,5000,STRATUM_BLOCK_SENSITIVITY,8928327419444701200,DESCRIPTIVE_NOT_SIMULTANEOUS_FAMILYWISE
CO2,48,PAIR,linear - local_level_kalman,STRATUM_BLOCK_SENSITIVITY,3,5,0.0015253547357464425,-0.20995205090755481,0.31611080609169795,5000,STRATUM_BLOCK_SENSITIVITY,9526118698186165092,DESCRIPTIVE_NOT_SIMULTANEOUS_FAMILYWISE
CO2,48,PAIR,linear - pchip,STRATUM_BLOCK_SENSITIVITY,3,5,-0.0045721579562623127,-0.04537269306923708,0.11265517158229876,5000,STRATUM_BLOCK_SENSITIVITY,6647063693740464211,DESCRIPTIVE_NOT_SIMULTANEOUS_FAMILYWISE
CO2,48,PAIR,linear - seasonal_median,STRATUM_BLOCK_SENSITIVITY,3,5,0.016553726094770738,-0.50780760828044436,1.4166622011187857,5000,STRATUM_BLOCK_SENSITIVITY,15683232831091830188,DESCRIPTIVE_NOT_SIMULTANEOUS_FAMILYWISE
CO2,48,PAIR,linear - seasonal_residual_linear,STRATUM_BLOCK_SENSITIVITY,3,5,0.043060350013987725,-0.019728176555510457,1.6918787310498475,5000,STRATUM_BLOCK_SENSITIVITY,17717299328277842852,DESCRIPTIVE_NOT_SIMULTANEOUS_FAMILYWISE
CO2,48,PAIR,local_level_kalman - pchip,STRATUM_BLOCK_SENSITIVITY,3,5,0.0071929516215189504,-0.26330343315076576,0.32260722248985357,5000,STRATUM_BLOCK_SENSITIVITY,4821356298552426772,DESCRIPTIVE_NOT_SIMULTANEOUS_FAMILYWISE
CO2,48,PAIR,local_level_kalman - seasonal_median,STRATUM_BLOCK_SENSITIVITY,3,5,0.22650577700232555,-0.40979004574291045,0.97824360763463858,5000,STRATUM_BLOCK_SENSITIVITY,2257382510931225441,DESCRIPTIVE_NOT_SIMULTANEOUS_FAMILYWISE
CO2,48,PAIR,local_level_kalman - seasonal_residual_linear,STRATUM_BLOCK_SENSITIVITY,3,5,0.25301240092154254,0.025836392792097151,0.7817882116463406,5000,STRATUM_BLOCK_SENSITIVITY,5045745259570500630,DESCRIPTIVE_NOT_SIMULTANEOUS_FAMILYWISE
CO2,48,PAIR,pchip - seasonal_median,STRATUM_BLOCK_SENSITIVITY,3,5,-0.094724538659777396,-0.50323545032418204,1.4073373567360399,5000,STRATUM_BLOCK_SENSITIVITY,13980033898601857879,DESCRIPTIVE_NOT_SIMULTANEOUS_FAMILYWISE
CO2,48,PAIR,pchip - seasonal_residual_linear,STRATUM_BLOCK_SENSITIVITY,3,5,0.015855866946606401,-0.069594821568311038,1.9148731345478494,5000,STRATUM_BLOCK_SENSITIVITY,1551441758359098300,DESCRIPTIVE_NOT_SIMULTANEOUS_FAMILYWISE
CO2,48,PAIR,seasonal_median - seasonal_residual_linear,STRATUM_BLOCK_SENSITIVITY,3,5,0.026506623919216987,-0.2610412406043745,0.58546639931202438,5000,STRATUM_BLOCK_SENSITIVITY,5782622177242550211,DESCRIPTIVE_NOT_SIMULTANEOUS_FAMILYWISE
CO2,72,PAIR,linear - local_level_kalman,STRATUM_BLOCK_SENSITIVITY,3,4,0.046625232331954286,-0.0013982921388082936,0.098550030658333343,5000,STRATUM_BLOCK_SENSITIVITY,6496799896881513626,DESCRIPTIVE_NOT_SIMULTANEOUS_FAMILYWISE
CO2,72,PAIR,linear - pchip,STRATUM_BLOCK_SENSITIVITY,3,4,-0.0034104118655662874,-0.021295460991757054,0.032768051092418427,5000,STRATUM_BLOCK_SENSITIVITY,13650371295237657667,DESCRIPTIVE_NOT_SIMULTANEOUS_FAMILYWISE
CO2,72,PAIR,linear - seasonal_median,STRATUM_BLOCK_SENSITIVITY,3,4,0.078213252549323056,-0.29430545645614442,1.220958518304528,5000,STRATUM_BLOCK_SENSITIVITY,6484788035581382648,DESCRIPTIVE_NOT_SIMULTANEOUS_FAMILYWISE
CO2,72,PAIR,linear - seasonal_residual_linear,STRATUM_BLOCK_SENSITIVITY,3,4,0.052762691732582925,0.0093756350964541713,1.2655315516164589,5000,STRATUM_BLOCK_SENSITIVITY,4263646874682590884,DESCRIPTIVE_NOT_SIMULTANEOUS_FAMILYWISE
CO2,72,PAIR,local_level_kalman - pchip,STRATUM_BLOCK_SENSITIVITY,3,4,-0.031254444213422938,-0.098662970905501801,-0.0010426650927550796,5000,STRATUM_BLOCK_SENSITIVITY,12795174413334275168,DESCRIPTIVE_NOT_SIMULTANEOUS_FAMILYWISE
CO2,72,PAIR,local_level_kalman - seasonal_median,STRATUM_BLOCK_SENSITIVITY,3,4,0.091391531569240431,-0.3273079738459822,1.0674330552174145,5000,STRATUM_BLOCK_SENSITIVITY,4876516657116822159,DESCRIPTIVE_NOT_SIMULTANEOUS_FAMILYWISE
CO2,72,PAIR,local_level_kalman - seasonal_residual_linear,STRATUM_BLOCK_SENSITIVITY,3,4,0.021684475972652245,-0.027255404275148054,0.8570605840236456,5000,STRATUM_BLOCK_SENSITIVITY,108954829570765848,DESCRIPTIVE_NOT_SIMULTANEOUS_FAMILYWISE
CO2,72,PAIR,pchip - seasonal_median,STRATUM_BLOCK_SENSITIVITY,3,4,0.06928733547585697,-0.22450039830123225,1.2316362925243864,5000,STRATUM_BLOCK_SENSITIVITY,14822589037657392679,DESCRIPTIVE_NOT_SIMULTANEOUS_FAMILYWISE
CO2,72,PAIR,pchip - seasonal_residual_linear,STRATUM_BLOCK_SENSITIVITY,3,4,0.037391903614051578,0.018789183313514368,1.1461591043241433,5000,STRATUM_BLOCK_SENSITIVITY,4134891719250968790,DESCRIPTIVE_NOT_SIMULTANEOUS_FAMILYWISE
CO2,72,PAIR,seasonal_median - seasonal_residual_linear,STRATUM_BLOCK_SENSITIVITY,3,4,-0.021196351999908547,-0.54439633831912704,0.25625721779490324,5000,STRATUM_BLOCK_SENSITIVITY,3479905976965881289,DESCRIPTIVE_NOT_SIMULTANEOUS_FAMILYWISE
