physical_station_id,gas,gap_hours,pair,method_a,method_b,seasonal_strata,paired_n,median_delta_rmse,median_delta_mae
BRW4003,CH4,1,linear - local_level_kalman,linear,local_level_kalman,1,20,-0.44580976984434528,-0.44580976984434528
BRW4003,CH4,1,linear - pchip,linear,pchip,1,20,0,0
BRW4003,CH4,1,linear - seasonal_median,linear,seasonal_median,1,20,-3.1475000000000364,-3.1475000000000364
BRW4003,CH4,1,linear - seasonal_residual_linear,linear,seasonal_residual_linear,1,20,-0.12125000000003183,-0.12125000000003183
BRW4003,CH4,1,local_level_kalman - pchip,local_level_kalman,pchip,1,20,0.43323136736887591,0.43323136736887591
BRW4003,CH4,1,local_level_kalman - seasonal_median,local_level_kalman,seasonal_median,1,20,-2.4925504577399806,-2.4925504577399806
BRW4003,CH4,1,local_level_kalman - seasonal_residual_linear,local_level_kalman,seasonal_residual_linear,1,20,0.33208489302808175,0.33208489302808175
BRW4003,CH4,1,pchip - seasonal_median,pchip,seasonal_median,1,20,-3.2789404174404808,-3.2789404174404808
BRW4003,CH4,1,pchip - seasonal_residual_linear,pchip,seasonal_residual_linear,1,20,-0.12531640019938095,-0.12531640019938095
BRW4003,CH4,1,seasonal_median - seasonal_residual_linear,seasonal_median,seasonal_residual_linear,1,20,2.8712500000000318,2.8712500000000318
BRW4003,CH4,3,linear - local_level_kalman,linear,local_level_kalman,1,20,-0.26993260764660609,-0.25502499291333913
BRW4003,CH4,3,linear - pchip,linear,pchip,1,20,0.011505052769009982,0
BRW4003,CH4,3,linear - seasonal_median,linear,seasonal_median,1,20,-4.6486002917885463,-4.6583333333334549
BRW4003,CH4,3,linear - seasonal_residual_linear,linear,seasonal_residual_linear,1,20,-0.22345712982681315,-0.22250000000000608
BRW4003,CH4,3,local_level_kalman - pchip,local_level_kalman,pchip,1,20,0.27620734019263393,0.24867731521806036
BRW4003,CH4,3,local_level_kalman - seasonal_median,local_level_kalman,seasonal_median,1,20,-2.6770399470511643,-2.7522844278393754
BRW4003,CH4,3,local_level_kalman - seasonal_residual_linear,local_level_kalman,seasonal_residual_linear,1,20,0.064508346823488966,-0.03435060678646093
BRW4003,CH4,3,pchip - seasonal_median,pchip,seasonal_median,1,20,-4.6427069390888001,-4.653410732714292
BRW4003,CH4,3,pchip - seasonal_residual_linear,pchip,seasonal_residual_linear,1,20,-0.44844991574636095,-0.38570239938079942
BRW4003,CH4,3,seasonal_median - seasonal_residual_linear,seasonal_median,seasonal_residual_linear,1,20,4.0777084440615106,4.1445833333333439
BRW4003,CH4,6,linear - local_level_kalman,linear,local_level_kalman,1,20,-0.24081633503308486,-0.15304930576312853
BRW4003,CH4,6,linear - pchip,linear,pchip,1,20,-0.000517534109372636,0.0082413504950977767
BRW4003,CH4,6,linear - seasonal_median,linear,seasonal_median,1,20,-5.4201031068236558,-5.4726785714284834
BRW4003,CH4,6,linear - seasonal_residual_linear,linear,seasonal_residual_linear,1,20,-0.2411444467462327,-0.29732142857136551
BRW4003,CH4,6,local_level_kalman - pchip,local_level_kalman,pchip,1,20,0.18461801591565163,0.16005342603148168
BRW4003,CH4,6,local_level_kalman - seasonal_median,local_level_kalman,seasonal_median,1,20,-4.1112488040063893,-4.277267209160641
BRW4003,CH4,6,local_level_kalman - seasonal_residual_linear,local_level_kalman,seasonal_residual_linear,1,20,0.02746692639757975,0.013776071285406088
BRW4003,CH4,6,pchip - seasonal_median,pchip,seasonal_median,1,20,-5.3903158529884578,-5.4718819182724019
BRW4003,CH4,6,pchip - seasonal_residual_linear,pchip,seasonal_residual_linear,1,20,-0.26321486952012441,-0.30418879303010726
BRW4003,CH4,6,seasonal_median - seasonal_residual_linear,seasonal_median,seasonal_residual_linear,1,20,5.0263201017520327,5.1308928571428583
BRW4003,CH4,12,linear - local_level_kalman,linear,local_level_kalman,1,10,0.021468495330419696,-0.18053573471062614
BRW4003,CH4,12,linear - pchip,linear,pchip,1,10,0.0011036009125585389,0.00081666171215979966
BRW4003,CH4,12,linear - seasonal_median,linear,seasonal_median,1,10,-3.1432354011511014,-3.1039102564102827
BRW4003,CH4,12,linear - seasonal_residual_linear,linear,seasonal_residual_linear,1,10,-0.18913624522874017,-0.20886217948716052
BRW4003,CH4,12,local_level_kalman - pchip,local_level_kalman,pchip,1,10,-0.0070452193369485161,0.18135239642278594
BRW4003,CH4,12,local_level_kalman - seasonal_median,local_level_kalman,seasonal_median,1,10,-3.2026633967582803,-3.176854611214651
BRW4003,CH4,12,local_level_kalman - seasonal_residual_linear,local_level_kalman,seasonal_residual_linear,1,10,-0.37721205360173649,-0.34047859351531429
BRW4003,CH4,12,pchip - seasonal_median,pchip,seasonal_median,1,10,-3.0467936028961833,-3.0888424711120401
BRW4003,CH4,12,pchip - seasonal_residual_linear,pchip,seasonal_residual_linear,1,10,-0.09176203529415583,-0.090250443847850137
BRW4003,CH4,12,seasonal_median - seasonal_residual_linear,seasonal_median,seasonal_residual_linear,1,10,2.8499050981402969,2.8558333333332939
BRW4003,CH4,24,linear - local_level_kalman,linear,local_level_kalman,1,5,-0.9590263439094926,-0.63039519719611281
BRW4003,CH4,24,linear - pchip,linear,pchip,1,5,0.051960087746380168,-0.035613333333335051
BRW4003,CH4,24,linear - seasonal_median,linear,seasonal_median,1,5,-2.8782814174689779,-0.81666666666661547
BRW4003,CH4,24,linear - seasonal_residual_linear,linear,seasonal_residual_linear,1,5,-0.4908023555891301,-0.39020833333330529
BRW4003,CH4,24,local_level_kalman - pchip,local_level_kalman,pchip,1,5,1.3683530078599238,0.68148002257348139
BRW4003,CH4,24,local_level_kalman - seasonal_median,local_level_kalman,seasonal_median,1,5,-2.1178502307654794,-0.18013221219323849
BRW4003,CH4,24,local_level_kalman - seasonal_residual_linear,local_level_kalman,seasonal_residual_linear,1,5,1.6324875997124693,-0.20766554552653815
BRW4003,CH4,24,pchip - seasonal_median,pchip,seasonal_median,1,5,-3.4862032386254032,-0.82063908576388178
BRW4003,CH4,24,pchip - seasonal_residual_linear,pchip,seasonal_residual_linear,1,5,-0.54276244333551027,-0.31711910666668519
BRW4003,CH4,24,seasonal_median - seasonal_residual_linear,seasonal_median,seasonal_residual_linear,1,5,3.7857549550911109,0.3816666666666233
BRW4003,CH4,48,linear - local_level_kalman,linear,local_level_kalman,1,2,5.408547588597969,3.8132728731223127
BRW4003,CH4,48,linear - pchip,linear,pchip,1,2,0.99775147326039093,1.884869286085594
BRW4003,CH4,48,linear - seasonal_median,linear,seasonal_median,1,2,9.5000459236344774,9.2018750000000118
BRW4003,CH4,48,linear - seasonal_residual_linear,linear,seasonal_residual_linear,1,2,0.10503608186074054,0.047708333333328135
BRW4003,CH4,48,local_level_kalman - pchip,local_level_kalman,pchip,1,2,-4.4107961153375781,-1.9284035870367187
BRW4003,CH4,48,local_level_kalman - seasonal_median,local_level_kalman,seasonal_median,1,2,4.0914983350365075,5.3886021268777
BRW4003,CH4,48,local_level_kalman - seasonal_residual_linear,local_level_kalman,seasonal_residual_linear,1,2,-5.3035115067372285,-3.7655645397889845
BRW4003,CH4,48,pchip - seasonal_median,pchip,seasonal_median,1,2,8.5022944503740856,7.3170057139144191
BRW4003,CH4,48,pchip - seasonal_residual_linear,pchip,seasonal_residual_linear,1,2,-0.89271539139965039,-1.8371609527522659
BRW4003,CH4,48,seasonal_median - seasonal_residual_linear,seasonal_median,seasonal_residual_linear,1,2,-9.3950098417737351,-9.1541666666666845
BRW4003,CH4,72,linear - local_level_kalman,linear,local_level_kalman,1,2,0.11993881194709477,-0.76824623995718966
BRW4003,CH4,72,linear - pchip,linear,pchip,1,2,0.45123484159121396,0.37606455327327959
BRW4003,CH4,72,linear - seasonal_median,linear,seasonal_median,1,2,3.2827093014997875,2.5841875951293285
BRW4003,CH4,72,linear - seasonal_residual_linear,linear,seasonal_residual_linear,1,2,-0.23603837754351087,-0.4948906012176808
BRW4003,CH4,72,local_level_kalman - pchip,local_level_kalman,pchip,1,2,0.33129602964411919,1.1443107932304692
BRW4003,CH4,72,local_level_kalman - seasonal_median,local_level_kalman,seasonal_median,1,2,3.1627704895526927,3.3524338350865182
BRW4003,CH4,72,local_level_kalman - seasonal_residual_linear,local_level_kalman,seasonal_residual_linear,1,2,-0.35597718949060564,0.27335563873950885
BRW4003,CH4,72,pchip - seasonal_median,pchip,seasonal_median,1,2,2.8314744599085735,2.2081230418560489
BRW4003,CH4,72,pchip - seasonal_residual_linear,pchip,seasonal_residual_linear,1,2,-0.68727321913472483,-0.87095515449096039
BRW4003,CH4,72,seasonal_median - seasonal_residual_linear,seasonal_median,seasonal_residual_linear,1,2,-3.5187476790432983,-3.0790781963470093
BRW4003,CO2,1,linear - local_level_kalman,linear,local_level_kalman,1,20,-0.021966880159311586,-0.021966880159311586
BRW4003,CO2,1,linear - pchip,linear,pchip,1,20,0.0019852941176736749,0.0019852941176736749
BRW4003,CO2,1,linear - seasonal_median,linear,seasonal_median,1,20,-0.53749999999999432,-0.53749999999999432
BRW4003,CO2,1,linear - seasonal_residual_linear,linear,seasonal_residual_linear,1,20,0.0062499999999658939,0.0062499999999658939
BRW4003,CO2,1,local_level_kalman - pchip,local_level_kalman,pchip,1,20,0.019651418507976359,0.019651418507976359
BRW4003,CO2,1,local_level_kalman - seasonal_median,local_level_kalman,seasonal_median,1,20,-0.48676488862483325,-0.48676488862483325
BRW4003,CO2,1,local_level_kalman - seasonal_residual_linear,local_level_kalman,seasonal_residual_linear,1,20,0.029009084444595601,0.029009084444595601
BRW4003,CO2,1,pchip - seasonal_median,pchip,seasonal_median,1,20,-0.53635012515644576,-0.53635012515644576
BRW4003,CO2,1,pchip - seasonal_residual_linear,pchip,seasonal_residual_linear,1,20,-0.0028167742043763155,-0.0028167742043763155
BRW4003,CO2,1,seasonal_median - seasonal_residual_linear,seasonal_median,seasonal_residual_linear,1,20,0.54874999999995566,0.54874999999995566
BRW4003,CO2,3,linear - local_level_kalman,linear,local_level_kalman,1,20,-0.051814271511350624,-0.049498379606726914
BRW4003,CO2,3,linear - pchip,linear,pchip,1,20,0.0016813731697832568,0.0028721509971300434
BRW4003,CO2,3,linear - seasonal_median,linear,seasonal_median,1,20,-0.54034821687078205,-0.54833333333330836
BRW4003,CO2,3,linear - seasonal_residual_linear,linear,seasonal_residual_linear,1,20,-0.028955925620944314,-0.028750000000011745
BRW4003,CO2,3,local_level_kalman - pchip,local_level_kalman,pchip,1,20,0.052169219359932073,0.052370530603856949
BRW4003,CO2,3,local_level_kalman - seasonal_median,local_level_kalman,seasonal_median,1,20,-0.52548256630638868,-0.52611538890052612
BRW4003,CO2,3,local_level_kalman - seasonal_residual_linear,local_level_kalman,seasonal_residual_linear,1,20,0.026135384796289421,0.023051277766105226
BRW4003,CO2,3,pchip - seasonal_median,pchip,seasonal_median,1,20,-0.54096670450305662,-0.54226702508961466
BRW4003,CO2,3,pchip - seasonal_residual_linear,pchip,seasonal_residual_linear,1,20,-0.029156651578808625,-0.03568140919158698
BRW4003,CO2,3,seasonal_median - seasonal_residual_linear,seasonal_median,seasonal_residual_linear,1,20,0.52291345935514633,0.52833333333331711
BRW4003,CO2,6,linear - local_level_kalman,linear,local_level_kalman,1,20,-0.023741372593641733,-0.020048864621680686
BRW4003,CO2,6,linear - pchip,linear,pchip,1,20,3.92212121123163e-05,4.7357950894166834e-15
BRW4003,CO2,6,linear - seasonal_median,linear,seasonal_median,1,20,-0.47535452953563906,-0.48202380952382384
BRW4003,CO2,6,linear - seasonal_residual_linear,linear,seasonal_residual_linear,1,20,-0.045052238071214598,-0.029404761904766964
BRW4003,CO2,6,local_level_kalman - pchip,local_level_kalman,pchip,1,20,0.031500695462569402,0.017466678119731682
BRW4003,CO2,6,local_level_kalman - seasonal_median,local_level_kalman,seasonal_median,1,20,-0.4668905898965654,-0.47165676453784044
BRW4003,CO2,6,local_level_kalman - seasonal_residual_linear,local_level_kalman,seasonal_residual_linear,1,20,-0.0054996830899892782,0.0068014433718370029
BRW4003,CO2,6,pchip - seasonal_median,pchip,seasonal_median,1,20,-0.4862353201873833,-0.47685952824450339
BRW4003,CO2,6,pchip - seasonal_residual_linear,pchip,seasonal_residual_linear,1,20,-0.060630037060233066,-0.049453123206153769
BRW4003,CO2,6,seasonal_median - seasonal_residual_linear,seasonal_median,seasonal_residual_linear,1,20,0.40813412450994857,0.42261904761904157
BRW4003,CO2,12,linear - local_level_kalman,linear,local_level_kalman,1,10,-0.091428953083423178,-0.092544041574148153
BRW4003,CO2,12,linear - pchip,linear,pchip,1,10,-0.0043947621620508831,0.00034544832260507974
BRW4003,CO2,12,linear - seasonal_median,linear,seasonal_median,1,10,-0.50301529172521109,-0.48926282051282283
BRW4003,CO2,12,linear - seasonal_residual_linear,linear,seasonal_residual_linear,1,10,-0.062274069716199761,-0.040897435897415818
BRW4003,CO2,12,local_level_kalman - pchip,local_level_kalman,pchip,1,10,0.088546612505262884,0.090525793990472891
BRW4003,CO2,12,local_level_kalman - seasonal_median,local_level_kalman,seasonal_median,1,10,-0.33650121968963775,-0.32274305771143713
BRW4003,CO2,12,local_level_kalman - seasonal_residual_linear,local_level_kalman,seasonal_residual_linear,1,10,0.037496791157639556,0.019477614087165307
BRW4003,CO2,12,pchip - seasonal_median,pchip,seasonal_median,1,10,-0.51457881618426971,-0.51604786226348409
BRW4003,CO2,12,pchip - seasonal_residual_linear,pchip,seasonal_residual_linear,1,10,-0.084545907372631013,-0.070345909280852936
BRW4003,CO2,12,seasonal_median - seasonal_residual_linear,seasonal_median,seasonal_residual_linear,1,10,0.42876565455930643,0.43583333333334434
BRW4003,CO2,24,linear - local_level_kalman,linear,local_level_kalman,1,6,0.011322809856002841,-0.049451416281804925
BRW4003,CO2,24,linear - pchip,linear,pchip,1,6,0.066224873913714358,0.038281523834034686
BRW4003,CO2,24,linear - seasonal_median,linear,seasonal_median,1,6,-0.14482200179861232,-0.15959999999999633
BRW4003,CO2,24,linear - seasonal_residual_linear,linear,seasonal_residual_linear,1,6,0.065380569995252102,0.021679166666663974
BRW4003,CO2,24,local_level_kalman - pchip,local_level_kalman,pchip,1,6,0.044835549854659762,0.12331494164152447
BRW4003,CO2,24,local_level_kalman - seasonal_median,local_level_kalman,seasonal_median,1,6,-0.13180454767015945,-0.1224457590650149
BRW4003,CO2,24,local_level_kalman - seasonal_residual_linear,local_level_kalman,seasonal_residual_linear,1,6,-0.012477389136232392,0.024754862457694288
BRW4003,CO2,24,pchip - seasonal_median,pchip,seasonal_median,1,6,-0.17628765391948925,-0.19184258633572426
BRW4003,CO2,24,pchip - seasonal_residual_linear,pchip,seasonal_residual_linear,1,6,-0.038170265012301446,-0.042691015481777804
BRW4003,CO2,24,seasonal_median - seasonal_residual_linear,seasonal_median,seasonal_residual_linear,1,6,0.24562986483809668,0.25333333333332797
BRW4003,CO2,48,linear - local_level_kalman,linear,local_level_kalman,1,2,-0.20995205090755481,-0.20686551427411246
BRW4003,CO2,48,linear - pchip,linear,pchip,1,2,0.11265517158229876,0.13312866061493683
BRW4003,CO2,48,linear - seasonal_median,linear,seasonal_median,1,2,0.016553726094770738,0.04001062925170254
BRW4003,CO2,48,linear - seasonal_residual_linear,linear,seasonal_residual_linear,1,2,0.043060350013987725,0.060344387755097983
BRW4003,CO2,48,local_level_kalman - pchip,local_level_kalman,pchip,1,2,0.32260722248985357,0.33999417488904926
BRW4003,CO2,48,local_level_kalman - seasonal_median,local_level_kalman,seasonal_median,1,2,0.22650577700232555,0.24687614352581499
BRW4003,CO2,48,local_level_kalman - seasonal_residual_linear,local_level_kalman,seasonal_residual_linear,1,2,0.25301240092154254,0.26720990202921047
BRW4003,CO2,48,pchip - seasonal_median,pchip,seasonal_median,1,2,-0.096101445487528026,-0.093118031363234294
BRW4003,CO2,48,pchip - seasonal_residual_linear,pchip,seasonal_residual_linear,1,2,-0.069594821568311038,-0.07278427285983885
BRW4003,CO2,48,seasonal_median - seasonal_residual_linear,seasonal_median,seasonal_residual_linear,1,2,0.026506623919216987,0.020333758503395444
BRW4003,CO2,72,linear - local_level_kalman,linear,local_level_kalman,1,2,0.059358744771491723,-0.0022971536043615015
BRW4003,CO2,72,linear - pchip,linear,pchip,1,2,0.032768051092418427,0.036158214499262431
BRW4003,CO2,72,linear - seasonal_median,linear,seasonal_median,1,2,0.30660116493315986,0.19924229452054831
BRW4003,CO2,72,linear - seasonal_residual_linear,linear,seasonal_residual_linear,1,2,0.074826586886739932,0.05357543759512895
BRW4003,CO2,72,local_level_kalman - pchip,local_level_kalman,pchip,1,2,-0.026590693679073296,0.038455368103623933
BRW4003,CO2,72,local_level_kalman - seasonal_median,local_level_kalman,seasonal_median,1,2,0.24724242016166814,0.20153944812490981
BRW4003,CO2,72,local_level_kalman - seasonal_residual_linear,local_level_kalman,seasonal_residual_linear,1,2,0.015467842115248209,0.055872591199490451
BRW4003,CO2,72,pchip - seasonal_median,pchip,seasonal_median,1,2,0.27383311384074144,0.16308408002128588
BRW4003,CO2,72,pchip - seasonal_residual_linear,pchip,seasonal_residual_linear,1,2,0.042058535794321505,0.017417223095866519
BRW4003,CO2,72,seasonal_median - seasonal_residual_linear,seasonal_median,seasonal_residual_linear,1,2,-0.23177457804641993,-0.14566685692541936
HAT2031,CH4,1,linear - local_level_kalman,linear,local_level_kalman,3,60,-0.98514381587267508,-0.98514381587267508
HAT2031,CH4,1,linear - pchip,linear,pchip,3,60,0.0050887237445067512,0.0050887237445067512
HAT2031,CH4,1,linear - seasonal_median,linear,seasonal_median,3,60,-29.864249999999856,-29.864249999999856
HAT2031,CH4,1,linear - seasonal_residual_linear,linear,seasonal_residual_linear,3,60,-0.50125000000025466,-0.50125000000025466
HAT2031,CH4,1,local_level_kalman - pchip,local_level_kalman,pchip,3,60,0.98844755436778087,0.98844755436778087
HAT2031,CH4,1,local_level_kalman - seasonal_median,local_level_kalman,seasonal_median,3,60,-27.798347992057074,-27.798347992057074
HAT2031,CH4,1,local_level_kalman - seasonal_residual_linear,local_level_kalman,seasonal_residual_linear,3,60,0.2777620135068446,0.2777620135068446
HAT2031,CH4,1,pchip - seasonal_median,pchip,seasonal_median,3,60,-29.910907528727193,-29.910907528727193
HAT2031,CH4,1,pchip - seasonal_residual_linear,pchip,seasonal_residual_linear,3,60,-0.50069159302745447,-0.50069159302745447
HAT2031,CH4,1,seasonal_median - seasonal_residual_linear,seasonal_median,seasonal_residual_linear,3,60,29.365999999999985,29.365999999999985
HAT2031,CH4,3,linear - local_level_kalman,linear,local_level_kalman,3,60,-0.60170235116429649,-0.53831760117426097
HAT2031,CH4,3,linear - pchip,linear,pchip,3,60,0.068959126575513285,0.05185882392474149
HAT2031,CH4,3,linear - seasonal_median,linear,seasonal_median,3,60,-28.31534707678264,-28.248416666666685
HAT2031,CH4,3,linear - seasonal_residual_linear,linear,seasonal_residual_linear,3,60,-0.52778676717890427,-0.57587500000010994
HAT2031,CH4,3,local_level_kalman - pchip,local_level_kalman,pchip,3,60,0.62131284827718758,0.60833804908948719
HAT2031,CH4,3,local_level_kalman - seasonal_median,local_level_kalman,seasonal_median,3,60,-24.700984942037145,-25.248412302630072
HAT2031,CH4,3,local_level_kalman - seasonal_residual_linear,local_level_kalman,seasonal_residual_linear,3,60,0.34761850096395952,0.33756491113983123
HAT2031,CH4,3,pchip - seasonal_median,pchip,seasonal_median,3,60,-29.16668211826784,-29.114102307614644
HAT2031,CH4,3,pchip - seasonal_residual_linear,pchip,seasonal_residual_linear,3,60,-0.84560522234932844,-0.81963768169327977
HAT2031,CH4,3,seasonal_median - seasonal_residual_linear,seasonal_median,seasonal_residual_linear,3,60,27.806649817973423,27.843624999999975
HAT2031,CH4,6,linear - local_level_kalman,linear,local_level_kalman,3,60,-1.2244095369011214,-0.73135932850055951
HAT2031,CH4,6,linear - pchip,linear,pchip,3,60,0.045787031899089836,0.044988338192468391
HAT2031,CH4,6,linear - seasonal_median,linear,seasonal_median,3,60,-27.425001299680908,-27.687672619047547
HAT2031,CH4,6,linear - seasonal_residual_linear,linear,seasonal_residual_linear,3,60,-0.33127018965113597,-0.21764880952383714
HAT2031,CH4,6,local_level_kalman - pchip,local_level_kalman,pchip,3,60,1.3585697178122069,1.4410911819901835
HAT2031,CH4,6,local_level_kalman - seasonal_median,local_level_kalman,seasonal_median,3,60,-22.720131333070444,-22.865145693428111
HAT2031,CH4,6,local_level_kalman - seasonal_residual_linear,local_level_kalman,seasonal_residual_linear,3,60,0.04389201309272095,0.19077004160209299
HAT2031,CH4,6,pchip - seasonal_median,pchip,seasonal_median,3,60,-27.095612859691279,-27.438313255198615
HAT2031,CH4,6,pchip - seasonal_residual_linear,pchip,seasonal_residual_linear,3,60,-0.71909154410785325,-0.57724913238083286
HAT2031,CH4,6,seasonal_median - seasonal_residual_linear,seasonal_median,seasonal_residual_linear,3,60,27.547047793373331,27.583375000000046
HAT2031,CH4,12,linear - local_level_kalman,linear,local_level_kalman,3,54,-1.2464160575956365,-1.1813102296240836
HAT2031,CH4,12,linear - pchip,linear,pchip,3,54,0.0152161605289729,0.0033131682237339533
HAT2031,CH4,12,linear - seasonal_median,linear,seasonal_median,3,54,-29.899791664299414,-29.375427884615316
HAT2031,CH4,12,linear - seasonal_residual_linear,linear,seasonal_residual_linear,3,54,-0.9713647127878493,-0.84770993589745558
HAT2031,CH4,12,local_level_kalman - pchip,local_level_kalman,pchip,3,54,1.1242632761072842,1.0482686089898912
HAT2031,CH4,12,local_level_kalman - seasonal_median,local_level_kalman,seasonal_median,3,54,-25.845957325203685,-25.457405797429022
HAT2031,CH4,12,local_level_kalman - seasonal_residual_linear,local_level_kalman,seasonal_residual_linear,3,54,0.43291433686584258,0.93997281832283441
HAT2031,CH4,12,pchip - seasonal_median,pchip,seasonal_median,3,54,-30.858778183607466,-30.287235672368684
HAT2031,CH4,12,pchip - seasonal_residual_linear,pchip,seasonal_residual_linear,3,54,-0.60339564038999427,-0.62921575036160471
HAT2031,CH4,12,seasonal_median - seasonal_residual_linear,seasonal_median,seasonal_residual_linear,3,54,29.655007451481811,29.312666666666587
HAT2031,CH4,24,linear - local_level_kalman,linear,local_level_kalman,3,46,-1.2217929999114721,-1.4809160965196024
HAT2031,CH4,24,linear - pchip,linear,pchip,3,46,0.0022970019823080889,-0.017915067531286355
HAT2031,CH4,24,linear - seasonal_median,linear,seasonal_median,3,46,-15.383208036368202,-14.762575000000002
HAT2031,CH4,24,linear - seasonal_residual_linear,linear,seasonal_residual_linear,3,46,-0.53658213946746169,-0.43822166666663531
HAT2031,CH4,24,local_level_kalman - pchip,local_level_kalman,pchip,3,46,1.3306378602203006,1.5185447998367088
HAT2031,CH4,24,local_level_kalman - seasonal_median,local_level_kalman,seasonal_median,3,46,-10.210727117628693,-8.8944809529222368
HAT2031,CH4,24,local_level_kalman - seasonal_residual_linear,local_level_kalman,seasonal_residual_linear,3,46,0.5878866243151013,0.70591840193853317
HAT2031,CH4,24,pchip - seasonal_median,pchip,seasonal_median,3,46,-14.60860431143421,-14.236267451434163
HAT2031,CH4,24,pchip - seasonal_residual_linear,pchip,seasonal_residual_linear,3,46,-1.1986614384564738,-0.75195965854004498
HAT2031,CH4,24,seasonal_median - seasonal_residual_linear,seasonal_median,seasonal_residual_linear,3,46,13.253789281423312,12.68432666666672
HAT2031,CH4,48,linear - local_level_kalman,linear,local_level_kalman,3,35,-0.89567710357343611,-1.2931327319706964
HAT2031,CH4,48,linear - pchip,linear,pchip,3,35,-0.2637853196504949,0.13927976264595099
HAT2031,CH4,48,linear - seasonal_median,linear,seasonal_median,3,35,-8.8162103007267838,-9.0216643282313349
HAT2031,CH4,48,linear - seasonal_residual_linear,linear,seasonal_residual_linear,3,35,-0.47021928909610944,-0.48109715136058395
HAT2031,CH4,48,local_level_kalman - pchip,local_level_kalman,pchip,3,35,0.58211187251557583,0.82682767507530497
HAT2031,CH4,48,local_level_kalman - seasonal_median,local_level_kalman,seasonal_median,3,35,-7.2341820048830279,-5.2884891181954625
HAT2031,CH4,48,local_level_kalman - seasonal_residual_linear,local_level_kalman,seasonal_residual_linear,3,35,-0.16537261379213275,0.3419668764073549
HAT2031,CH4,48,pchip - seasonal_median,pchip,seasonal_median,3,35,-8.3765747197326625,-8.4373714823095085
HAT2031,CH4,48,pchip - seasonal_residual_linear,pchip,seasonal_residual_linear,3,35,-0.012300518139259253,-0.5350254715311813
HAT2031,CH4,48,seasonal_median - seasonal_residual_linear,seasonal_median,seasonal_residual_linear,3,35,9.9979521941828331,9.1637327806123157
HAT2031,CH4,72,linear - local_level_kalman,linear,local_level_kalman,3,29,-1.3045221742499393,-1.6839220457021362
HAT2031,CH4,72,linear - pchip,linear,pchip,3,29,0.18260032681762084,-0.017628447527416213
HAT2031,CH4,72,linear - seasonal_median,linear,seasonal_median,3,29,-9.4591482703214353,-9.9032350646880278
HAT2031,CH4,72,linear - seasonal_residual_linear,linear,seasonal_residual_linear,3,29,-0.58845076612517744,-0.30509256088282655
HAT2031,CH4,72,local_level_kalman - pchip,local_level_kalman,pchip,3,29,1.3094147830011682,1.0251887092015739
HAT2031,CH4,72,local_level_kalman - seasonal_median,local_level_kalman,seasonal_median,3,29,-8.5889886497431753,-8.0750400974483512
HAT2031,CH4,72,local_level_kalman - seasonal_residual_linear,local_level_kalman,seasonal_residual_linear,3,29,1.3228272183726872,1.3552854427209367
HAT2031,CH4,72,pchip - seasonal_median,pchip,seasonal_median,3,29,-9.6009536860812119,-9.9379677541399314
HAT2031,CH4,72,pchip - seasonal_residual_linear,pchip,seasonal_residual_linear,3,29,-0.4896514083426613,-0.3093842827728106
HAT2031,CH4,72,seasonal_median - seasonal_residual_linear,seasonal_median,seasonal_residual_linear,3,29,8.4672927303223737,9.4256497336377727
RUN1042,CH4,1,linear - local_level_kalman,linear,local_level_kalman,2,40,-0.44827668875166182,-0.44827668875166182
RUN1042,CH4,1,linear - pchip,linear,pchip,2,40,1.1368683772161603e-13,1.1368683772161603e-13
RUN1042,CH4,1,linear - seasonal_median,linear,seasonal_median,2,40,-2.33624999999995,-2.33624999999995
RUN1042,CH4,1,linear - seasonal_residual_linear,linear,seasonal_residual_linear,2,40,-0.15625000000011369,-0.15625000000011369
RUN1042,CH4,1,local_level_kalman - pchip,local_level_kalman,pchip,2,40,0.40959007262654268,0.40959007262654268
RUN1042,CH4,1,local_level_kalman - seasonal_median,local_level_kalman,seasonal_median,2,40,-1.9516887555212179,-1.9516887555212179
RUN1042,CH4,1,local_level_kalman - seasonal_residual_linear,local_level_kalman,seasonal_residual_linear,2,40,0.23381770588821382,0.23381770588821382
RUN1042,CH4,1,pchip - seasonal_median,pchip,seasonal_median,2,40,-2.3650636696714855,-2.3650636696714855
RUN1042,CH4,1,pchip - seasonal_residual_linear,pchip,seasonal_residual_linear,2,40,-0.12170181889183596,-0.12170181889183596
RUN1042,CH4,1,seasonal_median - seasonal_residual_linear,seasonal_median,seasonal_residual_linear,2,40,2.0900000000000318,2.0900000000000318
RUN1042,CH4,3,linear - local_level_kalman,linear,local_level_kalman,2,40,-0.42969657840342379,-0.50114246251915051
RUN1042,CH4,3,linear - pchip,linear,pchip,2,40,-0.002115269897458881,0.00078153098773248858
RUN1042,CH4,3,linear - seasonal_median,linear,seasonal_median,2,40,-1.6893869221690232,-1.705000000000003
RUN1042,CH4,3,linear - seasonal_residual_linear,linear,seasonal_residual_linear,2,40,-0.22473276862615646,-0.20375000000008947
RUN1042,CH4,3,local_level_kalman - pchip,local_level_kalman,pchip,2,40,0.53936162577230706,0.61556427549299997
RUN1042,CH4,3,local_level_kalman - seasonal_median,local_level_kalman,seasonal_median,2,40,-1.482865347097519,-1.3579091518472712
RUN1042,CH4,3,local_level_kalman - seasonal_residual_linear,local_level_kalman,seasonal_residual_linear,2,40,0.29347142840085372,0.34101853731124265
RUN1042,CH4,3,pchip - seasonal_median,pchip,seasonal_median,2,40,-1.6233607150216829,-1.6259684526676019
RUN1042,CH4,3,pchip - seasonal_residual_linear,pchip,seasonal_residual_linear,2,40,-0.29398200676191732,-0.25460519735726928
RUN1042,CH4,3,seasonal_median - seasonal_residual_linear,seasonal_median,seasonal_residual_linear,2,40,1.719698275485686,1.6770833333333144
RUN1042,CH4,6,linear - local_level_kalman,linear,local_level_kalman,2,34,-0.43925649464100736,-0.4633043753919992
RUN1042,CH4,6,linear - pchip,linear,pchip,2,34,-0.011579514940946833,0.00036443148685333382
RUN1042,CH4,6,linear - seasonal_median,linear,seasonal_median,2,34,-2.4506440674311785,-2.4063392857143242
RUN1042,CH4,6,linear - seasonal_residual_linear,linear,seasonal_residual_linear,2,34,-0.26387206725119028,-0.22857142857147511
RUN1042,CH4,6,local_level_kalman - pchip,local_level_kalman,pchip,2,34,0.35563156468764401,0.32231400410196898
RUN1042,CH4,6,local_level_kalman - seasonal_median,local_level_kalman,seasonal_median,2,34,-1.8778287563793854,-1.8243250647943325
RUN1042,CH4,6,local_level_kalman - seasonal_residual_linear,local_level_kalman,seasonal_residual_linear,2,34,0.20851721046229832,0.24923265586057619
RUN1042,CH4,6,pchip - seasonal_median,pchip,seasonal_median,2,34,-2.3893791360409939,-2.402250585553162
RUN1042,CH4,6,pchip - seasonal_residual_linear,pchip,seasonal_residual_linear,2,34,-0.26758179907729956,-0.18092019796943265
RUN1042,CH4,6,seasonal_median - seasonal_residual_linear,seasonal_median,seasonal_residual_linear,2,34,2.1219278015559979,2.1775000000000189
RUN1042,CH4,12,linear - local_level_kalman,linear,local_level_kalman,2,26,-0.44240597185539998,-0.46832394210314493
RUN1042,CH4,12,linear - pchip,linear,pchip,2,26,0.046385262791796389,0.060832226590747551
RUN1042,CH4,12,linear - seasonal_median,linear,seasonal_median,2,26,-1.082391207553971,-0.96514423076926903
RUN1042,CH4,12,linear - seasonal_residual_linear,linear,seasonal_residual_linear,2,26,-0.046129421170926443,0.03177083333331629
RUN1042,CH4,12,local_level_kalman - pchip,local_level_kalman,pchip,2,26,0.63782873666329976,0.66168124812501117
RUN1042,CH4,12,local_level_kalman - seasonal_median,local_level_kalman,seasonal_median,2,26,-0.82981484393310945,-0.78564364757710803
RUN1042,CH4,12,local_level_kalman - seasonal_residual_linear,local_level_kalman,seasonal_residual_linear,2,26,0.60974767024729692,0.57523835701750659
RUN1042,CH4,12,pchip - seasonal_median,pchip,seasonal_median,2,26,-1.2371116213224029,-1.0809902751095091
RUN1042,CH4,12,pchip - seasonal_residual_linear,pchip,seasonal_residual_linear,2,26,-0.018242197662124093,-0.020179369849278345
RUN1042,CH4,12,seasonal_median - seasonal_residual_linear,seasonal_median,seasonal_residual_linear,2,26,1.2634156254099171,1.143285256410252
RUN1042,CH4,24,linear - local_level_kalman,linear,local_level_kalman,2,21,-0.033179163720127525,0.011826440632011159
RUN1042,CH4,24,linear - pchip,linear,pchip,2,21,-0.048621922925792704,-0.048471452489778133
RUN1042,CH4,24,linear - seasonal_median,linear,seasonal_median,2,21,-0.9624210087599232,-0.89289375000000137
RUN1042,CH4,24,linear - seasonal_residual_linear,linear,seasonal_residual_linear,2,21,0.10541134803804952,0.23917291666666074
RUN1042,CH4,24,local_level_kalman - pchip,local_level_kalman,pchip,2,21,-0.020724989656763282,-0.097373167783343206
RUN1042,CH4,24,local_level_kalman - seasonal_median,local_level_kalman,seasonal_median,2,21,-0.84876223498209946,-0.72713792622476103
RUN1042,CH4,24,local_level_kalman - seasonal_residual_linear,local_level_kalman,seasonal_residual_linear,2,21,0.31096365160299072,0.32251525453180346
RUN1042,CH4,24,pchip - seasonal_median,pchip,seasonal_median,2,21,-0.90893085624079184,-0.80976311991097782
RUN1042,CH4,24,pchip - seasonal_residual_linear,pchip,seasonal_residual_linear,2,21,0.17026986337530386,0.37013296729709333
RUN1042,CH4,24,seasonal_median - seasonal_residual_linear,seasonal_median,seasonal_residual_linear,2,21,1.0462778828673915,1.0034208333333272
RUN1042,CH4,48,linear - local_level_kalman,linear,local_level_kalman,2,11,-0.69065935182482496,-0.64111964787151732
RUN1042,CH4,48,linear - pchip,linear,pchip,2,11,0.039334034328052603,0.088494071456236723
RUN1042,CH4,48,linear - seasonal_median,linear,seasonal_median,2,11,-1.3575140864663511,-1.078176020408153
RUN1042,CH4,48,linear - seasonal_residual_linear,linear,seasonal_residual_linear,2,11,-0.49376278041880861,-0.65593431122447066
RUN1042,CH4,48,local_level_kalman - pchip,local_level_kalman,pchip,2,11,0.73164194802364335,0.7171829693126478
RUN1042,CH4,48,local_level_kalman - seasonal_median,local_level_kalman,seasonal_median,2,11,-0.38599178145300483,0.15358065248383912
RUN1042,CH4,48,local_level_kalman - seasonal_residual_linear,local_level_kalman,seasonal_residual_linear,2,11,-0.0099846731048458537,0.20112623165652355
RUN1042,CH4,48,pchip - seasonal_median,pchip,seasonal_median,2,11,-1.7205052392075175,-1.2647304657263021
RUN1042,CH4,48,pchip - seasonal_residual_linear,pchip,seasonal_residual_linear,2,11,-0.54553299655371379,-0.75811988235071237
RUN1042,CH4,48,seasonal_median - seasonal_residual_linear,seasonal_median,seasonal_residual_linear,2,11,0.37440910692206431,0.22611713435375425
RUN1042,CH4,72,linear - local_level_kalman,linear,local_level_kalman,1,5,-1.0054286620814947,-0.80302751303634068
RUN1042,CH4,72,linear - pchip,linear,pchip,1,5,0.098125056155850654,0.1773215618815227
RUN1042,CH4,72,linear - seasonal_median,linear,seasonal_median,1,5,0.30041132487953703,0.093723363774719015
RUN1042,CH4,72,linear - seasonal_residual_linear,linear,seasonal_residual_linear,1,5,0.20776797725937923,0.32568017503800828
RUN1042,CH4,72,local_level_kalman - pchip,local_level_kalman,pchip,1,5,0.81741665033406852,0.71559586295908995
RUN1042,CH4,72,local_level_kalman - seasonal_median,local_level_kalman,seasonal_median,1,5,0.51460928914734394,0.58572447954362739
RUN1042,CH4,72,local_level_kalman - seasonal_residual_linear,local_level_kalman,seasonal_residual_linear,1,5,0.65182552960881512,0.80848893920878906
RUN1042,CH4,72,pchip - seasonal_median,pchip,seasonal_median,1,5,0.31548456706528905,-0.12987138341546256
RUN1042,CH4,72,pchip - seasonal_residual_linear,pchip,seasonal_residual_linear,1,5,0.15797836768214601,0.2991799296558626
RUN1042,CH4,72,seasonal_median - seasonal_residual_linear,seasonal_median,seasonal_residual_linear,1,5,-0.092643347620157801,0.22276445966516167
RUN1042,CO2,1,linear - local_level_kalman,linear,local_level_kalman,2,40,-0.72537173817627831,-0.72537173817627831
RUN1042,CO2,1,linear - pchip,linear,pchip,2,40,0.0016230916030508524,0.0016230916030508524
RUN1042,CO2,1,linear - seasonal_median,linear,seasonal_median,2,40,-0.80562499999999204,-0.80562499999999204
RUN1042,CO2,1,linear - seasonal_residual_linear,linear,seasonal_residual_linear,2,40,-0.021374999999977717,-0.021374999999977717
RUN1042,CO2,1,local_level_kalman - pchip,local_level_kalman,pchip,2,40,0.71869799148410607,0.71869799148410607
RUN1042,CO2,1,local_level_kalman - seasonal_median,local_level_kalman,seasonal_median,2,40,0.091779235444604979,0.091779235444604979
RUN1042,CO2,1,local_level_kalman - seasonal_residual_linear,local_level_kalman,seasonal_residual_linear,2,40,0.66220457071332817,0.66220457071332817
RUN1042,CO2,1,pchip - seasonal_median,pchip,seasonal_median,2,40,-0.75544772983951702,-0.75544772983951702
RUN1042,CO2,1,pchip - seasonal_residual_linear,pchip,seasonal_residual_linear,2,40,-0.04942288797275296,-0.04942288797275296
RUN1042,CO2,1,seasonal_median - seasonal_residual_linear,seasonal_median,seasonal_residual_linear,2,40,0.65099999999998204,0.65099999999998204
RUN1042,CO2,3,linear - local_level_kalman,linear,local_level_kalman,2,40,-0.89964257210541876,-0.90363934798340528
RUN1042,CO2,3,linear - pchip,linear,pchip,2,40,0.019710871673794914,0.00016580957181606959
RUN1042,CO2,3,linear - seasonal_median,linear,seasonal_median,2,40,-0.63754843749786383,-0.67070833333331836
RUN1042,CO2,3,linear - seasonal_residual_linear,linear,seasonal_residual_linear,2,40,-0.068589714733002308,-0.045791666666673336
RUN1042,CO2,3,local_level_kalman - pchip,local_level_kalman,pchip,2,40,0.91143698291375252,0.91881282256860675
RUN1042,CO2,3,local_level_kalman - seasonal_median,local_level_kalman,seasonal_median,2,40,0.11515756956457245,0.081030744065425125
RUN1042,CO2,3,local_level_kalman - seasonal_residual_linear,local_level_kalman,seasonal_residual_linear,2,40,0.88921677015935829,0.89732678640971153
RUN1042,CO2,3,pchip - seasonal_median,pchip,seasonal_median,2,40,-0.68647427388791249,-0.66789518264634762
RUN1042,CO2,3,pchip - seasonal_residual_linear,pchip,seasonal_residual_linear,2,40,-0.065865355177552043,-0.070451320672527587
RUN1042,CO2,3,seasonal_median - seasonal_residual_linear,seasonal_median,seasonal_residual_linear,2,40,0.63087008181528592,0.70783333333332155
RUN1042,CO2,6,linear - local_level_kalman,linear,local_level_kalman,2,33,-1.0827036336826619,-0.92842104096378608
RUN1042,CO2,6,linear - pchip,linear,pchip,2,33,0.12344722094748165,0.090361412026439325
RUN1042,CO2,6,linear - seasonal_median,linear,seasonal_median,2,33,-0.54863464041220578,-0.48885119047618031
RUN1042,CO2,6,linear - seasonal_residual_linear,linear,seasonal_residual_linear,2,33,0.062654627402292287,0.040133928571416774
RUN1042,CO2,6,local_level_kalman - pchip,local_level_kalman,pchip,2,33,1.1977628301544234,0.97574949723140258
RUN1042,CO2,6,local_level_kalman - seasonal_median,local_level_kalman,seasonal_median,2,33,0.5408219774561378,0.52206142332938543
RUN1042,CO2,6,local_level_kalman - seasonal_residual_linear,local_level_kalman,seasonal_residual_linear,2,33,1.0570160713900669,0.89813301335663942
RUN1042,CO2,6,pchip - seasonal_median,pchip,seasonal_median,2,33,-0.51448650382018424,-0.48160662763710838
RUN1042,CO2,6,pchip - seasonal_residual_linear,pchip,seasonal_residual_linear,2,33,-0.12645874944912577,-0.11805753802891408
RUN1042,CO2,6,seasonal_median - seasonal_residual_linear,seasonal_median,seasonal_residual_linear,2,33,0.23698558236338985,0.27296428571427828
RUN1042,CO2,12,linear - local_level_kalman,linear,local_level_kalman,2,26,-1.0806399281322874,-1.0382008940610157
RUN1042,CO2,12,linear - pchip,linear,pchip,2,26,0.0363987204307364,0.033127009885718706
RUN1042,CO2,12,linear - seasonal_median,linear,seasonal_median,2,26,-0.02082208737694563,-0.024765224358982096
RUN1042,CO2,12,linear - seasonal_residual_linear,linear,seasonal_residual_linear,2,26,0.41637066360061492,0.26925160256410641
RUN1042,CO2,12,local_level_kalman - pchip,local_level_kalman,pchip,2,26,1.1411262248883172,1.042324481014018
RUN1042,CO2,12,local_level_kalman - seasonal_median,local_level_kalman,seasonal_median,2,26,1.2816175096987745,1.3540966604784981
RUN1042,CO2,12,local_level_kalman - seasonal_residual_linear,local_level_kalman,seasonal_residual_linear,2,26,1.431518149532085,1.3275025702820158
RUN1042,CO2,12,pchip - seasonal_median,pchip,seasonal_median,2,26,-0.15351414505354727,-0.13094787947799114
RUN1042,CO2,12,pchip - seasonal_residual_linear,pchip,seasonal_residual_linear,2,26,0.40909892600174258,0.26355867995635762
RUN1042,CO2,12,seasonal_median - seasonal_residual_linear,seasonal_median,seasonal_residual_linear,2,26,0.21888573366471248,0.1939310897435931
RUN1042,CO2,24,linear - local_level_kalman,linear,local_level_kalman,2,21,0.52786924010194303,0.42197487868977868
RUN1042,CO2,24,linear - pchip,linear,pchip,2,21,-0.035499390457652713,-0.014218487856694551
RUN1042,CO2,24,linear - seasonal_median,linear,seasonal_median,2,21,1.4380998086035062,1.3237831249999956
RUN1042,CO2,24,linear - seasonal_residual_linear,linear,seasonal_residual_linear,2,21,1.4970325902395081,1.3706314583333381
RUN1042,CO2,24,local_level_kalman - pchip,local_level_kalman,pchip,2,21,-0.50495211024121511,-0.30665885448248953
RUN1042,CO2,24,local_level_kalman - seasonal_median,local_level_kalman,seasonal_median,2,21,0.88604086980754126,0.94528908747763241
RUN1042,CO2,24,local_level_kalman - seasonal_residual_linear,local_level_kalman,seasonal_residual_linear,2,21,0.92177469795350109,0.93724358821545484
RUN1042,CO2,24,pchip - seasonal_median,pchip,seasonal_median,2,21,1.3977327428299702,1.2611115769481387
RUN1042,CO2,24,pchip - seasonal_residual_linear,pchip,seasonal_residual_linear,2,21,1.4303101511467033,1.2227433600156368
RUN1042,CO2,24,seasonal_median - seasonal_residual_linear,seasonal_median,seasonal_residual_linear,2,21,-0.13842626513330747,-0.092654999999987608
RUN1042,CO2,48,linear - local_level_kalman,linear,local_level_kalman,2,12,0.26667484677733533,0.18679923589569181
RUN1042,CO2,48,linear - pchip,linear,pchip,2,12,-0.027259536700721787,-0.013797624401258979
RUN1042,CO2,48,linear - seasonal_median,linear,seasonal_median,2,12,1.3060723481081986,1.0553657525510132
RUN1042,CO2,48,linear - seasonal_residual_linear,linear,seasonal_residual_linear,2,12,1.3131599927715421,0.9950871598639478
RUN1042,CO2,48,local_level_kalman - pchip,local_level_kalman,pchip,2,12,-0.26295750684148778,-0.20657983549549697
RUN1042,CO2,48,local_level_kalman - seasonal_median,local_level_kalman,seasonal_median,2,12,0.96660218219617211,0.85076236638521618
RUN1042,CO2,48,local_level_kalman - seasonal_residual_linear,local_level_kalman,seasonal_residual_linear,2,12,0.74949528933830234,0.55043572948046438
RUN1042,CO2,48,pchip - seasonal_median,pchip,seasonal_median,2,12,1.324096272451444,1.099401116250101
RUN1042,CO2,48,pchip - seasonal_residual_linear,pchip,seasonal_residual_linear,2,12,1.4473435410551616,1.0886807993212919
RUN1042,CO2,48,seasonal_median - seasonal_residual_linear,seasonal_median,seasonal_residual_linear,2,12,-0.16903762947855583,-0.15087797619047849
RUN1042,CO2,72,linear - local_level_kalman,linear,local_level_kalman,1,6,0.098550030658333343,0.09157365972920406
RUN1042,CO2,72,linear - pchip,linear,pchip,1,6,-0.021295460991757054,-0.020091671095033181
RUN1042,CO2,72,linear - seasonal_median,linear,seasonal_median,1,6,1.220958518304528,1.2572630327245022
RUN1042,CO2,72,linear - seasonal_residual_linear,linear,seasonal_residual_linear,1,6,1.2655315516164589,1.0133776160578221
RUN1042,CO2,72,local_level_kalman - pchip,local_level_kalman,pchip,1,6,-0.098662970905501801,-0.12865137228335233
RUN1042,CO2,72,local_level_kalman - seasonal_median,local_level_kalman,seasonal_median,1,6,1.0674330552174145,0.96820308471495498
RUN1042,CO2,72,local_level_kalman - seasonal_residual_linear,local_level_kalman,seasonal_residual_linear,1,6,0.8570605840236456,0.42733818631310405
RUN1042,CO2,72,pchip - seasonal_median,pchip,seasonal_median,1,6,1.2316362925243864,1.1063900651221523
RUN1042,CO2,72,pchip - seasonal_residual_linear,pchip,seasonal_residual_linear,1,6,1.1461591043241433,0.88274501103585523
RUN1042,CO2,72,seasonal_median - seasonal_residual_linear,seasonal_median,seasonal_residual_linear,1,6,-0.54439633831912704,-0.49912414383561199
TLL3005,CH4,1,linear - local_level_kalman,linear,local_level_kalman,2,40,-0.21770151441410235,-0.21770151441410235
TLL3005,CH4,1,linear - pchip,linear,pchip,2,40,0.010108906770312842,0.010108906770312842
TLL3005,CH4,1,linear - seasonal_median,linear,seasonal_median,2,40,-5.3462499999999409,-5.3462499999999409
TLL3005,CH4,1,linear - seasonal_residual_linear,linear,seasonal_residual_linear,2,40,-0.04250000000001819,-0.04250000000001819
TLL3005,CH4,1,local_level_kalman - pchip,local_level_kalman,pchip,2,40,0.30085490700298578,0.30085490700298578
TLL3005,CH4,1,local_level_kalman - seasonal_median,local_level_kalman,seasonal_median,2,40,-5.0985182874114798,-5.0985182874114798
TLL3005,CH4,1,local_level_kalman - seasonal_residual_linear,local_level_kalman,seasonal_residual_linear,2,40,0.17263301801784792,0.17263301801784792
TLL3005,CH4,1,pchip - seasonal_median,pchip,seasonal_median,2,40,-5.3854438086537471,-5.3854438086537471
TLL3005,CH4,1,pchip - seasonal_residual_linear,pchip,seasonal_residual_linear,2,40,-0.044621650140811653,-0.044621650140811653
TLL3005,CH4,1,seasonal_median - seasonal_residual_linear,seasonal_median,seasonal_residual_linear,2,40,5.2849999999999113,5.2849999999999113
TLL3005,CH4,3,linear - local_level_kalman,linear,local_level_kalman,2,40,-0.24297055090270842,-0.2566933594037929
TLL3005,CH4,3,linear - pchip,linear,pchip,2,40,0.019216379891790324,0.011833017765278942
TLL3005,CH4,3,linear - seasonal_median,linear,seasonal_median,2,40,-5.6256341285651761,-5.7054166666666406
TLL3005,CH4,3,linear - seasonal_residual_linear,linear,seasonal_residual_linear,2,40,-0.06467227345203061,-0.052291666666709126
TLL3005,CH4,3,local_level_kalman - pchip,local_level_kalman,pchip,2,40,0.3020105461055731,0.29177077623190445
TLL3005,CH4,3,local_level_kalman - seasonal_median,local_level_kalman,seasonal_median,2,40,-5.6290624747947131,-5.66062336905342
TLL3005,CH4,3,local_level_kalman - seasonal_residual_linear,local_level_kalman,seasonal_residual_linear,2,40,0.24314259137850891,0.20032752312010871
TLL3005,CH4,3,pchip - seasonal_median,pchip,seasonal_median,2,40,-5.6401967141167653,-5.734432706942111
TLL3005,CH4,3,pchip - seasonal_residual_linear,pchip,seasonal_residual_linear,2,40,-0.1065133730827766,-0.11336853218496878
TLL3005,CH4,3,seasonal_median - seasonal_residual_linear,seasonal_median,seasonal_residual_linear,2,40,5.6164502430999086,5.6797916666666115
TLL3005,CH4,6,linear - local_level_kalman,linear,local_level_kalman,2,40,-0.081909177444649997,-0.14040620362719852
TLL3005,CH4,6,linear - pchip,linear,pchip,2,40,0.00015710330568129843,-0.0061521009160590556
TLL3005,CH4,6,linear - seasonal_median,linear,seasonal_median,2,40,-4.4267778969492957,-4.4814880952380918
TLL3005,CH4,6,linear - seasonal_residual_linear,linear,seasonal_residual_linear,2,40,-0.034848861302601064,-0.0254166666666341
TLL3005,CH4,6,local_level_kalman - pchip,local_level_kalman,pchip,2,40,0.093805038348574815,0.086109180629118015
TLL3005,CH4,6,local_level_kalman - seasonal_median,local_level_kalman,seasonal_median,2,40,-4.6704062194945921,-4.714381792909629
TLL3005,CH4,6,local_level_kalman - seasonal_residual_linear,local_level_kalman,seasonal_residual_linear,2,40,0.2510558053397452,0.28001650015333257
TLL3005,CH4,6,pchip - seasonal_median,pchip,seasonal_median,2,40,-4.3209862663996619,-4.3980115797101291
TLL3005,CH4,6,pchip - seasonal_residual_linear,pchip,seasonal_residual_linear,2,40,-0.0061944780209525485,-0.04821252148127543
TLL3005,CH4,6,seasonal_median - seasonal_residual_linear,seasonal_median,seasonal_residual_linear,2,40,4.464312606226291,4.6172321428571577
TLL3005,CH4,12,linear - local_level_kalman,linear,local_level_kalman,2,40,-0.2800846409243446,-0.33153627113172957
TLL3005,CH4,12,linear - pchip,linear,pchip,2,40,-0.01519561495506172,0.0043626960791224578
TLL3005,CH4,12,linear - seasonal_median,linear,seasonal_median,2,40,-3.7639638018144455,-4.061113782051228
TLL3005,CH4,12,linear - seasonal_residual_linear,linear,seasonal_residual_linear,2,40,0.050117948402535001,0.066258012820531093
TLL3005,CH4,12,local_level_kalman - pchip,local_level_kalman,pchip,2,40,0.22894362141349228,0.28641181318990988
TLL3005,CH4,12,local_level_kalman - seasonal_median,local_level_kalman,seasonal_median,2,40,-3.6436915502773495,-3.785376660774399
TLL3005,CH4,12,local_level_kalman - seasonal_residual_linear,local_level_kalman,seasonal_residual_linear,2,40,0.36409775425385593,0.31266068219376086
TLL3005,CH4,12,pchip - seasonal_median,pchip,seasonal_median,2,40,-3.685767233103975,-4.0077834656620492
TLL3005,CH4,12,pchip - seasonal_residual_linear,pchip,seasonal_residual_linear,2,40,0.1363620725668464,0.074576662081857537
TLL3005,CH4,12,seasonal_median - seasonal_residual_linear,seasonal_median,seasonal_residual_linear,2,40,4.0006928482633839,4.3354967948718013
TLL3005,CH4,24,linear - local_level_kalman,linear,local_level_kalman,2,35,-0.034879449867997542,-0.049358396281978828
TLL3005,CH4,24,linear - pchip,linear,pchip,2,35,0.0081885629482870703,0.0030668751571050756
TLL3005,CH4,24,linear - seasonal_median,linear,seasonal_median,2,35,-3.6790318874862917,-3.944281249999972
TLL3005,CH4,24,linear - seasonal_residual_linear,linear,seasonal_residual_linear,2,35,0.17989099462545249,0.087287500000009316
TLL3005,CH4,24,local_level_kalman - pchip,local_level_kalman,pchip,2,35,-0.025377042067145361,0.044199112966727627
TLL3005,CH4,24,local_level_kalman - seasonal_median,local_level_kalman,seasonal_median,2,35,-4.0343741032609177,-4.2397128856129882
TLL3005,CH4,24,local_level_kalman - seasonal_residual_linear,local_level_kalman,seasonal_residual_linear,2,35,0.15253272042590843,0.14996442234343033
TLL3005,CH4,24,pchip - seasonal_median,pchip,seasonal_median,2,35,-4.0822986452938892,-4.217970247103958
TLL3005,CH4,24,pchip - seasonal_residual_linear,pchip,seasonal_residual_linear,2,35,0.14354275406513389,0.084970598435430478
TLL3005,CH4,24,seasonal_median - seasonal_residual_linear,seasonal_median,seasonal_residual_linear,2,35,4.2590159456502175,4.5341291666666397
TLL3005,CH4,48,linear - local_level_kalman,linear,local_level_kalman,2,26,0.0043986925313725944,-0.03320068418437927
TLL3005,CH4,48,linear - pchip,linear,pchip,2,26,-0.072681005229153328,-0.069215651843275966
TLL3005,CH4,48,linear - seasonal_median,linear,seasonal_median,2,26,-3.5096474647092331,-3.8648830782312822
TLL3005,CH4,48,linear - seasonal_residual_linear,linear,seasonal_residual_linear,2,26,0.24259864119224211,0.12720875850341679
TLL3005,CH4,48,local_level_kalman - pchip,local_level_kalman,pchip,2,26,-0.11743121258119432,-0.058523267144670515
TLL3005,CH4,48,local_level_kalman - seasonal_median,local_level_kalman,seasonal_median,2,26,-3.4283059294058233,-3.5846391361995913
TLL3005,CH4,48,local_level_kalman - seasonal_residual_linear,local_level_kalman,seasonal_residual_linear,2,26,0.30552801038252486,0.27703352413293914
TLL3005,CH4,48,pchip - seasonal_median,pchip,seasonal_median,2,26,-3.449486730963935,-3.7374726460281216
TLL3005,CH4,48,pchip - seasonal_residual_linear,pchip,seasonal_residual_linear,2,26,0.31189337069224399,0.16580783757704493
TLL3005,CH4,48,seasonal_median - seasonal_residual_linear,seasonal_median,seasonal_residual_linear,2,26,3.9174182768668384,4.0343346088435341
TLL3005,CH4,72,linear - local_level_kalman,linear,local_level_kalman,2,22,-0.076341653624397099,-0.22278452259771897
TLL3005,CH4,72,linear - pchip,linear,pchip,2,22,-0.14260043025127472,-0.10683947680053918
TLL3005,CH4,72,linear - seasonal_median,linear,seasonal_median,2,22,-3.7941382156637085,-3.9191252853881142
TLL3005,CH4,72,linear - seasonal_residual_linear,linear,seasonal_residual_linear,2,22,0.16437476762853159,0.087200580289222063
TLL3005,CH4,72,local_level_kalman - pchip,local_level_kalman,pchip,2,22,-0.18342001105395656,-0.022440660029910131
TLL3005,CH4,72,local_level_kalman - seasonal_median,local_level_kalman,seasonal_median,2,22,-3.8836817401686234,-3.9158878108502626
TLL3005,CH4,72,local_level_kalman - seasonal_residual_linear,local_level_kalman,seasonal_residual_linear,2,22,0.26486818583471472,0.26412788966596179
TLL3005,CH4,72,pchip - seasonal_median,pchip,seasonal_median,2,22,-3.3106126403119998,-3.5660631823764835
TLL3005,CH4,72,pchip - seasonal_residual_linear,pchip,seasonal_residual_linear,2,22,0.41211687831292149,0.27760330609058625
TLL3005,CH4,72,seasonal_median - seasonal_residual_linear,seasonal_median,seasonal_residual_linear,2,22,3.813393825201794,3.8690957952816083
TLL3005,CO2,1,linear - local_level_kalman,linear,local_level_kalman,2,40,-0.033678020559079869,-0.033678020559079869
TLL3005,CO2,1,linear - pchip,linear,pchip,2,40,0,0
TLL3005,CO2,1,linear - seasonal_median,linear,seasonal_median,2,40,-0.46000000000002217,-0.46000000000002217
TLL3005,CO2,1,linear - seasonal_residual_linear,linear,seasonal_residual_linear,2,40,-0.0025000000000119371,-0.0025000000000119371
TLL3005,CO2,1,local_level_kalman - pchip,local_level_kalman,pchip,2,40,0.03215068713298308,0.03215068713298308
TLL3005,CO2,1,local_level_kalman - seasonal_median,local_level_kalman,seasonal_median,2,40,-0.45267184133062699,-0.45267184133062699
TLL3005,CO2,1,local_level_kalman - seasonal_residual_linear,local_level_kalman,seasonal_residual_linear,2,40,0.012449089248448786,0.012449089248448786
TLL3005,CO2,1,pchip - seasonal_median,pchip,seasonal_median,2,40,-0.44892505917967185,-0.44892505917967185
TLL3005,CO2,1,pchip - seasonal_residual_linear,pchip,seasonal_residual_linear,2,40,-0.0028940886699615476,-0.0028940886699615476
TLL3005,CO2,1,seasonal_median - seasonal_residual_linear,seasonal_median,seasonal_residual_linear,2,40,0.44437500000000796,0.44437500000000796
TLL3005,CO2,3,linear - local_level_kalman,linear,local_level_kalman,2,40,-0.059498562906867343,-0.053986256966794599
TLL3005,CO2,3,linear - pchip,linear,pchip,2,40,0.0076248275774501093,0.0037500000000155326
TLL3005,CO2,3,linear - seasonal_median,linear,seasonal_median,2,40,-0.35148778274441633,-0.3516666666666784
TLL3005,CO2,3,linear - seasonal_residual_linear,linear,seasonal_residual_linear,2,40,-0.0072312505074288505,-0.00604166666668959
TLL3005,CO2,3,local_level_kalman - pchip,local_level_kalman,pchip,2,40,0.059075365281962715,0.040706562862737883
TLL3005,CO2,3,local_level_kalman - seasonal_median,local_level_kalman,seasonal_median,2,40,-0.28147870450430751,-0.29292812255725664
TLL3005,CO2,3,local_level_kalman - seasonal_residual_linear,local_level_kalman,seasonal_residual_linear,2,40,0.059702256454516586,0.052029635546555639
TLL3005,CO2,3,pchip - seasonal_median,pchip,seasonal_median,2,40,-0.3695474298246284,-0.36985085590841515
TLL3005,CO2,3,pchip - seasonal_residual_linear,pchip,seasonal_residual_linear,2,40,-0.011696503535853164,-0.010896492441152834
TLL3005,CO2,3,seasonal_median - seasonal_residual_linear,seasonal_median,seasonal_residual_linear,2,40,0.3563939602540751,0.36083333333334622
TLL3005,CO2,6,linear - local_level_kalman,linear,local_level_kalman,2,40,-0.020651627837796317,-0.012993215676161178
TLL3005,CO2,6,linear - pchip,linear,pchip,2,40,0.0012079895061440499,0.0011473742936184824
TLL3005,CO2,6,linear - seasonal_median,linear,seasonal_median,2,40,-0.36524635661273985,-0.38752976190474675
TLL3005,CO2,6,linear - seasonal_residual_linear,linear,seasonal_residual_linear,2,40,0.013172710525244307,0.012827380952392279
TLL3005,CO2,6,local_level_kalman - pchip,local_level_kalman,pchip,2,40,0.019981345461681423,0.017189827939783214
TLL3005,CO2,6,local_level_kalman - seasonal_median,local_level_kalman,seasonal_median,2,40,-0.347543371215634,-0.37467909910331088
TLL3005,CO2,6,local_level_kalman - seasonal_residual_linear,local_level_kalman,seasonal_residual_linear,2,40,0.026673013004188995,0.018308785513783715
TLL3005,CO2,6,pchip - seasonal_median,pchip,seasonal_median,2,40,-0.36047362375641379,-0.38164859755353819
TLL3005,CO2,6,pchip - seasonal_residual_linear,pchip,seasonal_residual_linear,2,40,0.014011886774492643,0.01031242285968877
TLL3005,CO2,6,seasonal_median - seasonal_residual_linear,seasonal_median,seasonal_residual_linear,2,40,0.41226526667124902,0.4266071428571318
TLL3005,CO2,12,linear - local_level_kalman,linear,local_level_kalman,2,40,-0.0085678084549756089,-0.018518037805399949
TLL3005,CO2,12,linear - pchip,linear,pchip,2,40,-0.0020670505999288366,-9.3037122605710981e-05
TLL3005,CO2,12,linear - seasonal_median,linear,seasonal_median,2,40,-0.24633417783232359,-0.23883012820513017
TLL3005,CO2,12,linear - seasonal_residual_linear,linear,seasonal_residual_linear,2,40,0.019877545629174515,0.019230769230775963
TLL3005,CO2,12,local_level_kalman - pchip,local_level_kalman,pchip,2,40,-0.00015326511943308113,0.012769717200560155
TLL3005,CO2,12,local_level_kalman - seasonal_median,local_level_kalman,seasonal_median,2,40,-0.24649621847624267,-0.23993368313810254
TLL3005,CO2,12,local_level_kalman - seasonal_residual_linear,local_level_kalman,seasonal_residual_linear,2,40,0.032058527779994919,0.026402946852807446
TLL3005,CO2,12,pchip - seasonal_median,pchip,seasonal_median,2,40,-0.25219500391730587,-0.24949405768051608
TLL3005,CO2,12,pchip - seasonal_residual_linear,pchip,seasonal_residual_linear,2,40,0.020716253410378659,0.016690333539089629
TLL3005,CO2,12,seasonal_median - seasonal_residual_linear,seasonal_median,seasonal_residual_linear,2,40,0.26142088084063148,0.26171474358973745
TLL3005,CO2,24,linear - local_level_kalman,linear,local_level_kalman,2,34,-0.005522512579952274,-0.0049274021927322095
TLL3005,CO2,24,linear - pchip,linear,pchip,2,34,-0.0019517091140029141,-0.0015440375917871556
TLL3005,CO2,24,linear - seasonal_median,linear,seasonal_median,2,34,-0.32823087451082888,-0.33531250000001062
TLL3005,CO2,24,linear - seasonal_residual_linear,linear,seasonal_residual_linear,2,34,0.048428902004393995,0.033418749999997985
TLL3005,CO2,24,local_level_kalman - pchip,local_level_kalman,pchip,2,34,0.0064082056699592133,0.011084012211568961
TLL3005,CO2,24,local_level_kalman - seasonal_median,local_level_kalman,seasonal_median,2,34,-0.31214732044135252,-0.35253471317108875
TLL3005,CO2,24,local_level_kalman - seasonal_residual_linear,local_level_kalman,seasonal_residual_linear,2,34,0.050499982743119079,0.046674677189910106
TLL3005,CO2,24,pchip - seasonal_median,pchip,seasonal_median,2,34,-0.32307450208231392,-0.33318763250858363
TLL3005,CO2,24,pchip - seasonal_residual_linear,pchip,seasonal_residual_linear,2,34,0.047034354399500024,0.036601722943564965
TLL3005,CO2,24,seasonal_median - seasonal_residual_linear,seasonal_median,seasonal_residual_linear,2,34,0.35971955127853739,0.37308333333333837
TLL3005,CO2,48,linear - local_level_kalman,linear,local_level_kalman,2,27,-0.017953058954432617,-0.022312975379358939
TLL3005,CO2,48,linear - pchip,linear,pchip,2,27,-0.0032334788226986572,-0.0020634378925228278
TLL3005,CO2,48,linear - seasonal_median,linear,seasonal_median,2,27,-0.31258178618069749,-0.32887223639456425
TLL3005,CO2,48,linear - seasonal_residual_linear,linear,seasonal_residual_linear,2,27,0.00018662507092184755,-0.0025372023809501626
TLL3005,CO2,48,local_level_kalman - pchip,local_level_kalman,pchip,2,27,0.026011770152511153,0.026535138653814329
TLL3005,CO2,48,local_level_kalman - seasonal_median,local_level_kalman,seasonal_median,2,27,-0.24016599685531181,-0.27006416969020108
TLL3005,CO2,48,local_level_kalman - seasonal_residual_linear,local_level_kalman,seasonal_residual_linear,2,27,0.030963741898429605,0.02871455126367135
TLL3005,CO2,48,pchip - seasonal_median,pchip,seasonal_median,2,27,-0.29897999449197971,-0.31983179432617381
TLL3005,CO2,48,pchip - seasonal_residual_linear,pchip,seasonal_residual_linear,2,27,-0.0018130751364108522,0.0090467567979484118
TLL3005,CO2,48,seasonal_median - seasonal_residual_linear,seasonal_median,seasonal_residual_linear,2,27,0.33884820573456509,0.35460990646259444
TLL3005,CO2,72,linear - local_level_kalman,linear,local_level_kalman,2,23,0.016246713876804278,0.0089660646731155869
TLL3005,CO2,72,linear - pchip,linear,pchip,2,23,-0.0034104118655662874,-0.0029012963202887793
TLL3005,CO2,72,linear - seasonal_median,linear,seasonal_median,2,23,-0.2222400581453291,-0.21836282343987531
TLL3005,CO2,72,linear - seasonal_residual_linear,linear,seasonal_residual_linear,2,23,0.020037215837440045,0.018921946347033376
TLL3005,CO2,72,local_level_kalman - pchip,local_level_kalman,pchip,2,23,-0.01848042992026383,-0.0141552726967345
TLL3005,CO2,72,local_level_kalman - seasonal_median,local_level_kalman,seasonal_median,2,23,-0.19588366543458474,-0.19065745574095694
TLL3005,CO2,72,local_level_kalman - seasonal_residual_linear,local_level_kalman,seasonal_residual_linear,2,23,0.00032285277745411345,-0.0073728677032239981
TLL3005,CO2,72,pchip - seasonal_median,pchip,seasonal_median,2,23,-0.17987942059512987,-0.18407060387450533
TLL3005,CO2,72,pchip - seasonal_residual_linear,pchip,seasonal_residual_linear,2,23,0.025757227373648009,0.022533725309350376
TLL3005,CO2,72,seasonal_median - seasonal_residual_linear,seasonal_median,seasonal_residual_linear,2,23,0.22281954592075304,0.20627425799087362
