gas,gap_hours,method,physical_stations,contributing_strata,repeated_base_gaps,median_rmse,median_mae,minimum_station_rmse,maximum_station_rmse,q25_station_rmse,q75_station_rmse,unit
CH4,1,linear,4,8,160,0.45437499999997044,0.45437499999997044,0.32499999999998863,0.75649999999995998,0.37749999999989825,0.57443750000004457,ppb
CH4,1,local_level_kalman,4,8,160,0.93365203710720834,0.93365203710720834,0.57656839407377447,1.8786556990605732,0.70901980720975644,1.305264271734643,ppb
CH4,1,pchip,4,8,160,0.47668947253112037,0.47668947253112037,0.33266714911923145,0.71114620252160421,0.3931520860718507,0.58283546063503877,ppb
CH4,1,seasonal_median,4,8,160,4.7649999999999579,4.7649999999999579,3.1550000000000296,31.484499999999912,3.3612499999999699,12.446124999999952,ppb
CH4,1,seasonal_residual_linear,4,8,160,0.62312499999998749,0.62312499999998749,0.35187500000006366,1.53712500000006,0.49015625000009777,0.91678124999991439,ppb
CH4,3,linear,4,8,160,0.85214965824080546,0.77916666666663059,0.69665840770695842,1.3081435268325781,0.80559654172415773,0.97382842927193447,ppb
CH4,3,local_level_kalman,4,8,160,1.2353303864254224,1.1427109792529677,0.94094324213390368,1.9674473269213082,1.1154043635043485,1.4646888583975879,ppb
CH4,3,pchip,4,8,160,0.85055535652871994,0.78454263692070936,0.67162145943202822,1.4270108273094051,0.76157438260708765,1.0389167238713506,ppb
CH4,3,seasonal_median,4,8,160,5.7902138496186266,5.7593750000000155,2.991398119269383,29.674875279060711,4.5816957813602146,12.270193342650249,ppb
CH4,3,seasonal_residual_linear,4,8,160,1.0242163761749632,0.88281250000006639,0.89426233028806368,1.9643480034285981,0.98983084243564201,1.2611463052559684,ppb
CH4,6,linear,4,8,154,1.3723200285575141,1.1578869047619045,1.1184494182679352,2.3170807606339512,1.2311102298602827,1.6862523577014601,ppb
CH4,6,local_level_kalman,4,8,154,1.7745379361271998,1.5869133546479286,1.0589326793549692,3.7527124768777043,1.5297869193529103,2.3349312738960575,ppb
CH4,6,pchip,4,8,154,1.3354267811663516,1.1525173612571109,1.1307721872289886,2.1152595788515884,1.272496664919148,1.5421514483505234,ppb
CH4,6,seasonal_median,4,8,154,6.3493392108349811,6.175312499999956,3.7848631919200795,30.57746636095586,5.6186427597584103,12.495948444713045,ppb
CH4,6,seasonal_residual_linear,4,8,154,1.5415498797135871,1.2778720238095502,1.2760576698252475,2.8433633227512916,1.4464512987005382,1.8957287690139775,ppb
CH4,12,linear,4,8,130,1.9568393674000983,1.6240544871794687,1.0796676210138179,4.0384340742244138,1.5441705231423621,2.6706139517673435,ppb
CH4,12,local_level_kalman,4,8,130,2.3357529849275491,1.9760139240267569,1.5370534947312837,6.1715648829042404,1.8424976450877373,3.5882864267124677,ppb
CH4,12,pchip,4,8,130,1.9672550101406396,1.5691189732336048,1.1582374814181491,4.0921896101847208,1.6193014181721326,2.6441878699395445,ppb
CH4,12,seasonal_median,4,8,130,6.3987720598479525,6.2285937499999999,3.1719569836411043,39.455176914729961,5.38889670661852,14.866044857746175,ppb
CH4,12,seasonal_residual_linear,4,8,130,1.8315220658462588,1.508205128205141,1.1974571598912656,4.1928193156504552,1.3817795626462042,2.7130726550086144,ppb
CH4,24,linear,4,8,107,2.7518096954654547,2.3999791666666681,2.0578918080726551,6.6540977100820164,2.5137546589694235,3.7919572637674266,ppb
CH4,24,local_level_kalman,4,8,107,3.0402853345768586,2.6960366287354978,1.9816240889790024,8.7826013604729578,2.6694692727006371,4.5820150915276407,ppb
CH4,24,pchip,4,8,107,2.6293553391933009,2.1821640027878333,1.8134666606859446,6.6357292343023317,2.1851262108026139,3.8712057717344068,ppb
CH4,24,seasonal_median,4,8,107,6.6815617368913109,6.3915885416666551,3.7745417907076564,24.356055321639925,5.8227132103106243,11.232278673113237,ppb
CH4,24,seasonal_residual_linear,4,8,107,2.5665691410630602,2.2345906250000227,2.003152244246261,7.615509948254676,2.2156191615274441,4.0389000981923813,ppb
CH4,48,linear,4,8,74,9.2595975417506473,7.7226286139455844,3.309768860101844,17.690554532907072,3.3674736891852461,15.772003471692955,ppb
CH4,48,local_level_kalman,4,8,74,6.9263789721656517,6.1136738222724691,3.6485877924560035,15.862904584308886,4.0087612593447695,11.25868029309493,ppb
CH4,48,pchip,4,8,74,8.7555205158096996,6.7631732034145369,3.3575484346901523,17.899804623748118,3.3716166488661954,15.076002389457923,ppb
CH4,48,seasonal_median,4,8,74,5.9661882507065984,4.8035937499999957,4.758081928215705,34.42355996428293,5.4138508777942551,13.330841971390301,ppb
CH4,48,seasonal_residual_linear,4,8,74,9.6706272802003355,8.1321869685374129,3.036698178993209,18.113464827537108,3.9945276879781724,15.79895398395491,ppb
CH4,72,linear,4,7,58,9.014887089388953,6.230691590563147,2.8614509394584147,19.793700283689315,3.7094187595615384,15.476699680308823,ppb
CH4,72,local_level_kalman,4,7,58,9.062016665549308,6.8608152684261956,3.0566354204706103,20.423182203571614,3.9188633530154426,15.544116051319076,ppb
CH4,72,pchip,4,7,58,8.6247273769917445,5.9308619403314156,3.3441117657820363,21.497948864546323,3.5832705287400435,15.564335694329664,ppb
CH4,72,seasonal_median,4,7,58,9.1288425927592414,6.8383072916666663,3.9533034270229068,36.472956990486409,6.6153471126329348,17.184481880883254,ppb
CH4,72,seasonal_residual_linear,4,7,58,9.029022289531019,6.319892979452046,2.741951455985963,20.315602629658478,3.523717905748891,15.784204049958747,ppb
CO2,1,linear,3,5,100,0.067500000000009663,0.067500000000009663,0.050000000000011369,0.4498750000000058,0.058750000000010516,0.25868750000000773,ppm
CO2,1,local_level_kalman,3,5,100,0.097197655775474345,0.097197655775474345,0.09581424958162188,1.1497339786259886,0.096505952678548113,0.62346581720073146,ppm
CO2,1,pchip,3,5,100,0.062940164674046173,0.062940164674046173,0.046270340231558293,0.448780854052103,0.054605252452802233,0.25586050936307458,ppm
CO2,1,seasonal_median,3,5,100,0.57499999999998863,0.57499999999998863,0.54624999999998636,1.1869999999999834,0.56062499999998749,0.88099999999998602,ppm
CO2,1,seasonal_residual_linear,3,5,100,0.10062500000005059,0.10062500000005059,0.05124999999998181,0.44275000000003217,0.0759375000000162,0.27168750000004138,ppm
CO2,3,linear,3,5,100,0.12315767904108568,0.10750000000000171,0.070393855369018543,0.71336718699809021,0.096775767205052113,0.41826243301958793,ppm
CO2,3,local_level_kalman,3,5,100,0.19781202949653162,0.17395284652229276,0.098692378635231837,1.6145215778524982,0.14825220406588174,0.90616680367451485,ppm
CO2,3,pchip,3,5,100,0.12199300557729804,0.11016529792696399,0.064297863776225858,0.73789658913173473,0.093145434676761951,0.42994479735451641,ppm
CO2,3,seasonal_median,3,5,100,0.62732025858126328,0.6233333333333444,0.53087674188065614,1.5599652025813111,0.57909850023095966,1.0936427305812872,ppm
CO2,3,seasonal_residual_linear,3,5,100,0.15381042500649145,0.14020833333334318,0.1260716822090267,0.8004641138334494,0.13994105360775907,0.47713726941997042,ppm
CO2,6,linear,3,5,93,0.15902159699407453,0.1370833333333342,0.093566167841337505,0.92227644439933654,0.126293882417706,0.54064902069670551,ppm
CO2,6,local_level_kalman,3,5,93,0.18915544019386143,0.15852779498950534,0.14041895196169996,2.0195247063150448,0.1647871960777807,1.104340073254453,ppm
CO2,6,pchip,3,5,93,0.16093714177973031,0.13450070677799175,0.081383484267492673,0.8804928450644085,0.12116031302361149,0.52071499342206939,ppm
CO2,6,seasonal_median,3,5,93,0.67181213046786548,0.66416666666666424,0.5578581087475375,1.5752253029175711,0.61483511960770154,1.1235187166927183,ppm
CO2,6,seasonal_residual_linear,3,5,93,0.1460193827745811,0.13214285714284082,0.13901812518489898,1.1186328923120039,0.14251875397974004,0.63232613754329248,ppm
CO2,12,linear,3,5,76,0.20920620422718841,0.17142628205129049,0.10947142884225954,1.7585313010176171,0.15933881653472398,0.98386875262240281,ppm
CO2,12,local_level_kalman,3,5,76,0.21656422957035931,0.1841343121712124,0.208159881052037,2.8409672689813981,0.21236205531119817,1.5287657492758786,ppm
CO2,12,pchip,3,5,76,0.2115024332017828,0.17684695287621938,0.1067809012450109,1.6248920700950595,0.15914166722339684,0.91819725164842114,ppm
CO2,12,seasonal_median,3,5,76,0.71402467707201578,0.69500000000000273,0.54447776322338193,1.6355611352893593,0.62925122014769885,1.1747929061806874,ppm
CO2,12,seasonal_residual_linear,3,5,76,0.20196247014173668,0.16316506410254542,0.1764651734992197,1.4130942955613242,0.18921382182047819,0.80752838285153039,ppm
CO2,24,linear,3,5,61,0.42191259153458682,0.36998333333333139,0.29692332360064166,3.0201181894760678,0.35941795756761424,1.7210153905053274,ppm
CO2,24,local_level_kalman,3,5,61,0.43493004566303972,0.40713757426831282,0.29405632635512957,2.5485164597479271,0.36449318600908465,1.4917232527054833,ppm
CO2,24,pchip,3,5,61,0.39044693941370989,0.33774074699760348,0.30711085809384597,3.133740599670177,0.34877889875377793,1.7620937695419434,ppm
CO2,24,seasonal_median,3,5,61,0.67786396929001103,0.64666666666666117,0.60086070747937648,1.5358313657793339,0.63936233838469381,1.1068476675346726,ppm
CO2,24,seasonal_residual_linear,3,5,61,0.36659839415235651,0.32164999999999344,0.24725116580370857,1.7034304485234735,0.30692477997803252,1.0350144213379151,ppm
CO2,48,linear,3,5,41,1.0026798461359012,0.71240646258503604,0.32112008392089231,3.1438062341875628,0.66189996502839676,2.0732430401617319,ppm
CO2,48,local_level_kalman,3,5,41,1.212631897043456,0.91927197685914841,0.38033556060316498,2.9595262547747021,0.79648372882331042,2.0860790759090788,ppm
CO2,48,pchip,3,5,41,0.89002467455360246,0.57927780197009915,0.28604309348320078,3.2774043812984042,0.58803388401840162,2.0837145279260034,ppm
CO2,48,seasonal_median,3,5,41,0.98612612004113054,0.67239583333333353,0.57815182282653865,1.8294891910709661,0.7821389714338346,1.4078076555560484,ppm
CO2,48,seasonal_residual_linear,3,5,41,0.95961949612191355,0.65206207482993805,0.27517096578674333,2.0534558731321906,0.61739523095432847,1.5065376846270522,ppm
CO2,72,linear,3,4,31,1.3644102752006302,0.95997146118721477,0.42716886664700704,3.5259722104135687,0.89578957092381861,2.4451912428070992,ppm
CO2,72,local_level_kalman,3,4,31,1.3050515304291386,0.96226861479157622,0.4197203292221342,3.2535534353445099,0.86238592982563644,2.2793024828868242,ppm
CO2,72,pchip,3,4,31,1.331642224108212,0.92381324668795228,0.47559574641933111,3.3854798014609848,0.90361898526377149,2.3585610127845982,ppm
CO2,72,seasonal_median,3,4,31,1.0578091102674705,0.76072916666666646,0.57101530233233067,2.1719512277196436,0.81441220629990063,1.614880168993557,ppm
CO2,72,seasonal_residual_linear,3,4,31,1.2895836883138903,0.90639602359208582,0.45582306933359068,2.3446961049725239,0.87270337882374049,1.8171398966432071,ppm
