Station Code,GAW ID,WDCGG ID,WIGOS ID,Station Name,Latitude,Longitude,Elevation,WMO Region,Country/Territory,WMO Category,Station Type,Station Status,Contributor,Gas Species
8003,,AIA8003,,Aircraft (over Bass Strait and Cape Grim) ,NA,NA,NA,MOBILE,AUSTRALIA,Mobile,mobile platform,Operational,CSIRO,co2 ch4 n2o 13co2 co h2
8049,,ALL8049,,"Alligator liberty, M/V ",NA,NA,NA,MOBILE,JAPAN,Mobile,mobile platform,Closed,JMA,co2
8002,,AOA8002,,Aircraft (Western North Pacific) ,NA,NA,NA,MOBILE,JAPAN,Mobile,mobile platform,Non-reporting,JMA AIST,co2 ch4 n2o co o2n2
8018,,AOC8018,,Atlantic Ocean ,NA,NA,NA,MOBILE,UNITED STATES,Mobile,mobile platform,Operational,NOAA,co2 ch4
8023,,BSL8023,,Pacific Ocean ,NA,NA,NA,MOBILE,NEW ZEALAND,Mobile,mobile platform,Operational,ESNZ,ch4 13ch4
8044,,DRP8044,,Drake Passage ,NA,NA,NA,MOBILE,UNITED STATES,Mobile,mobile platform,Operational,NOAA,co2 ch4 n2o sf6 13co2 c18o2 co h2
8007,,EOM8007,,CONTRAIL ,NA,NA,NA,MOBILE,JAPAN,Mobile,mobile platform,Operational,NIES TU,co2 ch4 sf6 13ch4 ch3d
8021,,HAK8021,,NOPACCS - Hakurei Maru - ,NA,NA,NA,MOBILE,JAPAN,Mobile,mobile platform,Non-reporting,NEDO,tic
8030,,HKH8030,,"MRI Research, Hakuho Maru, R/V ",NA,NA,NA,MOBILE,JAPAN,Mobile,mobile platform,Non-reporting,MRI,co2 ch4
8050,,HRM8050,,WEST COSMIC - Hakurei Maru No.2 - ,NA,NA,NA,MOBILE,JAPAN,Mobile,mobile platform,Non-reporting,NEDO,sf6 cfc113 cfc12 cfc11 tic
8005,,INS8005,,INSTAC ,NA,NA,NA,MOBILE,JAPAN,Mobile,mobile platform,Non-reporting,MRI,co2 ch4 13co2
8040,,KEF8040,,"Keifu Maru, R/V ",NA,NA,NA,MOBILE,JAPAN,Mobile,mobile platform,Operational,JMA,co2 cfc12 cfc11 tic
8017,,KIY8017,,"MRI Research, Kaiyo Maru, R/V ",NA,NA,NA,MOBILE,JAPAN,Mobile,mobile platform,Non-reporting,MRI,co2 co
8008,,KOF8008,,"Kofu Maru, R/V ",NA,NA,NA,MOBILE,JAPAN,Mobile,mobile platform,Closed,JMA,co2
8009,,MMR8009,,"Mirai, R/V ",NA,NA,NA,MOBILE,JAPAN,Mobile,mobile platform,Operational,MRI JAMSTEC,co2
8031,,MRI8031,,"MRI Research, Ship observations ",NA,NA,NA,MOBILE,JAPAN,Mobile,mobile platform,Non-reporting,MRI,ch4
8028,,NTU8028,,"MRI Research, Natushima, R/V ",NA,NA,NA,MOBILE,JAPAN,Mobile,mobile platform,Non-reporting,MRI,co2 ch4
8036,,NWP8036,,Northern and western Pacific ,NA,NA,NA,MOBILE,JAPAN,Mobile,mobile platform,Operational,TU,ch4 n2o 13ch4 ch3d
8001,,OAS8001,,Aircraft (over Japan and surroundings) ,NA,NA,NA,MOBILE,JAPAN,Mobile,mobile platform,Non-reporting,MRI,ch4 n2o sf6 cfc12 cfc11
8047,,ORL8047,,Aircraft: Orleans ,NA,NA,NA,MOBILE,FRANCE,Mobile,mobile platform,Operational,LSCE,co2 ch4
8045,,PAO8045,,Pacific-Atlantic Ocean ,NA,NA,NA,MOBILE,UNITED STATES,Mobile,mobile platform,Operational,NOAA,co2 ch4 n2o sf6 co
8043,,PIP8043,,Aircraft (off the Pacific coast of Sendai) ,NA,NA,NA,MOBILE,JAPAN,Mobile,mobile platform,Non-reporting,TU,ch4
8034,POC,POC8034,0-20008-0-POC,Pacific Ocean ,NA,NA,NA,MOBILE,UNITED STATES,Mobile,mobile platform,Operational,NOAA,co2 ch4 n2o sf6 13co2 c18o2 co h2
8035,,RFM8035,,"MRI Research, Ryofu Maru, R/V ",NA,NA,NA,MOBILE,JAPAN,Mobile,mobile platform,Non-reporting,MRI,co2 ch4
8010,RYF,RYF8010,0-20008-0-RYF,"Ryofu Maru, R/V ",NA,NA,NA,MOBILE,JAPAN,Mobile,mobile platform,Operational,JMA,co2 ch4 n2o cfc113 cfc12 cfc11 tic
8004,,SAN8004,,Santarem ,NA,NA,NA,MOBILE,BRAZIL,Mobile,mobile platform,Operational,INPE,co2 ch4 n2o sf6 co
8038,,SCS8038,,South China Sea ,NA,NA,NA,MOBILE,UNITED STATES,Mobile,mobile platform,Closed,NOAA,co2 ch4 13co2 c18o2 co
8048,,SIH8048,,Ship between Ishigaki Island and Hateruma Island ,NA,NA,NA,MOBILE,JAPAN,Mobile,mobile platform,Closed,TU,co2
8039,,SOY8039,,"Soyo Maru, R/V ",NA,NA,NA,MOBILE,JAPAN,Mobile,mobile platform,Non-reporting,FRA,co2
8042,,TDA8042,,Aircraft (over Japan and mainland) ,NA,NA,NA,MOBILE,JAPAN,Mobile,mobile platform,Non-reporting,TU,ch4
8046,,WAK8046,,Wakataka-Maru ,NA,NA,NA,MOBILE,JAPAN,Mobile,mobile platform,Non-reporting,FRA,co2
8032,,WLT8032,,"MRI Research, Wellington Maru, R/V ",NA,NA,NA,MOBILE,JAPAN,Mobile,mobile platform,Non-reporting,MRI,co2
8029,,WPC8029,,Western Pacific ,NA,NA,NA,MOBILE,UNITED STATES,Mobile,mobile platform,Operational,NOAA,co2 ch4 n2o sf6 13ch4 13co2 c18o2 co h2
3003,ABP,ABP3003,0-20008-0-ABP,Arembepe ,-12.7666664124,-38.1666679382,0,REGION III (South America),BRAZIL,GAW Global,fixed station,Closed,NOAA INPE,co2 ch4 n2o sf6 13co2 c18o2 co h2
4001,ALT,ALT4001,0-20008-0-ALT,Alert ,82.4991455078,-62.3415260315,185,REGION IV (North and Central America),CANADA,GAW Global,fixed station,Operational,NOAA CSIRO ECCC,co2 ch4 n2o sf6 13ch4 13co2 c18o2 ccl4 ch3ccl3 cfc113 cfc12 cfc11 hcfc141b hcfc142b hcfc22 hfc125 hfc152a hfc227ea hfc365mfc hfc134a hfc143a hfc32 cbrclf2 cbrf3 c2br2f4 co ch3cl ch2cl2 ch3br c2cl4 h2
1010,AMS,AMS1010,0-20008-0-AMS,Amsterdam Island ,-37.7983016968,77.5378036499,70,REGION I (Africa),FRANCE,GAW Global,fixed station,Operational,NOAA LSCE,co2 ch4 co
1003,ASK,ASK1003,0-20008-0-ASK,Assekrem ,23.26116,5.63115,2710,REGION I (Africa),ALGERIA,GAW Global,fixed station,Operational,NOAA ONM,co2 ch4 n2o sf6 13co2 c18o2 co h2
5007,BKT,BKT5007,0-20008-0-BKT,Bukit Kototabang ,-0.2019443959,100.3180541992,864,REGION V (South-West Pacific),INDONESIA,GAW Global,fixed station,Operational,NOAA BMKG,co2 ch4 n2o sf6 13co2 c18o2 co h2
4003,BRW,BRW4003,0-20008-0-BRW,Barrow (AK) ,71.3230133057,-156.6114654541,11,REGION IV (North and Central America),UNITED STATES,GAW Global,fixed station,Operational,NOAA,co2 ch4 n2o sf6 13ch4 13co2 c18o2 ccl4 ch3ccl3 cfc113 cfc12 cfc11 hcfc141b hcfc142b hcfc22 hfc125 hfc152a hfc227ea hfc365mfc hfc134a hfc143a hfc32 cbrclf2 cbrf3 c2br2f4 co ch3cl ch2cl2 ch3br c2cl4 h2
5011,CGO,CGO5011,0-20008-0-CGO,Kennaook / Cape Grim ,-40.682220459,144.6883392334,94,REGION V (South-West Pacific),AUSTRALIA,GAW Global,fixed station,Operational,NOAA AGAGE ANSTO CSIRO,co2 ch4 n2o sf6 so2f2 nf3 13ch4 13co2 c18o2 ccl4 ch3ccl3 cfc113 cfc12 cfc11 cfc115 cfc114 cfc13 hcfc141b hcfc142b hcfc22 hcfc124 hcfc132b hcfc133a hfc125 hfc23 hfc152a hfc236fa hfc245fa hfc227ea hfc365mfc hfc134a hfc143a hfc32 hfc4310mee pfc116 pfc218 pfc14 pfc318 cbrclf2 cbrf3 c2br2f4 co chcl3 ch3cl ch2cl2 ch3br c2cl4 h2 222rn
6042,CMN,CMN6042,0-20008-0-CMN,Monte Cimone ,44.193425,10.700963,2165,REGION VI (Europe),ITALY,GAW Global,fixed station,Operational,AGAGE IAFMS ISAC UNIURB ICOS,co2 ch4 n2o sf6 so2f2 nf3 ccl4 ch3ccl3 cfc12 cfc11 cfc115 cfc114 cfc13 hcfc141b hcfc142b hcfc22 hcfc124 hcfc132b hcfc133a hfc125 hfc23 hfc152a hfc236fa hfc245fa hfc227ea hfc365mfc hfc134a hfc143a hfc32 hfc4310mee pfc116 pfc218 pfc14 pfc318 cbrclf2 cbrf3 c2br2f4 co chcl3 ch3cl ch2cl2 ch3br c2cl4 h2
1009,CPT,CPT1009,0-20008-0-CPT,Cape Point ,-34.3534812927,18.4896831512,230,REGION I (Africa),SOUTH AFRICA,GAW Global,fixed station,Operational,NOAA ANSTO SAWS,co2 ch4 n2o sf6 13co2 c18o2 co h2 222rn
1004,CVO,CVO1004,0-20008-0-CVO,Cape Verde Atmospheric Observatory ,16.864025,-24.867519,10,REGION I (Africa),CAPE VERDE,GAW Global,fixed station,Operational,UYRK UoE,co2 ch4 n2o co
5005,DMV,DMV5005,0-20008-0-DMV,Danum Valley ,4.9813890457,117.8436126709,426,REGION V (South-West Pacific),MALAYSIA,GAW Global,fixed station,Operational,MMD,co2
7008,HBA,HBA7008,0-20008-0-HBA,Halley ,-75.571509,-25.50386,30,ANTARCTICA,UNITED KINGDOM,GAW Global,fixed station,Operational,NOAA BAS,co2 ch4 n2o sf6 13co2 c18o2 co h2
6028,HPB,HPB6028,0-20008-0-HPB,Hohenpeissenberg ,47.8014984131,11.0096197128,985,REGION VI (Europe),GERMANY,GAW Global,fixed station,Operational,NOAA DWD ICOS,co2 ch4 n2o sf6 13co2 c18o2 co h2 222rn
1002,IZO,IZO1002,0-20008-0-IZO,Izaña (Tenerife) ,28.3090000153,-16.4993991852,2373,REGION I (Africa),SPAIN,GAW Global,fixed station,Operational,NOAA AEMET ICOS,co2 ch4 n2o sf6 13co2 c18o2 co h2
6036,JFJ,JFJ6036,0-20008-0-JFJ,Jungfraujoch ,46.5474891663,7.9850897789,3580,REGION VI (Europe),SWITZERLAND,GAW Global,fixed station,Operational,AGAGE Empa KUP ICOS,co2 ch4 n2o sf6 so2f2 nf3 ccl4 ch3ccl3 cfc113 cfc12 cfc11 cfc115 cfc114 cfc13 hcfc141b hcfc142b hcfc22 hcfc124 hcfc132b hcfc133a hfc125 hfc23 hfc152a hfc236fa hfc245fa hfc227ea hfc365mfc hfc134a hfc143a hfc32 hfc4310mee pfc116 pfc218 pfc14 pfc318 cbrclf2 cbrf3 c2br2f4 co chcl3 ch3cl ch2cl2 ch3br c2hcl3 c2cl4
5014,LAU,LAU5014,0-20008-0-LAU,Lauder ,-45.0379981995,169.6840057373,370,REGION V (South-West Pacific),NEW ZEALAND,GAW Global,fixed station,Operational,ESNZ,co2 ch4 n2o sf6 co
6016,MHD,MHD6016,0-20008-0-MHD,Mace Head ,53.326614,-9.904419,8.4,REGION VI (Europe),IRELAND,GAW Global,fixed station,Operational,NOAA AGAGE LSCE,co2 ch4 n2o sf6 so2f2 nf3 13ch4 13co2 c18o2 ccl4 ch3ccl3 cfc113 cfc12 cfc11 cfc115 cfc114 cfc13 hcfc141b hcfc142b hcfc22 hcfc124 hcfc132b hcfc133a hfc125 hfc23 hfc152a hfc236fa hfc245fa hfc227ea hfc365mfc hfc134a hfc143a hfc32 hfc4310mee pfc116 pfc218 pfc14 pfc318 cbrclf2 cbrf3 c2br2f4 co chcl3 ch3cl ch2cl2 ch3br c2hcl3 c2cl4 h2
1005,MKN,MKN1005,0-20008-0-MKN,Mt. Kenya ,-0.0621999986,37.2971992493,3678,REGION I (Africa),KENYA,GAW Global,fixed station,Operational,NOAA KMD,co2 ch4 n2o sf6 13co2 c18o2 co h2
5002,MLO,MLO5002,0-20008-0-MLO,Mauna Loa (HI) ,19.5362300873,-155.5761566162,3397,REGION V (South-West Pacific),UNITED STATES,GAW Global,fixed station,Operational,NOAA CSIRO,co2 ch4 n2o sf6 13ch4 13co2 c18o2 ccl4 ch3ccl3 cfc113 cfc12 cfc11 hcfc141b hcfc142b hcfc22 hfc125 hfc152a hfc227ea hfc365mfc hfc134a hfc143a hfc32 cbrclf2 cbrf3 c2br2f4 co ch3cl ch2cl2 ch3br c2cl4 h2
2029,MNM,MNM2029,0-20008-0-MNM,Minamitorishima ,24.2883,153.9833,7.1,REGION II (Asia),JAPAN,GAW Global,fixed station,Operational,JMA MRI,co2 ch4 n2o hfc125 hfc23 hfc152a hfc245fa hfc227ea hfc134a hfc143a hfc32 co 222rn
6066,NYA,NYA6066,0-20008-0-NYA,Ny Ålesund ,78.923576355,11.9236602783,0,REGION VI (Europe),NORWAY,GAW Global,fixed station,Operational,TU,ch4 13ch4 ch3d
6004,PAL,PAL6004,0-20008-0-PAL,Pallas ,67.9736099243,24.1158332825,560,REGION VI (Europe),FINLAND,GAW Global,fixed station,Operational,NOAA ICOS,co2 ch4 n2o sf6 13co2 c18o2 co h2
6040,PUY,PUY6040,0-20008-0-PUY,Puy de Dôme ,45.7723,2.9658,1465,REGION VI (Europe),FRANCE,GAW Global,fixed station,Operational,LAMP LSCE ICOS,co2 ch4 n2o co
2026,PYR,PYR2026,0-20008-0-PYR,Nepal Climate Observatory - Pyramid ,27.9577999115,86.8149032593,5079,REGION II (Asia),NEPAL,GAW Global,fixed station,Operational,UNIURB,so2f2 cos ccl4 ch3ccl3 cfc113 cfc12 cfc11 cfc115 cfc114 hcfc141b hcfc142b hcfc22 hcfc132b hcfc133a hfc125 hfc152a hfc236fa hfc245fa hfc227ea hfc365mfc hfc134a hfc143a hfc32 pfc218 pfc318 cbrclf2 cbrf3 chcl3 ch3cl ch2cl2 ch3i ch3br ch2br2 c2hcl3 c2cl4 chbr3
1042,RUN,RUN1042,0-20008-0-RUN,La Réunion ,-21.0796,55.3841,2160,REGION I (Africa),FRANCE,GAW Global,fixed station,Operational,ICOS,co2 ch4 co
5009,SMO,SMO5009,0-20008-0-SMO,Samoa (Cape Matatula) ,-14.2474746704,-170.5645141602,77,REGION V (South-West Pacific),UNITED STATES,GAW Global,fixed station,Operational,NOAA AGAGE,co2 ch4 n2o sf6 so2f2 nf3 13ch4 13co2 c18o2 ccl4 ch3ccl3 cfc113 cfc12 cfc11 cfc115 cfc114 cfc13 hcfc141b hcfc142b hcfc22 hcfc124 hcfc132b hcfc133a hfc125 hfc23 hfc152a hfc236fa hfc245fa hfc227ea hfc365mfc hfc134a hfc143a hfc32 hfc4310mee pfc116 pfc218 pfc14 pfc318 cbrclf2 cbrf3 c2br2f4 co chcl3 ch3cl ch2cl2 ch3br c2cl4 h2
6032,SNB,SNB6032,0-20000-0-11343,SONNBLICK Observatory ,47.054018786,12.9576927483,3106,REGION VI (Europe),AUSTRIA,GAW Global,fixed station,Operational,UBAA,co2 ch4 co
7011,SPO,SPO7011,0-20008-0-SPO,South Pole ,-89.9969482422,-24.7999992371,2841,ANTARCTICA,UNITED STATES,GAW Global,fixed station,Operational,NOAA CSIRO,co2 ch4 n2o sf6 13ch4 13co2 c18o2 ccl4 ch3ccl3 cfc113 cfc12 cfc11 hcfc141b hcfc142b hcfc22 hfc125 hfc152a hfc227ea hfc365mfc hfc134a hfc143a hfc32 cbrclf2 cbrf3 c2br2f4 co ch3cl ch2cl2 ch3br c2cl4 h2
7039,TRL,TRL7039,0-578-20008-TRL,Trollhaugen ,-72.0117,2.5351,1553,ANTARCTICA,NORWAY,GAW Global,fixed station,Operational,NILU,co2 ch4
3007,USH,USH3007,0-20008-0-USH,Ushuaia ,-54.8484649658,-68.3106918335,18,REGION III (South America),ARGENTINA,GAW Global,fixed station,Operational,NOAA SMNA,co2 ch4 n2o sf6 13co2 c18o2 ccl4 ch3ccl3 cfc113 cfc12 cfc11 co h2
2015,WLG,WLG2015,0-20008-0-WLG,Mt. Waliguan ,36.2874984741,100.8963012695,3810,REGION II (Asia),CHINA,GAW Global,fixed station,Operational,NOAA CMA,co2 ch4 n2o sf6 13ch4 13co2 c18o2 co h2
6001,ZEP,ZEP6001,0-20008-0-ZEP,Zeppelin Mountain (Ny Ålesund) ,78.906688,11.889342,475,REGION VI (Europe),NORWAY,GAW Global,fixed station,Operational,NOAA AGAGE ITM NILU ICOS,co2 ch4 n2o sf6 so2f2 nf3 13ch4 13co2 c18o2 ccl4 ch3ccl3 cfc113 cfc12 cfc11 cfc115 cfc114 cfc13 hcfc141b hcfc142b hcfc22 hcfc124 hcfc132b hcfc133a hfc125 hfc23 hfc152a hfc236fa hfc245fa hfc227ea hfc365mfc hfc134a hfc143a hfc32 hfc4310mee pfc116 pfc218 pfc14 pfc318 cbrclf2 cbrf3 c2br2f4 co chcl3 ch3cl ch2cl2 ch3br c2cl4 h2
6031,ZSF,ZSF6031,0-20008-0-ZSF,Zugspitze-Schneefernerhaus ,47.4165,10.97964,2666,REGION VI (Europe),GERMANY,GAW Global,fixed station,Operational,DWD UBAG ICOS,co2 ch4 n2o sf6 co 222rn 7be
6030,ZUG,ZUG6030,0-20008-0-ZUG,Zugspitze-Gipfel ,47.421075,10.985896,2962,REGION VI (Europe),GERMANY,GAW Global,fixed station,Operational,IMKIFU UBAG,co2 ch4 co
6021,ADR,ADR6021,0-20008-0-ADR,Adrigole ,51.6800003052,-9.7299995422,50,REGION VI (Europe),IRELAND,GAW Regional,fixed station,Closed,AGAGE,n2o ccl4 ch3ccl3 cfc12 cfc11
2014,AMY,AMY2014,0-20008-0-AMY,Anmyeon-do ,36.5386,126.33,42,REGION II (Asia),"KOREA, REPUBLIC OF",GAW Regional,fixed station,Operational,NOAA KMA,co2 ch4 n2o sf6 13ch4 cfc113 cfc12 cfc11 hfc125 hfc143a hfc32 cbrf3 co h2
7009,ARH,ARH7009,0-554-0-89668,Arrival Heights ,-77.83011,166.66049,187.41,ANTARCTICA,NEW ZEALAND,GAW Regional,fixed station,Operational,ESNZ GNS,co2 ch4 n2o sf6 13ch4 co 14co2
1007,ASC,ASC1007,0-20008-0-ASC,Ascension Island ,-7.9699997902,-14.3999996185,91,REGION I (Africa),UNITED KINGDOM,GAW Regional,fixed station,Operational,NOAA,co2 ch4 n2o sf6 13ch4 13co2 c18o2 co h2
4035,AVI,AVI4035,0-20008-0-AVI,St. Croix ,17.75,-64.75,3,REGION IV (North and Central America),UNITED STATES,GAW Regional,fixed station,Closed,NOAA,co2 ch4
6047,AZR,AZR6047,0-20008-0-AZR,Serreta (Terceira) ,38.7700004578,-27.3799991608,40,REGION VI (Europe),PORTUGAL,GAW Regional,fixed station,Operational,NOAA,co2 ch4 n2o sf6 13ch4 13co2 c18o2 co h2
6009,BAL,BAL6009,0-20008-0-BAL,Baltic Sea ,55.5,16.6700000763,7,REGION VI (Europe),POLAND,GAW Regional,fixed station,Non-reporting,NOAA,co2 ch4 n2o sf6 13ch4 13co2 c18o2 co h2
4129,BCK,BCK4129,0-20008-0-BCK,Behchoko ,62.797934,-115.918255,184,REGION IV (North and Central America),CANADA,GAW Regional,fixed station,Operational,ECCC,co2 ch4
6045,BEO,BEO6045,0-20008-0-BEO,BEO Moussala ,42.1791992188,23.5855998993,2925,REGION VI (Europe),BULGARIA,GAW Regional,fixed station,Operational,INRNE,co2 co
2003,BER,BER2003,0-20008-0-BER,Bering Island ,55.2000007629,165.9799957275,13,REGION II (Asia),RUSSIAN FEDERATION,GAW Regional,fixed station,Closed,MGO,co2
5012,BHD,BHD5012,0-20008-0-BHD,Baring Head ,-41.4081916809,174.870803833,85,REGION V (South-West Pacific),NEW ZEALAND,GAW Regional,fixed station,Operational,NOAA ESNZ,co2 ch4 n2o sf6 13ch4 13co2 c18o2 co h2 14co2
6298,BIR,BIR6298,0-20008-0-BIR,Birkenes ,58.3800010681,8.25,190,REGION VI (Europe),NORWAY,GAW Regional,fixed station,Operational,ICOS,co2 ch4 co
4029,BME,BME4029,0-20008-0-BME,St. David's Head ,32.3699989319,-64.6500015259,30,REGION IV (North and Central America),UNITED KINGDOM,GAW Regional,fixed station,Closed,NOAA,co2 ch4 n2o sf6 13co2 c18o2 co h2
4030,BMW,BMW4030,0-20008-0-BMW,Tudor Hill (Bermuda) ,32.2700004578,-64.8799972534,30,REGION IV (North and Central America),UNITED KINGDOM,GAW Regional,fixed station,Operational,NOAA,co2 ch4 n2o sf6 13co2 c18o2 co h2
4218,BRA,BRA4218,0-20008-0-BRA,Bratt's Lake ,50.201631,-104.711259,580,REGION IV (North and Central America),CANADA,GAW Regional,fixed station,Operational,ECCC,co2 ch4
6413,BRM,BRM6413,0-20000-0-06910,BEROMUENSTER ,47.189583,8.175461,797,REGION VI (Europe),SWITZERLAND,GAW Regional,fixed station,Operational,Empa,n2o co
6043,BSC,BSC6043,0-20008-0-BSC,Constanta (Black Sea) ,44.1699981689,28.6800003052,3,REGION VI (Europe),ROMANIA,GAW Regional,fixed station,Non-reporting,NOAA,co2 ch4 n2o sf6 13co2 c18o2 co h2
6293,BSD,BSD6293,0-20008-0-BSD,Bilsdale ,54.359,-1.15,380,REGION VI (Europe),UNITED KINGDOM,GAW Regional,fixed station,Non-reporting,UNIVBRIS,co2 ch4 n2o sf6 co
1001,CAI,CAI1001,0-20008-0-CAI,CAIRO ,30.0833339691,31.2833328247,35,REGION I (Africa),EGYPT,GAW Regional,fixed station,Operational,EMA,co2
4005,CBA,CBA4005,0-20008-0-CBA,Cold Bay (AK) ,55.2000007629,-162.7166595459,25,REGION IV (North and Central America),UNITED STATES,GAW Regional,fixed station,Operational,NOAA,co2 ch4 n2o sf6 13ch4 13co2 c18o2 co h2
6117,CBW,CBW6117,0-20008-0-CES,Cesar (Cabauw) ,51.9710006714,4.9270000458,-1,REGION VI (Europe),NETHERLANDS,GAW Regional,fixed station,Operational,ICOS,co2 ch4 n2o co
4165,CBY,CBY4165,0-20008-0-CBY,Cambridge Bay ,69.1284,-105.0577,25,REGION IV (North and Central America),CANADA,GAW Regional,fixed station,Operational,ECCC,co2 ch4
4008,CDL,CDL4008,0-20008-0-CDL,Candle Lake ,53.987108,-105.117939,591,REGION IV (North and Central America),CANADA,GAW Regional,fixed station,Closed,ECCC,co2 ch4 co
5010,CFA,CFA5010,0-20008-0-CFA,Cape Ferguson ,-19.2773323059,147.0584411621,2,REGION V (South-West Pacific),AUSTRALIA,GAW Regional,fixed station,Operational,CSIRO,co2 ch4 n2o 13co2 co h2
6048,CGR,CGR6048,0-20008-0-CGR,Capo Granitola ,37.571111,12.659722,5,REGION VI (Europe),ITALY,GAW Regional,fixed station,Operational,ISAC,co2 ch4 co
4004,CHL,CHL4004,0-20008-0-CHL,Churchill ,58.737902,-93.820581,16,REGION IV (North and Central America),CANADA,GAW Regional,fixed station,Operational,ECCC TU,co2 ch4 n2o 13ch4 13co2 c18o2 co
4012,CHM,CHM4012,0-20008-0-CHM,Chibougamau ,49.69251,-74.342296,383,REGION IV (North and Central America),CANADA,GAW Regional,fixed station,Closed,ECCC,co2 ch4 co
5006,CHR,CHR5006,0-20008-0-CHR,Christmas Island ,1.7000000477,-157.1699981689,3,REGION V (South-West Pacific),KIRIBATI,GAW Regional,fixed station,Operational,NOAA,co2 ch4 n2o sf6 13co2 c18o2 co h2
4016,CMO,CMO4016,0-20008-0-CMO,Cape Meares (OR) ,45,-124,30,REGION IV (North and Central America),UNITED STATES,GAW Regional,fixed station,Closed,NOAA AGAGE,co2 ch4 n2o 13co2 c18o2 ccl4 ch3ccl3 cfc113 cfc12 cfc11 co
2157,CPA,CPA2157,0-417-0-CPA,Cholpon-Ata ,42.6369,77.0675,1613,REGION II (Asia),KYRGYZSTAN,GAW Regional,fixed station,Operational,Kyrgyzhydromet,co2 ch4 co
4245,CPS,CPS4245,0-20008-0-CPS,Chapais ,49.821583,-74.974551,383,REGION IV (North and Central America),CANADA,GAW Regional,fixed station,Operational,ECCC,co2 ch4
1011,CRZ,CRZ1011,0-20008-0-CRZ,Crozet ,-46.4333381653,51.8335800171,120,REGION I (Africa),FRANCE,GAW Regional,fixed station,Operational,NOAA,co2 ch4 n2o sf6 13co2 c18o2 co h2
6056,CUR,CUR6056,0-20008-0-CUR,Monte Curcio ,39.315972,16.42325,1796,REGION VI (Europe),ITALY,GAW Regional,fixed station,Operational,IIA,co2 ch4 co
7004,CYA,CYA7004,0-20008-0-CYA,Casey ,-66.2833023071,110.5167007446,51,ANTARCTICA,AUSTRALIA,GAW Regional,fixed station,Operational,CSIRO,co2 ch4 n2o 13co2 co h2
6012,DIG,DIG6012,0-20008-0-DIG,Diabla Gora / Puszcza Borecka ,54.1500015259,22.0666675568,157,REGION VI (Europe),POLAND,GAW Regional,fixed station,Operational,IOEP,co2
6055,ECO,ECO6055,0-20008-0-ECO,Lecce Environmental-Climate Observatory ,40.3358,18.1245,36,REGION VI (Europe),ITALY,GAW Regional,fixed station,Operational,ISAC,co2 ch4 co
4018,EGB,EGB4018,0-20008-0-EGB,Egbert ,44.231006,-79.783839,255,REGION IV (North and Central America),CANADA,GAW Regional,fixed station,Operational,ECCC,co2 ch4 co
3004,EIC,EIC3004,0-20008-0-EIC,Easter Island ,-27.1666660309,-109.4167022705,41,REGION III (South America),CHILE,GAW Regional,fixed station,Operational,NOAA,co2 ch4 n2o sf6 13ch4 13co2 c18o2 co h2
4013,ESP,ESP4013,0-20008-0-ESP,Estevan Point ,49.382935,-126.544097,7,REGION IV (North and Central America),CANADA,GAW Regional,fixed station,Operational,CSIRO ECCC,co2 ch4 n2o 13co2 c18o2 co h2
4178,EST,EST4178,0-20008-0-EST,Esther ,51.67055,-110.206325,707,REGION IV (North and Central America),CANADA,GAW Regional,fixed station,Operational,ECCC,co2 ch4
4007,ETL,ETL4007,0-20008-0-ETL,East Trout Lake ,54.353743,-104.986864,500,REGION IV (North and Central America),CANADA,GAW Regional,fixed station,Operational,ECCC,co2 ch4 13co2 c18o2 co
6041,FDT,FDT6041,0-20008-0-FDT,Fundata ,45.43147039,25.2715382709,1384,REGION VI (Europe),ROMANIA,GAW Regional,fixed station,Operational,INMH,co2
1012,FRF,FRF1012,0-20008-0-FRF,Farafra ,27.0581169128,27.9901638031,92,REGION I (Africa),EGYPT,GAW Regional,fixed station,Operational,EMA,co2
4011,FSD,FSD4011,0-20008-0-FSD,Fraserdale ,49.8400001526,-81.5166702271,210,REGION IV (North and Central America),CANADA,GAW Regional,fixed station,Operational,ECCC,co2 ch4 13co2 c18o2 co
6058,GAT,GAT6058,0-20008-0-GAT,Gartow ,53.065514,11.442733,69,REGION VI (Europe),GERMANY,GAW Regional,fixed station,Operational,ICOS,co2 ch4 n2o co
6049,GLH,GLH6049,0-20008-0-GLH,Giordan Lighthouse ,36.0722,14.2184,167,REGION VI (Europe),MALTA,GAW Regional,fixed station,Operational,UMLT,co2 ch4 co 222rn
5004,GMI,GMI5004,0-20008-0-GMI,Guam (Mariana Island) ,13.4300003052,144.7799987793,2,REGION V (South-West Pacific),UNITED STATES,GAW Regional,fixed station,Operational,NOAA,co2 ch4 n2o sf6 13ch4 13co2 c18o2 co h2
6050,GOZ,GOZ6050,0-20008-0-GOZ,Dwejra Point ,36.0499992371,14.1800003052,30,REGION VI (Europe),MALTA,GAW Regional,fixed station,Closed,NOAA,co2 ch4 13co2 c18o2 co
5008,GPA,GPA5008,0-20008-0-GPA,Gunn Point ,-12.2488002777,131.0453033447,25,REGION V (South-West Pacific),AUSTRALIA,GAW Regional,fixed station,Operational,CSIRO,co2 ch4 n2o 13co2 co h2
2025,GSN,GSN2025,0-20008-0-GSN,Jeju Gosan ,33.29382,126.16283,71.39,REGION II (Asia),"KOREA, REPUBLIC OF",GAW Regional,fixed station,Operational,AGAGE KMA GERC METRI,co2 ch4 n2o sf6 so2f2 ccl4 ch3ccl3 cfc113 cfc12 cfc11 cfc115 cfc114 cfc13 hcfc141b hcfc142b hcfc22 hcfc132b hcfc133a hfc125 hfc23 hfc152a hfc134a hfc143a hfc32 pfc116 pfc218 pfc14 pfc318 cbrclf2 cbrf3 c2br2f4 co chcl3 ch3cl ch2cl2 ch3br
6415,HEL,HEL6415,0-276-0-HEL,Helgoland ,54.1804,7.8832,43,REGION VI (Europe),GERMANY,GAW Regional,fixed station,Operational,ICOS,co2 ch4 n2o co
6419,HFD,HFD6419,0-20008-0-HFD,Heathfield ,50.976667,0.230556,160,REGION VI (Europe),UNITED KINGDOM,GAW Regional,fixed station,Operational,NPL,co2 ch4 n2o sf6 13ch4 ch3d co 222rn
4020,HFM,HFM4020,0-20008-0-HFM,Harvard Forest (MA) ,42.9000015259,-72.3000030518,340,REGION IV (North and Central America),UNITED STATES,GAW Regional,fixed station,Operational,NOAA,n2o sf6 ccl4 ch3ccl3 cfc113 cfc12 cfc11 hcfc141b hcfc142b hcfc22 hfc125 hfc152a hfc227ea hfc365mfc hfc134a hfc143a hfc32 cbrclf2 cbrf3 c2br2f4 ch3cl ch2cl2 ch3br c2cl4
2034,HKG,HKG2034,0-20008-0-HKG,Hok Tsui / Cape d Aguilar ,22.2094,114.2535,53,REGION II (Asia),HONG KONG,GAW Regional,fixed station,Operational,HKO PolyU,co2 co
2033,HKO,HKO2033,0-20008-0-HKO,King's Park ,22.3118972778,114.1728744507,65,REGION II (Asia),HONG KONG,GAW Regional,fixed station,Operational,HKO,co2 222rn
6319,HTM,HTM6319,0-20008-0-HTM,Hyltemossa ,56.09763,13.41897,115,REGION VI (Europe),SWEDEN,GAW Regional,fixed station,Non-reporting,ICOS,co2 ch4 n2o co
3002,HUA,HUA3002,0-20008-0-HUA,Huancayo ,-12.1499996185,-75.5666656494,4575,REGION III (South America),PERU,GAW Regional,fixed station,Closed,IGP,co2
6034,HUN,HUN6034,0-348-4-16307,Hegyhátsál háttérszennyettség-mérő állomás ,46.9559,16.6521,248,REGION VI (Europe),HUNGARY,GAW Regional,fixed station,Operational,NOAA ATOMKI ICOS,co2 ch4 n2o sf6 13co2 c18o2 co h2
6007,ICE,ICE6007,0-20008-0-ICE,Storhofdi ,63.4000015259,-20.2833328247,118,REGION VI (Europe),ICELAND,GAW Regional,fixed station,Operational,NOAA,co2 ch4 n2o sf6 13co2 c18o2 co h2
4176,INU,INU4176,0-20008-0-INU,Inuvik ,68.317817,-133.534232,107,REGION IV (North and Central America),CANADA,GAW Regional,fixed station,Operational,ECCC,co2 ch4
6272,IPR,IPR6272,0-20008-0-IPR,Ispra ,45.8030014038,8.626999855,209,REGION VI (Europe),ITALY,GAW Regional,fixed station,Operational,ICOS,co2 ch4 n2o co
2009,ISK,ISK2009,0-20008-0-ISK,Issyk-Kul ,42.6166648865,76.9833297729,1640,REGION II (Asia),KYRGYZSTAN,GAW Regional,fixed station,Operational,KSNU,co2 ch4
4027,ITN,ITN4027,0-20008-0-ITN,Grifton - Georgia Station (NC) ,35.3499984741,-77.3799972534,505,REGION IV (North and Central America),UNITED STATES,GAW Regional,fixed station,Operational,NOAA,ch4 n2o sf6 13co2 c18o2 ccl4 ch3ccl3 cfc113 cfc12 cfc11 co
7002,JBN,JBN7002,0-20008-0-JBN,Jubany ,-62.2382011414,-58.6660003662,15,ANTARCTICA,ARGENTINA,GAW Regional,fixed station,Non-reporting,IAA,co2
6421,JUE,JUE6421,0-20008-0-JUE,Jülich ,50.910197,6.409614,98,REGION VI (Europe),GERMANY,GAW Regional,fixed station,Operational,ICOS,co2 ch4 n2o co
6445,KAS,KAS6445,0-616-0-KAS,Kasprowy Wierch ,49.2325,19.9818,1989,REGION VI (Europe),POLAND,GAW Regional,fixed station,Operational,AGH,co2 ch4 co
2037,KCO,KCO2037,0-20008-0-KCO,Kaashidhoo (Male Atoll) ,4.9699997902,73.4700012207,1,REGION II (Asia),MALDIVES,GAW Regional,fixed station,Closed,NOAA,co2 ch4 n2o sf6 co
4033,KEY,KEY4033,0-20008-0-KEY,Key Biscane (FL) ,25.6666660309,-80.1999969482,3,REGION IV (North and Central America),UNITED STATES,GAW Regional,fixed station,Operational,NOAA,co2 ch4 n2o sf6 13co2 c18o2 co h2
6015,KMW,KMW6015,0-20008-0-KMW,Kollumerwaard ,53.3333320618,6.2666668892,0,REGION VI (Europe),NETHERLANDS,GAW Regional,fixed station,Operational,RIVM,co2 ch4 co
6024,KOS,KOS6024,0-20008-0-KOS,Kosetice Observatory ,49.5833320618,15.0833330154,534,REGION VI (Europe),CZECH REPUBLIC,GAW Regional,fixed station,Operational,CHMI,ch4 co
2001,KOT,KOT2001,0-20008-0-KOT,Kotelnyj Island ,76,137.8699951172,5,REGION II (Asia),RUSSIAN FEDERATION,GAW Regional,fixed station,Non-reporting,MGO,co2
4031,KPA,KPA4031,0-20008-0-KPA,Kitt Peak (AZ) ,31.9699993134,-111.5999984741,2083,REGION IV (North and Central America),UNITED STATES,GAW Regional,fixed station,Closed,NOAA,ch4
6033,KPS,KPS6033,0-348-4-46316,Kecskemét K-puszta háttérszennyettség-mérő állomás ,46.9666671753,19.5833339691,125,REGION VI (Europe),HUNGARY,GAW Regional,fixed station,Operational,HMS,co2
7001,KSG,KSG7001,0-20008-0-KSG,King Sejong ,-62.2166595459,-58.7832984924,0,ANTARCTICA,"KOREA, REPUBLIC OF",GAW Regional,fixed station,Operational,KMA,co2
6014,KTB,KTB6014,0-20008-0-KTB,Kloosterburen ,53.4000015259,6.4200000763,0,REGION VI (Europe),NETHERLANDS,GAW Regional,fixed station,Closed,RIVM,co
5003,KUM,KUM5003,0-20008-0-KUM,Cape Kumukahi (HI) ,19.5200004578,-154.8200073242,3,REGION V (South-West Pacific),UNITED STATES,GAW Regional,fixed station,Operational,NOAA,co2 ch4 n2o sf6 13ch4 13co2 c18o2 ccl4 ch3ccl3 cfc113 cfc12 cfc11 hcfc141b hcfc142b hcfc22 hfc125 hfc152a hfc227ea hfc365mfc hfc134a hfc143a hfc32 cbrclf2 cbrf3 c2br2f4 co ch3cl ch2cl2 ch3br c2cl4 h2
6037,KVV,KVV6037,0-20008-0-KVV,Krvavec ,46.2973494817,14.5333143774,1740,REGION VI (Europe),SLOVENIA,GAW Regional,fixed station,Operational,ARSO,co
2010,KYZ,KYZ2010,0-20008-0-KYZ,Kyzylcha ,40.8699989319,66.1500015259,340,REGION II (Asia),UZBEKISTAN,GAW Regional,fixed station,Closed,MGO,co2
2005,KZD,KZD2005,0-20008-0-KZD,Sary Taukum ,44.4500007629,77.5699996948,412,REGION II (Asia),KAZAKHSTAN,GAW Regional,fixed station,Non-reporting,NOAA,co2 ch4 n2o sf6 13co2 c18o2 co
2007,KZM,KZM2007,0-20008-0-KZM,Plateau Assy ,43.25,77.8799972534,2519,REGION II (Asia),KAZAKHSTAN,GAW Regional,fixed station,Non-reporting,NOAA,co2 ch4 n2o sf6 13co2 c18o2 co
4015,LEF,LEF4015,0-20008-0-LEF,Park Falls (WI) ,45.9300003052,-90.2699966431,868,REGION IV (North and Central America),UNITED STATES,GAW Regional,fixed station,Operational,NOAA,co2 ch4 n2o sf6 13co2 c18o2 ccl4 ch3ccl3 cfc113 cfc12 cfc11 hcfc141b hcfc142b hcfc22 hfc125 hfc152a hfc227ea hfc365mfc hfc134a hfc143a hfc32 cbrclf2 cbrf3 c2br2f4 co ch3cl ch2cl2 ch3br c2cl4 h2
4006,LLB,LLB4006,0-20008-0-LLB,Lac La Biche (Alberta) ,54.953809,-112.466649,548,REGION IV (North and Central America),CANADA,GAW Regional,fixed station,Operational,NOAA ECCC,co2 ch4 n2o sf6 13ch4 13co2 c18o2 co h2
6051,LMP,LMP6051,0-20008-0-LMP,Lampedusa ,35.5182,12.6305,45,REGION VI (Europe),ITALY,GAW Regional,fixed station,Operational,NOAA ENEA ICOS,co2 ch4 n2o sf6 13co2 c18o2 ccl4 ch3ccl3 cfc113 cfc12 cfc11 hcfc141b hcfc142b hcfc22 hfc134a cbrclf2 cbrf3 co chcl3 ch3cl ch2cl2 ch3i ch3br ch2br2 h2
6054,LMT,LMT6054,0-20008-0-LMT,Lamezia Terme ,38.8763,16.2322,6,REGION VI (Europe),ITALY,GAW Regional,fixed station,Operational,ISAC,co2 ch4 co
6420,LUT,LUT6420,0-528-0-LUT,Lutjewad ,53.4036,6.3528,1,REGION VI (Europe),NETHERLANDS,GAW Regional,fixed station,Operational,ICOS,co2 ch4 n2o co
7005,MAA,MAA7005,0-20008-0-MAA,Mawson ,-67.6047210693,62.8705558777,20,ANTARCTICA,AUSTRALIA,GAW Regional,fixed station,Operational,CSIRO,co2 ch4 n2o 13co2 co h2
4002,MBC,MBC4002,0-20008-0-MBC,Mould Bay ,76.25,-119.3499984741,58,REGION IV (North and Central America),CANADA,GAW Regional,fixed station,Closed,NOAA,co2 ch4 13co2 c18o2 co
7010,MCM,MCM7010,0-20008-0-MCM,McMurdo ,-77.85,166.6666667,11,ANTARCTICA,UNITED STATES,GAW Regional,fixed station,Non-reporting,NOAA,ch4
6418,MDN,MDN6418,0-380-0-MDN,Madonie - Piano Battaglia ,37.880311,14.025635,1650,REGION VI (Europe),ITALY,GAW Regional,fixed station,Operational,ENEA,co2 ch4
5058,MGK,MGK5058,0-554-0-MGK,Maunga Kākaramea ,-38.3194,176.3883,743,REGION V (South-West Pacific),NEW ZEALAND,GAW Regional,fixed station,Operational,ESNZ,co2
5001,MID,MID5001,0-20008-0-MID,Sand Island ,28.2199993134,-177.3699951172,4,REGION V (South-West Pacific),UNITED STATES,GAW Regional,fixed station,Operational,NOAA,co2 ch4 n2o sf6 13ch4 13co2 c18o2 co h2
5015,MQA,MQA5015,0-20008-0-MQA,Macquarie Island ,-54.498500824,158.9385070801,6,REGION V (South-West Pacific),AUSTRALIA,GAW Regional,fixed station,Operational,CSIRO GNS,co2 ch4 n2o 13co2 co h2 14co2
3001,NAT,NAT3001,0-20008-0-NAT,Natal ,-6,-35.2000007629,0,REGION III (South America),BRAZIL,GAW Regional,fixed station,Operational,NOAA,co2 ch4 n2o sf6 13co2 c18o2 co h2
6017,NGL,NGL6017,0-20008-0-NGL,Neuglobsow ,53.1427764893,13.0333337784,62,REGION VI (Europe),GERMANY,GAW Regional,fixed station,Operational,UBAG,co2 ch4 co
1008,NMB,NMB1008,0-20008-0-NMB,Gobabeb ,-23.5699996948,15.029999733,408,REGION I (Africa),NAMIBIA,GAW Regional,fixed station,Operational,NOAA,co2 ch4 n2o sf6 13co2 c18o2 co h2
6260,NOR,NOR6260,0-20008-0-NOR,Norunda ,60.086441,17.479455,46,REGION VI (Europe),SWEDEN,GAW Regional,fixed station,Operational,ICOS,co2 ch4 co
4023,NWR,NWR4023,0-20008-0-NWR,Niwot Ridge - T-van (CO) ,40.0499992371,-105.5899963379,3523,REGION IV (North and Central America),UNITED STATES,GAW Regional,fixed station,Operational,NOAA,co2 ch4 n2o sf6 13ch4 13co2 c18o2 ccl4 ch3ccl3 cfc113 cfc12 cfc11 hcfc141b hcfc142b hcfc22 hfc125 hfc152a hfc227ea hfc365mfc hfc134a hfc143a hfc32 cbrclf2 cbrf3 c2br2f4 co ch3cl ch2cl2 ch3br c2cl4 h2 14co2
5013,NZL,NZL5013,0-20008-0-NZL,Kaitorete Spit ,-43.8300018311,172.6300048828,3,REGION V (South-West Pacific),NEW ZEALAND,GAW Regional,fixed station,Closed,NOAA,ch4
6437,OPE,OPE6437,0-250-0-OPE,Observatoire Pérenne de l'Environnement ,48.5619,5.5036,390,REGION VI (Europe),FRANCE,GAW Regional,fixed station,Operational,ICOS,co2 ch4 n2o co
4014,OPW,OPW4014,0-20008-0-OPW,Olympic Peninsula (WA) ,48.25,-124.4199981689,488,REGION IV (North and Central America),UNITED STATES,GAW Regional,fixed station,Closed,NOAA,co2 ch4
6035,PAY,PAY6035,0-20008-0-PAY,Payerne ,46.8129081726,6.943500042,490,REGION VI (Europe),SWITZERLAND,GAW Regional,fixed station,Operational,Empa,co
2035,PDI,PDI2035,0-20008-0-PDI,Pha Din ,21.5731,103.5157,1466,REGION II (Asia),VIET NAM,GAW Regional,fixed station,Operational,VNMHA,co2 ch4 co
6044,PDM,PDM6044,0-20008-0-PDM,Pic du Midi ,42.9371986389,0.1411000043,2877,REGION VI (Europe),FRANCE,GAW Regional,fixed station,Operational,LA LSCE,co2 ch4 co
6039,PRS,PRS6039,0-20008-0-PRS,Plateau Rosa ,45.9353408813,7.7073101997,3480,REGION VI (Europe),ITALY,GAW Regional,fixed station,Operational,RSE ICOS,co2 ch4 co
7003,PSA,PSA7003,0-20008-0-PSA,Palmer Station ,-64.7743301392,-64.0544204712,10,ANTARCTICA,UNITED STATES,GAW Regional,fixed station,Operational,NOAA,co2 ch4 n2o sf6 13co2 c18o2 ccl4 ch3ccl3 cfc113 cfc12 cfc11 hcfc142b hcfc22 hfc125 hfc152a hfc227ea hfc365mfc hfc134a hfc143a hfc32 cbrclf2 cbrf3 c2br2f4 co ch3cl ch2cl2 ch3br h2
4025,PTA,PTA4025,0-20008-0-PTA,Point Arena (CA) ,38.9500007629,-123.7300033569,17,REGION IV (North and Central America),UNITED STATES,GAW Regional,fixed station,Non-reporting,NOAA,co2 ch4 n2o sf6 13co2 c18o2 co h2
6020,RGL,RGL6020,0-20008-0-RGL,Ridge Hill ,51.9975585938,-2.5400300026,204,REGION VI (Europe),UNITED KINGDOM,GAW Regional,fixed station,Operational,UNIVBRIS ICOS,co2 ch4 n2o sf6 co
6038,RIG,RIG6038,0-20008-0-RIG,Rigi ,47.06739,8.46333,1031,REGION VI (Europe),SWITZERLAND,GAW Regional,fixed station,Operational,Empa,co
4036,RPB,RPB4036,0-20008-0-RPB,Ragged Point ,13.1700000763,-59.4300003052,45,REGION IV (North and Central America),BARBADOS,GAW Regional,fixed station,Operational,NOAA AGAGE,co2 ch4 n2o sf6 so2f2 nf3 13co2 c18o2 ccl4 ch3ccl3 cfc113 cfc12 cfc11 cfc115 cfc114 cfc13 hcfc141b hcfc142b hcfc22 hcfc124 hcfc132b hcfc133a hfc125 hfc23 hfc152a hfc236fa hfc245fa hfc227ea hfc365mfc hfc134a hfc143a hfc32 hfc4310mee pfc116 pfc218 pfc14 pfc318 cbrclf2 cbrf3 c2br2f4 co chcl3 ch3cl ch2cl2 ch3br c2cl4 h2
2012,RYO,RYO2012,0-20008-0-RYO,Ryori ,39.0319,141.8222,260,REGION II (Asia),JAPAN,GAW Regional,fixed station,Operational,JMA AIST MRI,co2 ch4 n2o ccl4 ch3ccl3 cfc113 cfc12 cfc11 co 222rn o2n2
2011,SDZ,SDZ2011,0-20008-0-SDZ,Shangdianzi ,40.6500015259,117.1166000366,287,REGION II (Asia),CHINA,GAW Regional,fixed station,Operational,NOAA,co2 ch4 n2o sf6 13co2 c18o2 co h2
1006,SEY,SEY1006,0-20008-0-SEY,Mahé ,-4.6700000763,55.1699981689,3,REGION I (Africa),SEYCHELLES,GAW Regional,fixed station,Operational,NOAA,co2 ch4 n2o sf6 13co2 c18o2 co h2
3006,SGI,SGI3006,0-20008-0-SGI,Bird Island (South Georgia) ,-54.0083007813,-38.0512008667,30,REGION III (South America),UNITED KINGDOM,GAW Regional,fixed station,Non-reporting,NOAA,co2 ch4
4009,SHM,SHM4009,0-20008-0-SHM,Shemya Island ,52.7200012207,174.1000061035,40,REGION IV (North and Central America),UNITED STATES,GAW Regional,fixed station,Operational,NOAA,co2 ch4 n2o sf6 13co2 c18o2 co h2
4028,SIO,SIO4028,0-20008-0-SIO,La Jolla (CA) ,32.8300018311,-117.2699966431,14,REGION IV (North and Central America),UNITED STATES,GAW Regional,fixed station,Closed,NOAA,ch4
6008,SIS,SIS6008,0-20008-0-SIS,Lerwick ,60.1333351135,-1.1833332777,84,REGION VI (Europe),UNITED KINGDOM,GAW Regional,fixed station,Non-reporting,CSIRO,co2 ch4 n2o 13co2 co h2
6401,SMR,SMR6401,0-20008-0-SMR,Hyytiälä ,61.84738441,24.2947798,181,REGION VI (Europe),FINLAND,GAW Regional,fixed station,Operational,ICOS,co2 ch4 co
4065,SNO,SNO4065,0-20008-0-SNO,Station Nord ,81.6015,-16.662,24,REGION IV (North and Central America),DENMARK,GAW Regional,fixed station,Non-reporting,ICOS,co2 ch4
5059,SOO,SOO5059,0-554-0-SOO,Southern Ocean Ship of Opportunity ,-60,166,20,REGION V (South-West Pacific),NEW ZEALAND,GAW Regional,fixed station,Operational,GNS,14co2
6027,SSL,SSL6027,0-20008-0-SSL,Schauinsland ,47.9000015259,7.9166665077,1205,REGION VI (Europe),GERMANY,GAW Regional,fixed station,Operational,UBAG ICOS,co2 ch4 n2o sf6 co
6013,STC,STC6013,0-20008-0-STC,Ocean Station Charlie ,54,-35,0,REGION VI (Europe),UNITED STATES,GAW Regional,fixed station,Closed,NOAA MGO,co2
6422,STE,STE6422,0-20008-0-STE,Steinkimmen ,53.043081,8.458761,29,REGION VI (Europe),GERMANY,GAW Regional,fixed station,Operational,ICOS,co2 ch4 n2o co
6006,STM,STM6006,0-20008-0-STM,Ocean Station M ,66,2,4,REGION VI (Europe),NORWAY,GAW Regional,fixed station,Non-reporting,NOAA,co2 ch4 n2o sf6 13co2 c18o2 co h2
6002,SUM,SUM6002,0-20008-0-SUM,Summit ,72.5800018311,-38.4799995422,3238,REGION VI (Europe),DENMARK,GAW Regional,fixed station,Operational,NOAA INSTAAR,co2 ch4 n2o sf6 13ch4 13co2 c18o2 ccl4 ch3ccl3 cfc113 cfc12 cfc11 hcfc142b hcfc22 hfc125 hfc152a hfc227ea hfc365mfc hfc134a hfc143a hfc32 cbrclf2 cbrf3 c2br2f4 co ch3cl ch2cl2 ch3br h2
6392,SVB,SVB6392,0-20008-0-SVB,Svartberget ,64.25609,19.77457,267,REGION VI (Europe),SWEDEN,GAW Regional,fixed station,Operational,ICOS,co2 ch4 n2o co
7006,SYO,SYO7006,0-20008-0-SYO,Syowa ,-69.0053,39.5811,29.1,ANTARCTICA,JAPAN,GAW Regional,fixed station,Operational,NOAA TU,co2 ch4 n2o sf6 13ch4 13co2 c18o2 ch3d co h2
6019,TAC,TAC6019,0-20008-0-TAC,Tacolneston Tall Tower ,52.5177,1.1386,56,REGION VI (Europe),UNITED KINGDOM,GAW Regional,fixed station,Non-reporting,NOAA AGAGE UNIVBRIS,co2 ch4 n2o sf6 so2f2 ccl4 ch3ccl3 cfc113 cfc12 cfc11 cfc115 cfc114 cfc13 hcfc141b hcfc142b hcfc22 hcfc124 hcfc132b hcfc133a hfc125 hfc23 hfc152a hfc236fa hfc245fa hfc227ea hfc365mfc hfc134a hfc143a hfc32 hfc4310mee pfc116 pfc218 pfc14 pfc318 cbrclf2 cbrf3 c2br2f4 co chcl3 ch3cl ch2cl2 ch3br c2cl4 h2
2013,TAP,TAP2013,0-20008-0-TAP,Tae-ahn Peninsula ,36.7299995422,126.1299972534,20,REGION II (Asia),"KOREA, REPUBLIC OF",GAW Regional,fixed station,Operational,NOAA,co2 ch4 n2o sf6 13ch4 13co2 c18o2 co h2
6003,TER,TER6003,0-20008-0-TER,Teriberka ,69.1999969482,35.0999984741,40,REGION VI (Europe),RUSSIAN FEDERATION,GAW Regional,fixed station,Operational,MGO,co2 ch4
4022,THD,THD4022,0-20008-0-THD,Trinidad Head (CA) ,41.0541000366,-124.1510009766,107,REGION IV (North and Central America),UNITED STATES,GAW Regional,fixed station,Operational,NOAA AGAGE,co2 ch4 n2o sf6 so2f2 nf3 13co2 c18o2 ccl4 ch3ccl3 cfc113 cfc12 cfc11 cfc115 cfc114 cfc13 hcfc141b hcfc142b hcfc22 hcfc124 hcfc132b hcfc133a hfc125 hfc23 hfc152a hfc236fa hfc245fa hfc227ea hfc365mfc hfc134a hfc143a hfc32 hfc4310mee pfc116 pfc218 pfc14 pfc318 cbrclf2 cbrf3 c2br2f4 co chcl3 ch3cl ch2cl2 ch3br c2cl4 h2
2002,TIK,TIK2002,0-20008-0-TIK,Tiksi ,71.5861663818,128.9188232422,8,REGION II (Asia),RUSSIAN FEDERATION,GAW Regional,fixed station,Operational,NOAA FMI MGO,co2 ch4 n2o sf6 13co2 c18o2 co h2
2018,TKB,TKB2018,0-20008-0-TKB,Tateno (Tsukuba) ,36.0581,140.1258,25.2,REGION II (Asia),JAPAN,GAW Regional,fixed station,Operational,MRI,co2 ch4
3005,TLL,TLL3005,0-20008-0-TLL,El Tololo ,-30.16833,-70.80361,2154,REGION III (South America),CHILE,GAW Regional,fixed station,Operational,DMC,co2 ch4 co
6412,TOB,TOB6412,0-276-1-TOB,Taunus Observatory ,50.221884,8.446397,825,REGION VI (Europe),GERMANY,GAW Regional,fixed station,Operational,AGAGE,sf6 so2f2 nf3 ccl4 ch3ccl3 cfc12 cfc11 cfc115 cfc13 hcfc141b hcfc142b hcfc22 hcfc124 hcfc133a hfc125 hfc23 hfc152a hfc236fa hfc245fa hfc227ea hfc365mfc hfc134a hfc143a hfc32 hfc4310mee pfc116 pfc218 pfc318 cbrclf2 cbrf3 c2br2f4 chcl3 ch3cl ch2cl2 ch3br c2cl4
6064,TOH,TOH6064,0-20008-0-TOH,Torfhaus ,51.808844,10.53495,801,REGION VI (Europe),GERMANY,GAW Regional,fixed station,Operational,ICOS,co2 ch4 n2o co
2159,ULD,ULD2159,0-410-0-ULD,Ulleungdo ,37.48,130.9,220.9,REGION II (Asia),"KOREA, REPUBLIC OF",GAW Regional,fixed station,Operational,KMA,co2 ch4 n2o sf6
4024,UTA,UTA4024,0-20008-0-UTA,Wendover (UT) ,39.9000015259,-113.7200012207,1320,REGION IV (North and Central America),UNITED STATES,GAW Regional,fixed station,Operational,NOAA,co2 ch4 n2o sf6 13co2 c18o2 co h2
6105,UTO,UTO6105,0-20008-0-UTO,Utö ,59.7833328247,21.3833332062,7,REGION VI (Europe),FINLAND,GAW Regional,fixed station,Operational,ICOS,co2 ch4 co
2004,UUM,UUM2004,0-20008-0-UUM,Ulaan Uul ,44.444,111.0861,992,REGION II (Asia),MONGOLIA,GAW Regional,fixed station,Operational,NOAA,co2 ch4 n2o sf6 13co2 c18o2 co h2
6391,WAO,WAO6391,0-20008-0-WAO,Weybourne Atmospheric Observatory ,52.957,1.128,21,REGION VI (Europe),UNITED KINGDOM,GAW Regional,fixed station,Operational,ICOS,co2 ch4 n2o co
6053,WIS,WIS6053,0-20008-0-WIS,Sede Boker ,31.1299991608,34.8800010681,400,REGION VI (Europe),ISRAEL,GAW Regional,fixed station,Operational,NOAA,co2 ch4 n2o sf6 13co2 c18o2 co h2
4032,WKT,WKT4032,0-20008-0-WKT,Moody (TX) ,31.3199996948,-97.6200027466,723,REGION IV (North and Central America),UNITED STATES,GAW Regional,fixed station,Non-reporting,NOAA,ch4 n2o sf6 13co2 c18o2 co h2
4019,WSA,WSA4019,0-20008-0-WSA,Sable Island ,43.932638,-60.008608,2,REGION IV (North and Central America),CANADA,GAW Regional,fixed station,Operational,ECCC,co2 ch4 n2o 13co2 c18o2 co
2028,YON,YON2028,0-20008-0-YON,Yonagunijima ,24.4667,123.0106,30,REGION II (Asia),JAPAN,GAW Regional,fixed station,Operational,JMA MRI,co2 ch4 co 222rn
2008,,COI2008,0-20008-0-COI,Cape Ochiishi ,43.16028,145.49739,42.4,REGION II (Asia),JAPAN,GAW Contributing networks,fixed station,Operational,NIES,co2 ch4 n2o sf6 cfc11 hcfc141b hcfc142b hcfc22 hfc23 hfc152a hfc134a hfc32
6084,KIT,KIT6084,0-20008-0-KIT,Karlsruhe ,49.0999984741,8.4379997253,111,REGION VI (Europe),GERMANY,GAW Contributing networks,fixed station,Operational,ICOS,co2 ch4 n2o co
6379,,KRE6379,0-20008-0-KRE,Kresin u Pacova ,49.58333,15.08333,534,REGION VI (Europe),CZECH REPUBLIC,GAW Contributing networks,fixed station,Operational,ICOS,co2 ch4 n2o co
6057,LIN,LIN6057,0-20008-0-LIN,Lindenberg ,52.2166671753,14.1166667938,112,REGION VI (Europe),GERMANY,GAW Contributing networks,fixed station,Operational,ICOS,co2 ch4 n2o co
6022,OXK,OXK6022,0-20008-0-OXK,Ochsenkopf ,50.0301,11.8084,1185,REGION VI (Europe),GERMANY,GAW Contributing networks,fixed station,Operational,NOAA ICOS,co2 ch4 n2o sf6 13co2 c18o2 co h2
6325,PUI,PUI6325,0-246-0-PUI,Puijo ,62.90944,27.65528,306,REGION VI (Europe),FINLAND,GAW Contributing networks,fixed station,Operational,ICOS,co2 ch4 co
6423,,SAC6423,0-250-0-SAC,Saclay ,48.7227,2.142,160,REGION VI (Europe),FRANCE,GAW Contributing networks,fixed station,Operational,ICOS,co2 ch4 n2o co
4026,SGP,SGP4026,0-20008-0-SGP,Southern Great Plains E13 (OK) ,36.5999984741,-97.5,318,REGION IV (North and Central America),UNITED STATES,GAW Contributing networks,fixed station,Operational,NOAA,co2 ch4 n2o sf6 13co2 c18o2 co h2
6232,TRN,TRN6232,0-20008-0-TRN,Trainou (Orléans) ,47.9646987915,2.1124999523,131,REGION VI (Europe),FRANCE,GAW Contributing networks,fixed station,Operational,ICOS,co2 ch4 n2o co
6010,WES,WES6010,0-20008-0-WES,Westerland ,54.923142,8.308017,12,REGION VI (Europe),GERMANY,GAW Contributing networks,fixed station,Operational,UBAG ICOS,co2 ch4 co
4017,AMT,AMT4017,0-20008-0-AMT,Argyle (ME) ,45.0299987793,-68.6800003052,50,REGION IV (North and Central America),UNITED STATES,GAW Other elements,fixed station,Non-reporting,NOAA,ch4 n2o sf6 13co2 c18o2 co
6046,BGU,BGU6046,0-20008-0-BGU,Begur ,41.9700012207,3.2300000191,13,REGION VI (Europe),SPAIN,GAW Other elements,fixed station,Non-reporting,LSCE,co2 ch4
6025,BRT,BRT6025,0-20008-0-BRT,Brotjacklriegel ,48.8166656494,13.2166662216,1016,REGION VI (Europe),GERMANY,GAW Other elements,fixed station,Closed,UBAG,co2
2158,,CCJ2158,0-20000-0-47971,CHICHIJIMA ,27.0922222222,142.1913888889,2.7,REGION II (Asia),JAPAN,GAW Other elements,fixed station,Operational,MRI,222rn
2036,CRI,CRI2036,0-20008-0-CRI,Cape Rama ,15.0799999237,73.8300018311,60,REGION II (Asia),INDIA,GAW Other elements,fixed station,Non-reporting,CSIRO,co2 ch4 n2o 13co2 co h2
2019,,DDR2019,0-20008-0-DDR,Mt. Dodaira ,36.000275,139.186386,832,REGION II (Asia),JAPAN,GAW Other elements,fixed station,Operational,SAIPF,co2
6023,DEU,DEU6023,0-20008-0-DEU,Deuselbach ,49.7666664124,7.0500001907,480,REGION VI (Europe),GERMANY,GAW Other elements,fixed station,Closed,UBAG,co2 ch4
6052,FKL,FKL6052,0-20008-0-FKL,Finokalia ,35.3377990723,25.6693992615,150,REGION VI (Europe),GREECE,GAW Other elements,fixed station,Operational,LSCE,co2 ch4
2031,,HAT2031,0-20008-0-HAT,Hateruma Island ,24.06069,123.80939,10,REGION II (Asia),JAPAN,GAW Other elements,fixed station,Operational,NIES,co2 ch4 n2o sf6 cfc11 hcfc141b hcfc142b hcfc22 hfc23 hfc152a hfc134a hfc32
2024,HMM,HMM2024,0-20008-0-HMM,Hamamatsu ,34.7166671753,137.7166595459,29,REGION II (Asia),JAPAN,GAW Other elements,fixed station,Non-reporting,SHIZU,co2
2017,,KIS2017,0-20008-0-KIS,Kisai ,36.084519,139.560514,14,REGION II (Asia),JAPAN,GAW Other elements,fixed station,Operational,SAIPF,co2
2032,LLN,LLN2032,0-20008-0-LLN,Lulin ,23.4699993134,120.8700027466,2862,REGION II (Asia),"TAIWAN, PROVINCE OF CHINA",GAW Other elements,fixed station,Operational,NOAA,co2 ch4 n2o sf6 13co2 c18o2 co h2
6026,LPO,LPO6026,0-20008-0-LPO,Ile Grande ,48.8036003113,-3.5838999748,20,REGION VI (Europe),FRANCE,GAW Other elements,fixed station,Non-reporting,LSCE,co2 ch4
4034,MEX,MEX4034,0-20008-0-MEX,Mex High Altitude Global Climate Observation Center ,18.985842,-97.314433,4560,REGION IV (North and Central America),MEXICO,GAW Other elements,fixed station,Operational,NOAA,co2 ch4 n2o sf6 13ch4 13co2 c18o2 co h2
5026,MKO,MKO5026,0-20008-0-MKO,Mauna Kea (HI) ,19.8299999237,-155.4799957275,4204,REGION V (South-West Pacific),UNITED STATES,GAW Other elements,fixed station,Operational,NOAA,co2 ch4 n2o sf6
2022,MKW,MKW2022,0-20008-0-MKW,Mikawa-Ichinomiya ,34.8499984741,137.4299926758,50,REGION II (Asia),JAPAN,GAW Other elements,fixed station,Non-reporting,AICH,co2
2006,MMB,MMB2006,0-20008-0-MMB,Memanbetsu ,43.9199981689,144.1999969482,33,REGION II (Asia),JAPAN,GAW Other elements,fixed station,Closed,MRI,n2o
2021,NGY,NGY2021,0-20008-0-NGY,Nagoya ,35.1500015259,136.9700012207,35,REGION II (Asia),JAPAN,GAW Other elements,fixed station,Closed,NAGOU,n2o
2023,SUI,SUI2023,0-20008-0-SUI,Suita ,34.8199996948,135.5200042725,63,REGION II (Asia),JAPAN,GAW Other elements,fixed station,Closed,OSAKAU,co2
2016,,TKY2016,0-20008-0-TKY,Takayama ,36.14616667,137.4231111,1420,REGION II (Asia),JAPAN,GAW Other elements,fixed station,Operational,AIST,co2
2020,,URW2020,0-20008-0-URW,Urawa ,35.868361,139.612889,8,REGION II (Asia),JAPAN,GAW Other elements,fixed station,Closed,SAIPF,co2
6018,WAL,WAL6018,0-20008-0-WAL,Waldhof-Langenbrügge ,52.800867,10.75623,74,REGION VI (Europe),GERMANY,GAW Other elements,fixed station,Operational,UBAG,co2
4021,WBI,WBI4021,0-20008-0-WBI,West Branch (Iowa) ,41.7249984741,-91.3529968262,242,REGION IV (North and Central America),UNITED STATES,GAW Other elements,fixed station,Non-reporting,NOAA,c18o2
6029,WNK,WNK6029,0-20008-0-WNK,Wank ,47.509322,11.1426503,1780,REGION VI (Europe),GERMANY,GAW Other elements,fixed station,Closed,IMKIFU,co2
6011,ZGT,ZGT6011,0-20008-0-ZGT,Zingst ,54.436637,12.724917,1,REGION VI (Europe),GERMANY,GAW Other elements,fixed station,Operational,UBAG,co2 ch4
