dataset_key,station,gas,latitude,anomaly_type,method,parameter_k,seed,n_observations,tp,fp,fn,tn,precision,recall,f1,false_positive_rate
RUN1042_CH4,RUN1042,CH4,-21.0796,positive_spikes,seasonal_mad,3.0,20260815,1223,4,79,16,1124,0.04819277108433735,0.2,0.07766990291262137,0.0656691604322527
RUN1042_CH4,RUN1042,CH4,-21.0796,positive_spikes,seasonal_mad,4.0,20260815,1223,2,69,18,1134,0.028169014084507043,0.1,0.04395604395604396,0.057356608478802994
RUN1042_CH4,RUN1042,CH4,-21.0796,positive_spikes,seasonal_mad,5.0,20260815,1223,2,58,18,1145,0.03333333333333333,0.1,0.05,0.04821280133000831
RUN1042_CH4,RUN1042,CH4,-21.0796,positive_spikes,rolling_seasonal_mad,3.0,20260815,1223,10,63,10,1140,0.136986301369863,0.5,0.21505376344086022,0.05236907730673317
RUN1042_CH4,RUN1042,CH4,-21.0796,positive_spikes,rolling_seasonal_mad,4.0,20260815,1223,3,39,17,1164,0.07142857142857142,0.15,0.09677419354838708,0.032418952618453865
RUN1042_CH4,RUN1042,CH4,-21.0796,positive_spikes,rolling_seasonal_mad,5.0,20260815,1223,1,5,19,1198,0.16666666666666666,0.05,0.07692307692307691,0.004156275976724855
RUN1042_CH4,RUN1042,CH4,-21.0796,positive_spikes,hampel_7day,3.0,20260815,1223,16,26,4,1177,0.38095238095238093,0.8,0.5161290322580645,0.021612635078969242
RUN1042_CH4,RUN1042,CH4,-21.0796,positive_spikes,hampel_7day,4.0,20260815,1223,9,6,11,1197,0.6,0.45,0.5142857142857143,0.004987531172069825
RUN1042_CH4,RUN1042,CH4,-21.0796,positive_spikes,hampel_7day,5.0,20260815,1223,4,1,16,1202,0.8,0.2,0.32000000000000006,0.0008312551953449709
RUN1042_CH4,RUN1042,CH4,-21.0796,positive_spikes,iqr_hour,3.0,20260815,1223,6,83,14,1120,0.06741573033707865,0.3,0.11009174311926605,0.06899418121363259
RUN1042_CH4,RUN1042,CH4,-21.0796,positive_spikes,iqr_hour,4.0,20260815,1223,3,73,17,1130,0.039473684210526314,0.15,0.0625,0.060681629260182876
RUN1042_CH4,RUN1042,CH4,-21.0796,positive_spikes,iqr_hour,5.0,20260815,1223,2,66,18,1137,0.029411764705882353,0.1,0.04545454545454545,0.05486284289276808
RUN1042_CH4,RUN1042,CH4,-21.0796,negative_spikes,seasonal_mad,3.0,20260815,1223,2,81,18,1122,0.024096385542168676,0.1,0.03883495145631068,0.06733167082294264
RUN1042_CH4,RUN1042,CH4,-21.0796,negative_spikes,seasonal_mad,4.0,20260815,1223,0,72,20,1131,0.0,0.0,0.0,0.059850374064837904
RUN1042_CH4,RUN1042,CH4,-21.0796,negative_spikes,seasonal_mad,5.0,20260815,1223,0,58,20,1145,0.0,0.0,0.0,0.04821280133000831
RUN1042_CH4,RUN1042,CH4,-21.0796,negative_spikes,rolling_seasonal_mad,3.0,20260815,1223,10,65,10,1138,0.13333333333333333,0.5,0.2105263157894737,0.05403158769742311
RUN1042_CH4,RUN1042,CH4,-21.0796,negative_spikes,rolling_seasonal_mad,4.0,20260815,1223,4,42,16,1161,0.08695652173913043,0.2,0.12121212121212122,0.034912718204488775
RUN1042_CH4,RUN1042,CH4,-21.0796,negative_spikes,rolling_seasonal_mad,5.0,20260815,1223,2,7,18,1196,0.2222222222222222,0.1,0.13793103448275865,0.005818786367414797
RUN1042_CH4,RUN1042,CH4,-21.0796,negative_spikes,hampel_7day,3.0,20260815,1223,17,29,3,1174,0.3695652173913043,0.85,0.5151515151515151,0.024106400665004156
RUN1042_CH4,RUN1042,CH4,-21.0796,negative_spikes,hampel_7day,4.0,20260815,1223,11,11,9,1192,0.5,0.55,0.5238095238095238,0.00914380714879468
RUN1042_CH4,RUN1042,CH4,-21.0796,negative_spikes,hampel_7day,5.0,20260815,1223,5,2,15,1201,0.7142857142857143,0.25,0.37037037037037035,0.0016625103906899418
RUN1042_CH4,RUN1042,CH4,-21.0796,negative_spikes,iqr_hour,3.0,20260815,1223,5,87,15,1116,0.05434782608695652,0.25,0.08928571428571427,0.07231920199501247
RUN1042_CH4,RUN1042,CH4,-21.0796,negative_spikes,iqr_hour,4.0,20260815,1223,0,76,20,1127,0.0,0.0,0.0,0.06317539484621779
RUN1042_CH4,RUN1042,CH4,-21.0796,negative_spikes,iqr_hour,5.0,20260815,1223,0,67,20,1136,0.0,0.0,0.0,0.05569409808811305
RUN1042_CH4,RUN1042,CH4,-21.0796,positive_shift,seasonal_mad,3.0,20260815,1223,0,80,54,1089,0.0,0.0,0.0,0.06843455945252352
RUN1042_CH4,RUN1042,CH4,-21.0796,positive_shift,seasonal_mad,4.0,20260815,1223,0,69,54,1100,0.0,0.0,0.0,0.05902480752780154
RUN1042_CH4,RUN1042,CH4,-21.0796,positive_shift,seasonal_mad,5.0,20260815,1223,0,58,54,1111,0.0,0.0,0.0,0.04961505560307956
RUN1042_CH4,RUN1042,CH4,-21.0796,positive_shift,rolling_seasonal_mad,3.0,20260815,1223,2,61,52,1108,0.031746031746031744,0.037037037037037035,0.034188034188034185,0.05218135158254919
RUN1042_CH4,RUN1042,CH4,-21.0796,positive_shift,rolling_seasonal_mad,4.0,20260815,1223,0,37,54,1132,0.0,0.0,0.0,0.03165098374679213
RUN1042_CH4,RUN1042,CH4,-21.0796,positive_shift,rolling_seasonal_mad,5.0,20260815,1223,0,4,54,1165,0.0,0.0,0.0,0.003421727972626176
RUN1042_CH4,RUN1042,CH4,-21.0796,positive_shift,hampel_7day,3.0,20260815,1223,11,32,43,1137,0.2558139534883721,0.2037037037037037,0.2268041237113402,0.02737382378100941
RUN1042_CH4,RUN1042,CH4,-21.0796,positive_shift,hampel_7day,4.0,20260815,1223,5,10,49,1159,0.3333333333333333,0.09259259259259259,0.14492753623188404,0.00855431993156544
RUN1042_CH4,RUN1042,CH4,-21.0796,positive_shift,hampel_7day,5.0,20260815,1223,2,2,52,1167,0.5,0.037037037037037035,0.06896551724137931,0.001710863986313088
RUN1042_CH4,RUN1042,CH4,-21.0796,positive_shift,iqr_hour,3.0,20260815,1223,1,84,53,1085,0.011764705882352941,0.018518518518518517,0.014388489208633094,0.0718562874251497
RUN1042_CH4,RUN1042,CH4,-21.0796,positive_shift,iqr_hour,4.0,20260815,1223,0,74,54,1095,0.0,0.0,0.0,0.06330196749358426
RUN1042_CH4,RUN1042,CH4,-21.0796,positive_shift,iqr_hour,5.0,20260815,1223,0,65,54,1104,0.0,0.0,0.0,0.055603079555175364
RUN1042_CH4,RUN1042,CH4,-21.0796,negative_shift,seasonal_mad,3.0,20260815,1223,0,81,60,1082,0.0,0.0,0.0,0.06964746345657781
RUN1042_CH4,RUN1042,CH4,-21.0796,negative_shift,seasonal_mad,4.0,20260815,1223,0,72,60,1091,0.0,0.0,0.0,0.061908856405846945
RUN1042_CH4,RUN1042,CH4,-21.0796,negative_shift,seasonal_mad,5.0,20260815,1223,0,58,60,1105,0.0,0.0,0.0,0.04987102321582115
RUN1042_CH4,RUN1042,CH4,-21.0796,negative_shift,rolling_seasonal_mad,3.0,20260815,1223,11,59,49,1104,0.15714285714285714,0.18333333333333332,0.1692307692307692,0.05073086844368014
RUN1042_CH4,RUN1042,CH4,-21.0796,negative_shift,rolling_seasonal_mad,4.0,20260815,1223,6,26,54,1137,0.1875,0.1,0.13043478260869568,0.02235597592433362
RUN1042_CH4,RUN1042,CH4,-21.0796,negative_shift,rolling_seasonal_mad,5.0,20260815,1223,0,5,60,1158,0.0,0.0,0.0,0.004299226139294927
RUN1042_CH4,RUN1042,CH4,-21.0796,negative_shift,hampel_7day,3.0,20260815,1223,16,33,44,1130,0.32653061224489793,0.26666666666666666,0.29357798165137616,0.028374892519346516
RUN1042_CH4,RUN1042,CH4,-21.0796,negative_shift,hampel_7day,4.0,20260815,1223,2,15,58,1148,0.11764705882352941,0.03333333333333333,0.05194805194805195,0.012897678417884782
RUN1042_CH4,RUN1042,CH4,-21.0796,negative_shift,hampel_7day,5.0,20260815,1223,0,2,60,1161,0.0,0.0,0.0,0.0017196904557179708
RUN1042_CH4,RUN1042,CH4,-21.0796,negative_shift,iqr_hour,3.0,20260815,1223,0,89,60,1074,0.0,0.0,0.0,0.0765262252794497
RUN1042_CH4,RUN1042,CH4,-21.0796,negative_shift,iqr_hour,4.0,20260815,1223,0,76,60,1087,0.0,0.0,0.0,0.06534823731728288
RUN1042_CH4,RUN1042,CH4,-21.0796,negative_shift,iqr_hour,5.0,20260815,1223,0,69,60,1094,0.0,0.0,0.0,0.05932932072226999
RUN1042_CH4,RUN1042,CH4,-21.0796,season_dependent_positive,seasonal_mad,3.0,20260815,1223,10,75,10,1128,0.11764705882352941,0.5,0.19047619047619047,0.06234413965087282
RUN1042_CH4,RUN1042,CH4,-21.0796,season_dependent_positive,seasonal_mad,4.0,20260815,1223,10,65,10,1138,0.13333333333333333,0.5,0.2105263157894737,0.05403158769742311
RUN1042_CH4,RUN1042,CH4,-21.0796,season_dependent_positive,seasonal_mad,5.0,20260815,1223,8,56,12,1147,0.125,0.4,0.19047619047619047,0.046550290939318374
RUN1042_CH4,RUN1042,CH4,-21.0796,season_dependent_positive,rolling_seasonal_mad,3.0,20260815,1223,6,57,14,1146,0.09523809523809523,0.3,0.14457831325301204,0.04738154613466334
RUN1042_CH4,RUN1042,CH4,-21.0796,season_dependent_positive,rolling_seasonal_mad,4.0,20260815,1223,6,28,14,1175,0.17647058823529413,0.3,0.22222222222222224,0.023275145469659187
RUN1042_CH4,RUN1042,CH4,-21.0796,season_dependent_positive,rolling_seasonal_mad,5.0,20260815,1223,3,5,17,1198,0.375,0.15,0.21428571428571425,0.004156275976724855
RUN1042_CH4,RUN1042,CH4,-21.0796,season_dependent_positive,hampel_7day,3.0,20260815,1223,1,29,19,1174,0.03333333333333333,0.05,0.04,0.024106400665004156
RUN1042_CH4,RUN1042,CH4,-21.0796,season_dependent_positive,hampel_7day,4.0,20260815,1223,1,11,19,1192,0.08333333333333333,0.05,0.0625,0.00914380714879468
RUN1042_CH4,RUN1042,CH4,-21.0796,season_dependent_positive,hampel_7day,5.0,20260815,1223,0,2,20,1201,0.0,0.0,0.0,0.0016625103906899418
RUN1042_CH4,RUN1042,CH4,-21.0796,season_dependent_positive,iqr_hour,3.0,20260815,1223,10,79,10,1124,0.11235955056179775,0.5,0.18348623853211007,0.0656691604322527
RUN1042_CH4,RUN1042,CH4,-21.0796,season_dependent_positive,iqr_hour,4.0,20260815,1223,10,70,10,1133,0.125,0.5,0.2,0.058187863674147966
RUN1042_CH4,RUN1042,CH4,-21.0796,season_dependent_positive,iqr_hour,5.0,20260815,1223,10,62,10,1141,0.1388888888888889,0.5,0.2173913043478261,0.051537822111388194
TLL3005_CH4,TLL3005,CH4,-30.16833,positive_spikes,seasonal_mad,3.0,20260815,2931,3,2,26,2900,0.6,0.10344827586206896,0.17647058823529413,0.0006891798759476223
TLL3005_CH4,TLL3005,CH4,-30.16833,positive_spikes,seasonal_mad,4.0,20260815,2931,0,0,29,2902,0.0,0.0,0.0,0.0
TLL3005_CH4,TLL3005,CH4,-30.16833,positive_spikes,seasonal_mad,5.0,20260815,2931,0,0,29,2902,0.0,0.0,0.0,0.0
TLL3005_CH4,TLL3005,CH4,-30.16833,positive_spikes,rolling_seasonal_mad,3.0,20260815,2931,14,96,15,2806,0.12727272727272726,0.4827586206896552,0.2014388489208633,0.03308063404548587
TLL3005_CH4,TLL3005,CH4,-30.16833,positive_spikes,rolling_seasonal_mad,4.0,20260815,2931,7,38,22,2864,0.15555555555555556,0.2413793103448276,0.18918918918918917,0.013094417643004824
TLL3005_CH4,TLL3005,CH4,-30.16833,positive_spikes,rolling_seasonal_mad,5.0,20260815,2931,4,20,25,2882,0.16666666666666666,0.13793103448275862,0.1509433962264151,0.006891798759476223
TLL3005_CH4,TLL3005,CH4,-30.16833,positive_spikes,hampel_7day,3.0,20260815,2931,18,119,11,2783,0.13138686131386862,0.6206896551724138,0.2168674698795181,0.041006202618883526
TLL3005_CH4,TLL3005,CH4,-30.16833,positive_spikes,hampel_7day,4.0,20260815,2931,11,74,18,2828,0.12941176470588237,0.3793103448275862,0.1929824561403509,0.025499655410062026
TLL3005_CH4,TLL3005,CH4,-30.16833,positive_spikes,hampel_7day,5.0,20260815,2931,6,45,23,2857,0.11764705882352941,0.20689655172413793,0.15,0.015506547208821502
TLL3005_CH4,TLL3005,CH4,-30.16833,positive_spikes,iqr_hour,3.0,20260815,2931,3,10,26,2892,0.23076923076923078,0.10344827586206896,0.14285714285714288,0.0034458993797381117
TLL3005_CH4,TLL3005,CH4,-30.16833,positive_spikes,iqr_hour,4.0,20260815,2931,2,0,27,2902,1.0,0.06896551724137931,0.12903225806451613,0.0
TLL3005_CH4,TLL3005,CH4,-30.16833,positive_spikes,iqr_hour,5.0,20260815,2931,0,0,29,2902,0.0,0.0,0.0,0.0
TLL3005_CH4,TLL3005,CH4,-30.16833,negative_spikes,seasonal_mad,3.0,20260815,2931,0,1,29,2901,0.0,0.0,0.0,0.00034458993797381116
TLL3005_CH4,TLL3005,CH4,-30.16833,negative_spikes,seasonal_mad,4.0,20260815,2931,0,0,29,2902,0.0,0.0,0.0,0.0
TLL3005_CH4,TLL3005,CH4,-30.16833,negative_spikes,seasonal_mad,5.0,20260815,2931,0,0,29,2902,0.0,0.0,0.0,0.0
TLL3005_CH4,TLL3005,CH4,-30.16833,negative_spikes,rolling_seasonal_mad,3.0,20260815,2931,8,98,21,2804,0.07547169811320754,0.27586206896551724,0.11851851851851851,0.033769813921433495
TLL3005_CH4,TLL3005,CH4,-30.16833,negative_spikes,rolling_seasonal_mad,4.0,20260815,2931,1,36,28,2866,0.02702702702702703,0.034482758620689655,0.030303030303030304,0.012405237767057202
TLL3005_CH4,TLL3005,CH4,-30.16833,negative_spikes,rolling_seasonal_mad,5.0,20260815,2931,1,20,28,2882,0.047619047619047616,0.034482758620689655,0.04,0.006891798759476223
TLL3005_CH4,TLL3005,CH4,-30.16833,negative_spikes,hampel_7day,3.0,20260815,2931,10,129,19,2773,0.07194244604316546,0.3448275862068966,0.11904761904761904,0.04445210199862164
TLL3005_CH4,TLL3005,CH4,-30.16833,negative_spikes,hampel_7day,4.0,20260815,2931,5,82,24,2820,0.05747126436781609,0.1724137931034483,0.08620689655172414,0.028256374913852515
TLL3005_CH4,TLL3005,CH4,-30.16833,negative_spikes,hampel_7day,5.0,20260815,2931,2,47,27,2855,0.04081632653061224,0.06896551724137931,0.05128205128205128,0.016195727084769126
TLL3005_CH4,TLL3005,CH4,-30.16833,negative_spikes,iqr_hour,3.0,20260815,2931,0,10,29,2892,0.0,0.0,0.0,0.0034458993797381117
TLL3005_CH4,TLL3005,CH4,-30.16833,negative_spikes,iqr_hour,4.0,20260815,2931,0,0,29,2902,0.0,0.0,0.0,0.0
TLL3005_CH4,TLL3005,CH4,-30.16833,negative_spikes,iqr_hour,5.0,20260815,2931,0,0,29,2902,0.0,0.0,0.0,0.0
TLL3005_CH4,TLL3005,CH4,-30.16833,positive_shift,seasonal_mad,3.0,20260815,2931,0,0,84,2847,0.0,0.0,0.0,0.0
TLL3005_CH4,TLL3005,CH4,-30.16833,positive_shift,seasonal_mad,4.0,20260815,2931,0,0,84,2847,0.0,0.0,0.0,0.0
TLL3005_CH4,TLL3005,CH4,-30.16833,positive_shift,seasonal_mad,5.0,20260815,2931,0,0,84,2847,0.0,0.0,0.0,0.0
TLL3005_CH4,TLL3005,CH4,-30.16833,positive_shift,rolling_seasonal_mad,3.0,20260815,2931,0,86,84,2761,0.0,0.0,0.0,0.03020723568668774
TLL3005_CH4,TLL3005,CH4,-30.16833,positive_shift,rolling_seasonal_mad,4.0,20260815,2931,0,36,84,2811,0.0,0.0,0.0,0.012644889357218124
TLL3005_CH4,TLL3005,CH4,-30.16833,positive_shift,rolling_seasonal_mad,5.0,20260815,2931,0,20,84,2827,0.0,0.0,0.0,0.007024938531787847
TLL3005_CH4,TLL3005,CH4,-30.16833,positive_shift,hampel_7day,3.0,20260815,2931,0,116,84,2731,0.0,0.0,0.0,0.040744643484369514
TLL3005_CH4,TLL3005,CH4,-30.16833,positive_shift,hampel_7day,4.0,20260815,2931,0,70,84,2777,0.0,0.0,0.0,0.024587284861257466
TLL3005_CH4,TLL3005,CH4,-30.16833,positive_shift,hampel_7day,5.0,20260815,2931,0,41,84,2806,0.0,0.0,0.0,0.014401123990165085
TLL3005_CH4,TLL3005,CH4,-30.16833,positive_shift,iqr_hour,3.0,20260815,2931,0,10,84,2837,0.0,0.0,0.0,0.0035124692658939235
TLL3005_CH4,TLL3005,CH4,-30.16833,positive_shift,iqr_hour,4.0,20260815,2931,0,0,84,2847,0.0,0.0,0.0,0.0
TLL3005_CH4,TLL3005,CH4,-30.16833,positive_shift,iqr_hour,5.0,20260815,2931,0,0,84,2847,0.0,0.0,0.0,0.0
TLL3005_CH4,TLL3005,CH4,-30.16833,negative_shift,seasonal_mad,3.0,20260815,2931,0,2,84,2845,0.0,0.0,0.0,0.0007024938531787847
TLL3005_CH4,TLL3005,CH4,-30.16833,negative_shift,seasonal_mad,4.0,20260815,2931,0,0,84,2847,0.0,0.0,0.0,0.0
TLL3005_CH4,TLL3005,CH4,-30.16833,negative_shift,seasonal_mad,5.0,20260815,2931,0,0,84,2847,0.0,0.0,0.0,0.0
TLL3005_CH4,TLL3005,CH4,-30.16833,negative_shift,rolling_seasonal_mad,3.0,20260815,2931,4,96,80,2751,0.04,0.047619047619047616,0.043478260869565216,0.03371970495258166
TLL3005_CH4,TLL3005,CH4,-30.16833,negative_shift,rolling_seasonal_mad,4.0,20260815,2931,0,37,84,2810,0.0,0.0,0.0,0.012996136283807516
TLL3005_CH4,TLL3005,CH4,-30.16833,negative_shift,rolling_seasonal_mad,5.0,20260815,2931,0,20,84,2827,0.0,0.0,0.0,0.007024938531787847
TLL3005_CH4,TLL3005,CH4,-30.16833,negative_shift,hampel_7day,3.0,20260815,2931,15,126,69,2721,0.10638297872340426,0.17857142857142858,0.13333333333333333,0.044257112750263436
TLL3005_CH4,TLL3005,CH4,-30.16833,negative_shift,hampel_7day,4.0,20260815,2931,4,74,80,2773,0.05128205128205128,0.047619047619047616,0.049382716049382706,0.02599227256761503
TLL3005_CH4,TLL3005,CH4,-30.16833,negative_shift,hampel_7day,5.0,20260815,2931,0,47,84,2800,0.0,0.0,0.0,0.01650860554970144
TLL3005_CH4,TLL3005,CH4,-30.16833,negative_shift,iqr_hour,3.0,20260815,2931,0,11,84,2836,0.0,0.0,0.0,0.003863716192483316
TLL3005_CH4,TLL3005,CH4,-30.16833,negative_shift,iqr_hour,4.0,20260815,2931,0,0,84,2847,0.0,0.0,0.0,0.0
TLL3005_CH4,TLL3005,CH4,-30.16833,negative_shift,iqr_hour,5.0,20260815,2931,0,0,84,2847,0.0,0.0,0.0,0.0
TLL3005_CH4,TLL3005,CH4,-30.16833,season_dependent_positive,seasonal_mad,3.0,20260815,2931,0,2,29,2900,0.0,0.0,0.0,0.0006891798759476223
TLL3005_CH4,TLL3005,CH4,-30.16833,season_dependent_positive,seasonal_mad,4.0,20260815,2931,0,0,29,2902,0.0,0.0,0.0,0.0
TLL3005_CH4,TLL3005,CH4,-30.16833,season_dependent_positive,seasonal_mad,5.0,20260815,2931,0,0,29,2902,0.0,0.0,0.0,0.0
TLL3005_CH4,TLL3005,CH4,-30.16833,season_dependent_positive,rolling_seasonal_mad,3.0,20260815,2931,0,92,29,2810,0.0,0.0,0.0,0.03170227429359063
TLL3005_CH4,TLL3005,CH4,-30.16833,season_dependent_positive,rolling_seasonal_mad,4.0,20260815,2931,0,36,29,2866,0.0,0.0,0.0,0.012405237767057202
TLL3005_CH4,TLL3005,CH4,-30.16833,season_dependent_positive,rolling_seasonal_mad,5.0,20260815,2931,0,21,29,2881,0.0,0.0,0.0,0.007236388697450034
TLL3005_CH4,TLL3005,CH4,-30.16833,season_dependent_positive,hampel_7day,3.0,20260815,2931,0,132,29,2770,0.0,0.0,0.0,0.04548587181254307
TLL3005_CH4,TLL3005,CH4,-30.16833,season_dependent_positive,hampel_7day,4.0,20260815,2931,0,82,29,2820,0.0,0.0,0.0,0.028256374913852515
TLL3005_CH4,TLL3005,CH4,-30.16833,season_dependent_positive,hampel_7day,5.0,20260815,2931,0,47,29,2855,0.0,0.0,0.0,0.016195727084769126
TLL3005_CH4,TLL3005,CH4,-30.16833,season_dependent_positive,iqr_hour,3.0,20260815,2931,0,10,29,2892,0.0,0.0,0.0,0.0034458993797381117
TLL3005_CH4,TLL3005,CH4,-30.16833,season_dependent_positive,iqr_hour,4.0,20260815,2931,0,0,29,2902,0.0,0.0,0.0,0.0
TLL3005_CH4,TLL3005,CH4,-30.16833,season_dependent_positive,iqr_hour,5.0,20260815,2931,0,0,29,2902,0.0,0.0,0.0,0.0
BRW4003_CH4,BRW4003,CH4,71.3230133057,positive_spikes,seasonal_mad,3.0,20260815,666,1,21,19,625,0.045454545454545456,0.05,0.04761904761904762,0.032507739938080496
BRW4003_CH4,BRW4003,CH4,71.3230133057,positive_spikes,seasonal_mad,4.0,20260815,666,0,9,20,637,0.0,0.0,0.0,0.01393188854489164
BRW4003_CH4,BRW4003,CH4,71.3230133057,positive_spikes,seasonal_mad,5.0,20260815,666,0,4,20,642,0.0,0.0,0.0,0.006191950464396285
BRW4003_CH4,BRW4003,CH4,71.3230133057,positive_spikes,rolling_seasonal_mad,3.0,20260815,666,2,28,18,618,0.06666666666666667,0.1,0.08,0.043343653250773995
BRW4003_CH4,BRW4003,CH4,71.3230133057,positive_spikes,rolling_seasonal_mad,4.0,20260815,666,1,16,19,630,0.058823529411764705,0.05,0.05405405405405405,0.02476780185758514
BRW4003_CH4,BRW4003,CH4,71.3230133057,positive_spikes,rolling_seasonal_mad,5.0,20260815,666,1,6,19,640,0.14285714285714285,0.05,0.07407407407407408,0.009287925696594427
BRW4003_CH4,BRW4003,CH4,71.3230133057,positive_spikes,hampel_7day,3.0,20260815,666,3,33,17,613,0.08333333333333333,0.15,0.10714285714285714,0.05108359133126935
BRW4003_CH4,BRW4003,CH4,71.3230133057,positive_spikes,hampel_7day,4.0,20260815,666,1,15,19,631,0.0625,0.05,0.05555555555555556,0.02321981424148607
BRW4003_CH4,BRW4003,CH4,71.3230133057,positive_spikes,hampel_7day,5.0,20260815,666,1,7,19,639,0.125,0.05,0.07142857142857144,0.010835913312693499
BRW4003_CH4,BRW4003,CH4,71.3230133057,positive_spikes,iqr_hour,3.0,20260815,666,2,30,18,616,0.0625,0.1,0.07692307692307693,0.04643962848297214
BRW4003_CH4,BRW4003,CH4,71.3230133057,positive_spikes,iqr_hour,4.0,20260815,666,1,12,19,634,0.07692307692307693,0.05,0.060606060606060615,0.018575851393188854
BRW4003_CH4,BRW4003,CH4,71.3230133057,positive_spikes,iqr_hour,5.0,20260815,666,0,7,20,639,0.0,0.0,0.0,0.010835913312693499
BRW4003_CH4,BRW4003,CH4,71.3230133057,negative_spikes,seasonal_mad,3.0,20260815,666,2,21,18,625,0.08695652173913043,0.1,0.09302325581395349,0.032507739938080496
BRW4003_CH4,BRW4003,CH4,71.3230133057,negative_spikes,seasonal_mad,4.0,20260815,666,0,8,20,638,0.0,0.0,0.0,0.01238390092879257
BRW4003_CH4,BRW4003,CH4,71.3230133057,negative_spikes,seasonal_mad,5.0,20260815,666,0,5,20,641,0.0,0.0,0.0,0.007739938080495356
BRW4003_CH4,BRW4003,CH4,71.3230133057,negative_spikes,rolling_seasonal_mad,3.0,20260815,666,2,31,18,615,0.06060606060606061,0.1,0.07547169811320756,0.047987616099071206
BRW4003_CH4,BRW4003,CH4,71.3230133057,negative_spikes,rolling_seasonal_mad,4.0,20260815,666,0,19,20,627,0.0,0.0,0.0,0.029411764705882353
BRW4003_CH4,BRW4003,CH4,71.3230133057,negative_spikes,rolling_seasonal_mad,5.0,20260815,666,0,8,20,638,0.0,0.0,0.0,0.01238390092879257
BRW4003_CH4,BRW4003,CH4,71.3230133057,negative_spikes,hampel_7day,3.0,20260815,666,2,35,18,611,0.05405405405405406,0.1,0.07017543859649122,0.05417956656346749
BRW4003_CH4,BRW4003,CH4,71.3230133057,negative_spikes,hampel_7day,4.0,20260815,666,0,20,20,626,0.0,0.0,0.0,0.030959752321981424
BRW4003_CH4,BRW4003,CH4,71.3230133057,negative_spikes,hampel_7day,5.0,20260815,666,0,12,20,634,0.0,0.0,0.0,0.018575851393188854
BRW4003_CH4,BRW4003,CH4,71.3230133057,negative_spikes,iqr_hour,3.0,20260815,666,4,29,16,617,0.12121212121212122,0.2,0.15094339622641512,0.04489164086687306
BRW4003_CH4,BRW4003,CH4,71.3230133057,negative_spikes,iqr_hour,4.0,20260815,666,3,14,17,632,0.17647058823529413,0.15,0.16216216216216214,0.021671826625386997
BRW4003_CH4,BRW4003,CH4,71.3230133057,negative_spikes,iqr_hour,5.0,20260815,666,1,7,19,639,0.125,0.05,0.07142857142857144,0.010835913312693499
BRW4003_CH4,BRW4003,CH4,71.3230133057,positive_shift,seasonal_mad,3.0,20260815,666,5,25,50,586,0.16666666666666666,0.09090909090909091,0.11764705882352942,0.04091653027823241
BRW4003_CH4,BRW4003,CH4,71.3230133057,positive_shift,seasonal_mad,4.0,20260815,666,3,8,52,603,0.2727272727272727,0.05454545454545454,0.0909090909090909,0.01309328968903437
BRW4003_CH4,BRW4003,CH4,71.3230133057,positive_shift,seasonal_mad,5.0,20260815,666,1,5,54,606,0.16666666666666666,0.01818181818181818,0.032786885245901634,0.008183306055646482
BRW4003_CH4,BRW4003,CH4,71.3230133057,positive_shift,rolling_seasonal_mad,3.0,20260815,666,6,22,49,589,0.21428571428571427,0.10909090909090909,0.14457831325301204,0.03600654664484452
BRW4003_CH4,BRW4003,CH4,71.3230133057,positive_shift,rolling_seasonal_mad,4.0,20260815,666,6,11,49,600,0.35294117647058826,0.10909090909090909,0.16666666666666669,0.01800327332242226
BRW4003_CH4,BRW4003,CH4,71.3230133057,positive_shift,rolling_seasonal_mad,5.0,20260815,666,3,2,52,609,0.6,0.05454545454545454,0.09999999999999999,0.0032733224222585926
BRW4003_CH4,BRW4003,CH4,71.3230133057,positive_shift,hampel_7day,3.0,20260815,666,6,28,49,583,0.17647058823529413,0.10909090909090909,0.1348314606741573,0.04582651391162029
BRW4003_CH4,BRW4003,CH4,71.3230133057,positive_shift,hampel_7day,4.0,20260815,666,6,13,49,598,0.3157894736842105,0.10909090909090909,0.16216216216216217,0.02127659574468085
BRW4003_CH4,BRW4003,CH4,71.3230133057,positive_shift,hampel_7day,5.0,20260815,666,3,6,52,605,0.3333333333333333,0.05454545454545454,0.09375,0.009819967266775777
BRW4003_CH4,BRW4003,CH4,71.3230133057,positive_shift,iqr_hour,3.0,20260815,666,5,29,50,582,0.14705882352941177,0.09090909090909091,0.11235955056179776,0.04746317512274959
BRW4003_CH4,BRW4003,CH4,71.3230133057,positive_shift,iqr_hour,4.0,20260815,666,5,15,50,596,0.25,0.09090909090909091,0.13333333333333333,0.024549918166939442
BRW4003_CH4,BRW4003,CH4,71.3230133057,positive_shift,iqr_hour,5.0,20260815,666,1,6,54,605,0.14285714285714285,0.01818181818181818,0.032258064516129024,0.009819967266775777
BRW4003_CH4,BRW4003,CH4,71.3230133057,negative_shift,seasonal_mad,3.0,20260815,666,4,22,52,588,0.15384615384615385,0.07142857142857142,0.0975609756097561,0.036065573770491806
BRW4003_CH4,BRW4003,CH4,71.3230133057,negative_shift,seasonal_mad,4.0,20260815,666,0,10,56,600,0.0,0.0,0.0,0.01639344262295082
BRW4003_CH4,BRW4003,CH4,71.3230133057,negative_shift,seasonal_mad,5.0,20260815,666,0,6,56,604,0.0,0.0,0.0,0.009836065573770493
BRW4003_CH4,BRW4003,CH4,71.3230133057,negative_shift,rolling_seasonal_mad,3.0,20260815,666,2,28,54,582,0.06666666666666667,0.03571428571428571,0.046511627906976744,0.04590163934426229
BRW4003_CH4,BRW4003,CH4,71.3230133057,negative_shift,rolling_seasonal_mad,4.0,20260815,666,0,14,56,596,0.0,0.0,0.0,0.022950819672131147
BRW4003_CH4,BRW4003,CH4,71.3230133057,negative_shift,rolling_seasonal_mad,5.0,20260815,666,0,8,56,602,0.0,0.0,0.0,0.013114754098360656
BRW4003_CH4,BRW4003,CH4,71.3230133057,negative_shift,hampel_7day,3.0,20260815,666,0,30,56,580,0.0,0.0,0.0,0.04918032786885246
BRW4003_CH4,BRW4003,CH4,71.3230133057,negative_shift,hampel_7day,4.0,20260815,666,0,17,56,593,0.0,0.0,0.0,0.027868852459016394
BRW4003_CH4,BRW4003,CH4,71.3230133057,negative_shift,hampel_7day,5.0,20260815,666,0,8,56,602,0.0,0.0,0.0,0.013114754098360656
BRW4003_CH4,BRW4003,CH4,71.3230133057,negative_shift,iqr_hour,3.0,20260815,666,8,30,48,580,0.21052631578947367,0.14285714285714285,0.1702127659574468,0.04918032786885246
BRW4003_CH4,BRW4003,CH4,71.3230133057,negative_shift,iqr_hour,4.0,20260815,666,3,15,53,595,0.16666666666666666,0.05357142857142857,0.08108108108108107,0.02459016393442623
BRW4003_CH4,BRW4003,CH4,71.3230133057,negative_shift,iqr_hour,5.0,20260815,666,2,7,54,603,0.2222222222222222,0.03571428571428571,0.06153846153846154,0.011475409836065573
BRW4003_CH4,BRW4003,CH4,71.3230133057,season_dependent_positive,seasonal_mad,3.0,20260815,666,2,18,18,628,0.1,0.1,0.10000000000000002,0.02786377708978328
BRW4003_CH4,BRW4003,CH4,71.3230133057,season_dependent_positive,seasonal_mad,4.0,20260815,666,1,9,19,637,0.1,0.05,0.06666666666666667,0.01393188854489164
BRW4003_CH4,BRW4003,CH4,71.3230133057,season_dependent_positive,seasonal_mad,5.0,20260815,666,0,4,20,642,0.0,0.0,0.0,0.006191950464396285
BRW4003_CH4,BRW4003,CH4,71.3230133057,season_dependent_positive,rolling_seasonal_mad,3.0,20260815,666,3,30,17,616,0.09090909090909091,0.15,0.11320754716981132,0.04643962848297214
BRW4003_CH4,BRW4003,CH4,71.3230133057,season_dependent_positive,rolling_seasonal_mad,4.0,20260815,666,2,17,18,629,0.10526315789473684,0.1,0.10256410256410256,0.02631578947368421
BRW4003_CH4,BRW4003,CH4,71.3230133057,season_dependent_positive,rolling_seasonal_mad,5.0,20260815,666,1,6,19,640,0.14285714285714285,0.05,0.07407407407407408,0.009287925696594427
BRW4003_CH4,BRW4003,CH4,71.3230133057,season_dependent_positive,hampel_7day,3.0,20260815,666,5,32,15,614,0.13513513513513514,0.25,0.1754385964912281,0.04953560371517028
BRW4003_CH4,BRW4003,CH4,71.3230133057,season_dependent_positive,hampel_7day,4.0,20260815,666,3,19,17,627,0.13636363636363635,0.15,0.14285714285714282,0.029411764705882353
BRW4003_CH4,BRW4003,CH4,71.3230133057,season_dependent_positive,hampel_7day,5.0,20260815,666,2,12,18,634,0.14285714285714285,0.1,0.11764705882352941,0.018575851393188854
BRW4003_CH4,BRW4003,CH4,71.3230133057,season_dependent_positive,iqr_hour,3.0,20260815,666,3,29,17,617,0.09375,0.15,0.11538461538461538,0.04489164086687306
BRW4003_CH4,BRW4003,CH4,71.3230133057,season_dependent_positive,iqr_hour,4.0,20260815,666,1,14,19,632,0.06666666666666667,0.05,0.05714285714285715,0.021671826625386997
BRW4003_CH4,BRW4003,CH4,71.3230133057,season_dependent_positive,iqr_hour,5.0,20260815,666,0,6,20,640,0.0,0.0,0.0,0.009287925696594427
JFJ6036_CH4,JFJ6036,CH4,46.5474891663,positive_spikes,seasonal_mad,3.0,20260815,215,0,7,20,188,0.0,0.0,0.0,0.035897435897435895
JFJ6036_CH4,JFJ6036,CH4,46.5474891663,positive_spikes,seasonal_mad,4.0,20260815,215,0,3,20,192,0.0,0.0,0.0,0.015384615384615385
JFJ6036_CH4,JFJ6036,CH4,46.5474891663,positive_spikes,seasonal_mad,5.0,20260815,215,0,2,20,193,0.0,0.0,0.0,0.010256410256410256
JFJ6036_CH4,JFJ6036,CH4,46.5474891663,positive_spikes,rolling_seasonal_mad,3.0,20260815,215,0,0,20,195,0.0,0.0,0.0,0.0
JFJ6036_CH4,JFJ6036,CH4,46.5474891663,positive_spikes,rolling_seasonal_mad,4.0,20260815,215,0,0,20,195,0.0,0.0,0.0,0.0
JFJ6036_CH4,JFJ6036,CH4,46.5474891663,positive_spikes,rolling_seasonal_mad,5.0,20260815,215,0,0,20,195,0.0,0.0,0.0,0.0
JFJ6036_CH4,JFJ6036,CH4,46.5474891663,positive_spikes,hampel_7day,3.0,20260815,215,0,0,20,195,0.0,0.0,0.0,0.0
JFJ6036_CH4,JFJ6036,CH4,46.5474891663,positive_spikes,hampel_7day,4.0,20260815,215,0,0,20,195,0.0,0.0,0.0,0.0
JFJ6036_CH4,JFJ6036,CH4,46.5474891663,positive_spikes,hampel_7day,5.0,20260815,215,0,0,20,195,0.0,0.0,0.0,0.0
JFJ6036_CH4,JFJ6036,CH4,46.5474891663,positive_spikes,iqr_hour,3.0,20260815,215,0,19,20,176,0.0,0.0,0.0,0.09743589743589744
JFJ6036_CH4,JFJ6036,CH4,46.5474891663,positive_spikes,iqr_hour,4.0,20260815,215,0,10,20,185,0.0,0.0,0.0,0.05128205128205128
JFJ6036_CH4,JFJ6036,CH4,46.5474891663,positive_spikes,iqr_hour,5.0,20260815,215,0,8,20,187,0.0,0.0,0.0,0.041025641025641026
JFJ6036_CH4,JFJ6036,CH4,46.5474891663,negative_spikes,seasonal_mad,3.0,20260815,215,2,10,18,185,0.16666666666666666,0.1,0.125,0.05128205128205128
JFJ6036_CH4,JFJ6036,CH4,46.5474891663,negative_spikes,seasonal_mad,4.0,20260815,215,2,5,18,190,0.2857142857142857,0.1,0.14814814814814817,0.02564102564102564
JFJ6036_CH4,JFJ6036,CH4,46.5474891663,negative_spikes,seasonal_mad,5.0,20260815,215,0,4,20,191,0.0,0.0,0.0,0.020512820512820513
JFJ6036_CH4,JFJ6036,CH4,46.5474891663,negative_spikes,rolling_seasonal_mad,3.0,20260815,215,2,0,18,195,1.0,0.1,0.18181818181818182,0.0
JFJ6036_CH4,JFJ6036,CH4,46.5474891663,negative_spikes,rolling_seasonal_mad,4.0,20260815,215,0,0,20,195,0.0,0.0,0.0,0.0
JFJ6036_CH4,JFJ6036,CH4,46.5474891663,negative_spikes,rolling_seasonal_mad,5.0,20260815,215,0,0,20,195,0.0,0.0,0.0,0.0
JFJ6036_CH4,JFJ6036,CH4,46.5474891663,negative_spikes,hampel_7day,3.0,20260815,215,0,0,20,195,0.0,0.0,0.0,0.0
JFJ6036_CH4,JFJ6036,CH4,46.5474891663,negative_spikes,hampel_7day,4.0,20260815,215,0,0,20,195,0.0,0.0,0.0,0.0
JFJ6036_CH4,JFJ6036,CH4,46.5474891663,negative_spikes,hampel_7day,5.0,20260815,215,0,0,20,195,0.0,0.0,0.0,0.0
JFJ6036_CH4,JFJ6036,CH4,46.5474891663,negative_spikes,iqr_hour,3.0,20260815,215,2,15,18,180,0.11764705882352941,0.1,0.1081081081081081,0.07692307692307693
JFJ6036_CH4,JFJ6036,CH4,46.5474891663,negative_spikes,iqr_hour,4.0,20260815,215,2,10,18,185,0.16666666666666666,0.1,0.125,0.05128205128205128
JFJ6036_CH4,JFJ6036,CH4,46.5474891663,negative_spikes,iqr_hour,5.0,20260815,215,2,10,18,185,0.16666666666666666,0.1,0.125,0.05128205128205128
JFJ6036_CH4,JFJ6036,CH4,46.5474891663,positive_shift,seasonal_mad,3.0,20260815,215,6,9,4,196,0.4,0.6,0.48,0.04390243902439024
JFJ6036_CH4,JFJ6036,CH4,46.5474891663,positive_shift,seasonal_mad,4.0,20260815,215,4,6,6,199,0.4,0.4,0.4000000000000001,0.02926829268292683
JFJ6036_CH4,JFJ6036,CH4,46.5474891663,positive_shift,seasonal_mad,5.0,20260815,215,4,5,6,200,0.4444444444444444,0.4,0.4210526315789474,0.024390243902439025
JFJ6036_CH4,JFJ6036,CH4,46.5474891663,positive_shift,rolling_seasonal_mad,3.0,20260815,215,6,0,4,205,1.0,0.6,0.7499999999999999,0.0
JFJ6036_CH4,JFJ6036,CH4,46.5474891663,positive_shift,rolling_seasonal_mad,4.0,20260815,215,4,0,6,205,1.0,0.4,0.5714285714285715,0.0
JFJ6036_CH4,JFJ6036,CH4,46.5474891663,positive_shift,rolling_seasonal_mad,5.0,20260815,215,2,0,8,205,1.0,0.2,0.33333333333333337,0.0
JFJ6036_CH4,JFJ6036,CH4,46.5474891663,positive_shift,hampel_7day,3.0,20260815,215,6,0,4,205,1.0,0.6,0.7499999999999999,0.0
JFJ6036_CH4,JFJ6036,CH4,46.5474891663,positive_shift,hampel_7day,4.0,20260815,215,4,0,6,205,1.0,0.4,0.5714285714285715,0.0
JFJ6036_CH4,JFJ6036,CH4,46.5474891663,positive_shift,hampel_7day,5.0,20260815,215,1,0,9,205,1.0,0.1,0.18181818181818182,0.0
JFJ6036_CH4,JFJ6036,CH4,46.5474891663,positive_shift,iqr_hour,3.0,20260815,215,6,21,4,184,0.2222222222222222,0.6,0.32432432432432434,0.1024390243902439
JFJ6036_CH4,JFJ6036,CH4,46.5474891663,positive_shift,iqr_hour,4.0,20260815,215,6,13,4,192,0.3157894736842105,0.6,0.41379310344827586,0.06341463414634146
JFJ6036_CH4,JFJ6036,CH4,46.5474891663,positive_shift,iqr_hour,5.0,20260815,215,5,12,5,193,0.29411764705882354,0.5,0.37037037037037035,0.05853658536585366
JFJ6036_CH4,JFJ6036,CH4,46.5474891663,negative_shift,seasonal_mad,3.0,20260815,215,4,13,6,192,0.23529411764705882,0.4,0.29629629629629634,0.06341463414634146
JFJ6036_CH4,JFJ6036,CH4,46.5474891663,negative_shift,seasonal_mad,4.0,20260815,215,2,4,8,201,0.3333333333333333,0.2,0.25,0.01951219512195122
JFJ6036_CH4,JFJ6036,CH4,46.5474891663,negative_shift,seasonal_mad,5.0,20260815,215,2,1,8,204,0.6666666666666666,0.2,0.30769230769230765,0.004878048780487805
JFJ6036_CH4,JFJ6036,CH4,46.5474891663,negative_shift,rolling_seasonal_mad,3.0,20260815,215,2,0,8,205,1.0,0.2,0.33333333333333337,0.0
JFJ6036_CH4,JFJ6036,CH4,46.5474891663,negative_shift,rolling_seasonal_mad,4.0,20260815,215,1,0,9,205,1.0,0.1,0.18181818181818182,0.0
JFJ6036_CH4,JFJ6036,CH4,46.5474891663,negative_shift,rolling_seasonal_mad,5.0,20260815,215,0,0,10,205,0.0,0.0,0.0,0.0
JFJ6036_CH4,JFJ6036,CH4,46.5474891663,negative_shift,hampel_7day,3.0,20260815,215,2,0,8,205,1.0,0.2,0.33333333333333337,0.0
JFJ6036_CH4,JFJ6036,CH4,46.5474891663,negative_shift,hampel_7day,4.0,20260815,215,0,0,10,205,0.0,0.0,0.0,0.0
JFJ6036_CH4,JFJ6036,CH4,46.5474891663,negative_shift,hampel_7day,5.0,20260815,215,0,0,10,205,0.0,0.0,0.0,0.0
JFJ6036_CH4,JFJ6036,CH4,46.5474891663,negative_shift,iqr_hour,3.0,20260815,215,4,23,6,182,0.14814814814814814,0.4,0.21621621621621623,0.11219512195121951
JFJ6036_CH4,JFJ6036,CH4,46.5474891663,negative_shift,iqr_hour,4.0,20260815,215,4,15,6,190,0.21052631578947367,0.4,0.27586206896551724,0.07317073170731707
JFJ6036_CH4,JFJ6036,CH4,46.5474891663,negative_shift,iqr_hour,5.0,20260815,215,3,10,7,195,0.23076923076923078,0.3,0.2608695652173913,0.04878048780487805
JFJ6036_CH4,JFJ6036,CH4,46.5474891663,season_dependent_positive,seasonal_mad,3.0,20260815,215,0,11,0,204,0.0,0.0,0.0,0.05116279069767442
JFJ6036_CH4,JFJ6036,CH4,46.5474891663,season_dependent_positive,seasonal_mad,4.0,20260815,215,0,7,0,208,0.0,0.0,0.0,0.03255813953488372
JFJ6036_CH4,JFJ6036,CH4,46.5474891663,season_dependent_positive,seasonal_mad,5.0,20260815,215,0,5,0,210,0.0,0.0,0.0,0.023255813953488372
JFJ6036_CH4,JFJ6036,CH4,46.5474891663,season_dependent_positive,rolling_seasonal_mad,3.0,20260815,215,0,0,0,215,0.0,0.0,0.0,0.0
JFJ6036_CH4,JFJ6036,CH4,46.5474891663,season_dependent_positive,rolling_seasonal_mad,4.0,20260815,215,0,0,0,215,0.0,0.0,0.0,0.0
JFJ6036_CH4,JFJ6036,CH4,46.5474891663,season_dependent_positive,rolling_seasonal_mad,5.0,20260815,215,0,0,0,215,0.0,0.0,0.0,0.0
JFJ6036_CH4,JFJ6036,CH4,46.5474891663,season_dependent_positive,hampel_7day,3.0,20260815,215,0,0,0,215,0.0,0.0,0.0,0.0
JFJ6036_CH4,JFJ6036,CH4,46.5474891663,season_dependent_positive,hampel_7day,4.0,20260815,215,0,0,0,215,0.0,0.0,0.0,0.0
JFJ6036_CH4,JFJ6036,CH4,46.5474891663,season_dependent_positive,hampel_7day,5.0,20260815,215,0,0,0,215,0.0,0.0,0.0,0.0
JFJ6036_CH4,JFJ6036,CH4,46.5474891663,season_dependent_positive,iqr_hour,3.0,20260815,215,0,24,0,191,0.0,0.0,0.0,0.11162790697674418
JFJ6036_CH4,JFJ6036,CH4,46.5474891663,season_dependent_positive,iqr_hour,4.0,20260815,215,0,16,0,199,0.0,0.0,0.0,0.07441860465116279
JFJ6036_CH4,JFJ6036,CH4,46.5474891663,season_dependent_positive,iqr_hour,5.0,20260815,215,0,13,0,202,0.0,0.0,0.0,0.06046511627906977
RUN1042_CO2,RUN1042,CO2,-21.0796,positive_spikes,seasonal_mad,3.0,20260815,1223,20,26,0,1177,0.43478260869565216,1.0,0.6060606060606061,0.021612635078969242
RUN1042_CO2,RUN1042,CO2,-21.0796,positive_spikes,seasonal_mad,4.0,20260815,1223,14,7,6,1196,0.6666666666666666,0.7,0.6829268292682926,0.005818786367414797
RUN1042_CO2,RUN1042,CO2,-21.0796,positive_spikes,seasonal_mad,5.0,20260815,1223,6,1,14,1202,0.8571428571428571,0.3,0.4444444444444444,0.0008312551953449709
RUN1042_CO2,RUN1042,CO2,-21.0796,positive_spikes,rolling_seasonal_mad,3.0,20260815,1223,20,21,0,1182,0.4878048780487805,1.0,0.6557377049180327,0.017456359102244388
RUN1042_CO2,RUN1042,CO2,-21.0796,positive_spikes,rolling_seasonal_mad,4.0,20260815,1223,17,7,3,1196,0.7083333333333334,0.85,0.7727272727272727,0.005818786367414797
RUN1042_CO2,RUN1042,CO2,-21.0796,positive_spikes,rolling_seasonal_mad,5.0,20260815,1223,10,0,10,1203,1.0,0.5,0.6666666666666666,0.0
RUN1042_CO2,RUN1042,CO2,-21.0796,positive_spikes,hampel_7day,3.0,20260815,1223,8,19,12,1184,0.2962962962962963,0.4,0.3404255319148936,0.015793848711554447
RUN1042_CO2,RUN1042,CO2,-21.0796,positive_spikes,hampel_7day,4.0,20260815,1223,5,6,15,1197,0.45454545454545453,0.25,0.3225806451612903,0.004987531172069825
RUN1042_CO2,RUN1042,CO2,-21.0796,positive_spikes,hampel_7day,5.0,20260815,1223,1,1,19,1202,0.5,0.05,0.09090909090909091,0.0008312551953449709
RUN1042_CO2,RUN1042,CO2,-21.0796,positive_spikes,iqr_hour,3.0,20260815,1223,20,33,0,1170,0.37735849056603776,1.0,0.5479452054794521,0.02743142144638404
RUN1042_CO2,RUN1042,CO2,-21.0796,positive_spikes,iqr_hour,4.0,20260815,1223,18,15,2,1188,0.5454545454545454,0.9,0.679245283018868,0.012468827930174564
RUN1042_CO2,RUN1042,CO2,-21.0796,positive_spikes,iqr_hour,5.0,20260815,1223,14,3,6,1200,0.8235294117647058,0.7,0.7567567567567567,0.0024937655860349127
RUN1042_CO2,RUN1042,CO2,-21.0796,negative_spikes,seasonal_mad,3.0,20260815,1223,17,34,3,1169,0.3333333333333333,0.85,0.4788732394366197,0.02826267664172901
RUN1042_CO2,RUN1042,CO2,-21.0796,negative_spikes,seasonal_mad,4.0,20260815,1223,15,15,5,1188,0.5,0.75,0.6,0.012468827930174564
RUN1042_CO2,RUN1042,CO2,-21.0796,negative_spikes,seasonal_mad,5.0,20260815,1223,11,1,9,1202,0.9166666666666666,0.55,0.6874999999999999,0.0008312551953449709
RUN1042_CO2,RUN1042,CO2,-21.0796,negative_spikes,rolling_seasonal_mad,3.0,20260815,1223,19,23,1,1180,0.4523809523809524,0.95,0.6129032258064516,0.019118869492934332
RUN1042_CO2,RUN1042,CO2,-21.0796,negative_spikes,rolling_seasonal_mad,4.0,20260815,1223,16,8,4,1195,0.6666666666666666,0.8,0.7272727272727272,0.006650041562759767
RUN1042_CO2,RUN1042,CO2,-21.0796,negative_spikes,rolling_seasonal_mad,5.0,20260815,1223,13,0,7,1203,1.0,0.65,0.787878787878788,0.0
RUN1042_CO2,RUN1042,CO2,-21.0796,negative_spikes,hampel_7day,3.0,20260815,1223,11,20,9,1183,0.3548387096774194,0.55,0.43137254901960786,0.01662510390689942
RUN1042_CO2,RUN1042,CO2,-21.0796,negative_spikes,hampel_7day,4.0,20260815,1223,2,4,18,1199,0.3333333333333333,0.1,0.15384615384615383,0.0033250207813798837
RUN1042_CO2,RUN1042,CO2,-21.0796,negative_spikes,hampel_7day,5.0,20260815,1223,2,1,18,1202,0.6666666666666666,0.1,0.1739130434782609,0.0008312551953449709
RUN1042_CO2,RUN1042,CO2,-21.0796,negative_spikes,iqr_hour,3.0,20260815,1223,17,35,3,1168,0.3269230769230769,0.85,0.4722222222222222,0.029093931837073983
RUN1042_CO2,RUN1042,CO2,-21.0796,negative_spikes,iqr_hour,4.0,20260815,1223,15,16,5,1187,0.4838709677419355,0.75,0.5882352941176471,0.013300083125519535
RUN1042_CO2,RUN1042,CO2,-21.0796,negative_spikes,iqr_hour,5.0,20260815,1223,14,6,6,1197,0.7,0.7,0.7,0.004987531172069825
RUN1042_CO2,RUN1042,CO2,-21.0796,positive_shift,seasonal_mad,3.0,20260815,1223,32,29,20,1142,0.5245901639344263,0.6153846153846154,0.5663716814159292,0.024765157984628524
RUN1042_CO2,RUN1042,CO2,-21.0796,positive_shift,seasonal_mad,4.0,20260815,1223,20,11,32,1160,0.6451612903225806,0.38461538461538464,0.4819277108433735,0.009393680614859094
RUN1042_CO2,RUN1042,CO2,-21.0796,positive_shift,seasonal_mad,5.0,20260815,1223,14,1,38,1170,0.9333333333333333,0.2692307692307692,0.417910447761194,0.0008539709649871904
RUN1042_CO2,RUN1042,CO2,-21.0796,positive_shift,rolling_seasonal_mad,3.0,20260815,1223,32,22,20,1149,0.5925925925925926,0.6153846153846154,0.6037735849056604,0.018787361229718188
RUN1042_CO2,RUN1042,CO2,-21.0796,positive_shift,rolling_seasonal_mad,4.0,20260815,1223,16,6,36,1165,0.7272727272727273,0.3076923076923077,0.43243243243243246,0.005123825789923143
RUN1042_CO2,RUN1042,CO2,-21.0796,positive_shift,rolling_seasonal_mad,5.0,20260815,1223,11,0,41,1171,1.0,0.21153846153846154,0.34920634920634924,0.0
RUN1042_CO2,RUN1042,CO2,-21.0796,positive_shift,hampel_7day,3.0,20260815,1223,13,17,39,1154,0.43333333333333335,0.25,0.3170731707317073,0.014517506404782237
RUN1042_CO2,RUN1042,CO2,-21.0796,positive_shift,hampel_7day,4.0,20260815,1223,6,4,46,1167,0.6,0.11538461538461539,0.1935483870967742,0.0034158838599487617
RUN1042_CO2,RUN1042,CO2,-21.0796,positive_shift,hampel_7day,5.0,20260815,1223,3,1,49,1170,0.75,0.057692307692307696,0.10714285714285714,0.0008539709649871904
RUN1042_CO2,RUN1042,CO2,-21.0796,positive_shift,iqr_hour,3.0,20260815,1223,34,19,18,1152,0.6415094339622641,0.6538461538461539,0.6476190476190475,0.016225448334756618
RUN1042_CO2,RUN1042,CO2,-21.0796,positive_shift,iqr_hour,4.0,20260815,1223,21,10,31,1161,0.6774193548387096,0.40384615384615385,0.5060240963855421,0.008539709649871904
RUN1042_CO2,RUN1042,CO2,-21.0796,positive_shift,iqr_hour,5.0,20260815,1223,16,3,36,1168,0.8421052631578947,0.3076923076923077,0.4507042253521127,0.0025619128949615714
RUN1042_CO2,RUN1042,CO2,-21.0796,negative_shift,seasonal_mad,3.0,20260815,1223,32,32,23,1136,0.5,0.5818181818181818,0.5378151260504201,0.0273972602739726
RUN1042_CO2,RUN1042,CO2,-21.0796,negative_shift,seasonal_mad,4.0,20260815,1223,19,13,36,1155,0.59375,0.34545454545454546,0.43678160919540227,0.01113013698630137
RUN1042_CO2,RUN1042,CO2,-21.0796,negative_shift,seasonal_mad,5.0,20260815,1223,7,2,48,1166,0.7777777777777778,0.12727272727272726,0.21874999999999994,0.0017123287671232876
RUN1042_CO2,RUN1042,CO2,-21.0796,negative_shift,rolling_seasonal_mad,3.0,20260815,1223,32,22,23,1146,0.5925925925925926,0.5818181818181818,0.5871559633027522,0.018835616438356163
RUN1042_CO2,RUN1042,CO2,-21.0796,negative_shift,rolling_seasonal_mad,4.0,20260815,1223,17,8,38,1160,0.68,0.3090909090909091,0.425,0.00684931506849315
RUN1042_CO2,RUN1042,CO2,-21.0796,negative_shift,rolling_seasonal_mad,5.0,20260815,1223,1,0,54,1168,1.0,0.01818181818181818,0.03571428571428572,0.0
RUN1042_CO2,RUN1042,CO2,-21.0796,negative_shift,hampel_7day,3.0,20260815,1223,7,13,48,1155,0.35,0.12727272727272726,0.18666666666666665,0.01113013698630137
RUN1042_CO2,RUN1042,CO2,-21.0796,negative_shift,hampel_7day,4.0,20260815,1223,6,2,49,1166,0.75,0.10909090909090909,0.19047619047619047,0.0017123287671232876
RUN1042_CO2,RUN1042,CO2,-21.0796,negative_shift,hampel_7day,5.0,20260815,1223,5,0,50,1168,1.0,0.09090909090909091,0.16666666666666669,0.0
RUN1042_CO2,RUN1042,CO2,-21.0796,negative_shift,iqr_hour,3.0,20260815,1223,33,33,22,1135,0.5,0.6,0.5454545454545454,0.028253424657534245
RUN1042_CO2,RUN1042,CO2,-21.0796,negative_shift,iqr_hour,4.0,20260815,1223,24,17,31,1151,0.5853658536585366,0.43636363636363634,0.5,0.014554794520547944
RUN1042_CO2,RUN1042,CO2,-21.0796,negative_shift,iqr_hour,5.0,20260815,1223,14,9,41,1159,0.6086956521739131,0.2545454545454545,0.358974358974359,0.007705479452054794
RUN1042_CO2,RUN1042,CO2,-21.0796,season_dependent_positive,seasonal_mad,3.0,20260815,1223,18,29,2,1174,0.3829787234042553,0.9,0.5373134328358209,0.024106400665004156
RUN1042_CO2,RUN1042,CO2,-21.0796,season_dependent_positive,seasonal_mad,4.0,20260815,1223,12,10,8,1193,0.5454545454545454,0.6,0.5714285714285713,0.00831255195344971
RUN1042_CO2,RUN1042,CO2,-21.0796,season_dependent_positive,seasonal_mad,5.0,20260815,1223,8,1,12,1202,0.8888888888888888,0.4,0.5517241379310346,0.0008312551953449709
RUN1042_CO2,RUN1042,CO2,-21.0796,season_dependent_positive,rolling_seasonal_mad,3.0,20260815,1223,16,24,4,1179,0.4,0.8,0.5333333333333333,0.0199501246882793
RUN1042_CO2,RUN1042,CO2,-21.0796,season_dependent_positive,rolling_seasonal_mad,4.0,20260815,1223,4,8,16,1195,0.3333333333333333,0.2,0.25,0.006650041562759767
RUN1042_CO2,RUN1042,CO2,-21.0796,season_dependent_positive,rolling_seasonal_mad,5.0,20260815,1223,1,0,19,1203,1.0,0.05,0.09523809523809523,0.0
RUN1042_CO2,RUN1042,CO2,-21.0796,season_dependent_positive,hampel_7day,3.0,20260815,1223,7,18,13,1185,0.28,0.35,0.3111111111111111,0.014962593516209476
RUN1042_CO2,RUN1042,CO2,-21.0796,season_dependent_positive,hampel_7day,4.0,20260815,1223,3,5,17,1198,0.375,0.15,0.21428571428571425,0.004156275976724855
RUN1042_CO2,RUN1042,CO2,-21.0796,season_dependent_positive,hampel_7day,5.0,20260815,1223,0,1,20,1202,0.0,0.0,0.0,0.0008312551953449709
RUN1042_CO2,RUN1042,CO2,-21.0796,season_dependent_positive,iqr_hour,3.0,20260815,1223,20,31,0,1172,0.39215686274509803,1.0,0.5633802816901409,0.025768911055694097
RUN1042_CO2,RUN1042,CO2,-21.0796,season_dependent_positive,iqr_hour,4.0,20260815,1223,17,14,3,1189,0.5483870967741935,0.85,0.6666666666666665,0.011637572734829594
RUN1042_CO2,RUN1042,CO2,-21.0796,season_dependent_positive,iqr_hour,5.0,20260815,1223,12,3,8,1200,0.8,0.6,0.6857142857142857,0.0024937655860349127
TLL3005_CO2,TLL3005,CO2,-30.16833,positive_spikes,seasonal_mad,3.0,20260815,2931,7,23,22,2879,0.23333333333333334,0.2413793103448276,0.23728813559322037,0.007925568573397657
TLL3005_CO2,TLL3005,CO2,-30.16833,positive_spikes,seasonal_mad,4.0,20260815,2931,1,1,28,2901,0.5,0.034482758620689655,0.06451612903225806,0.00034458993797381116
TLL3005_CO2,TLL3005,CO2,-30.16833,positive_spikes,seasonal_mad,5.0,20260815,2931,0,0,29,2902,0.0,0.0,0.0,0.0
TLL3005_CO2,TLL3005,CO2,-30.16833,positive_spikes,rolling_seasonal_mad,3.0,20260815,2931,20,92,9,2810,0.17857142857142858,0.6896551724137931,0.28368794326241137,0.03170227429359063
TLL3005_CO2,TLL3005,CO2,-30.16833,positive_spikes,rolling_seasonal_mad,4.0,20260815,2931,14,39,15,2863,0.2641509433962264,0.4827586206896552,0.3414634146341463,0.013439007580978636
TLL3005_CO2,TLL3005,CO2,-30.16833,positive_spikes,rolling_seasonal_mad,5.0,20260815,2931,10,9,19,2893,0.5263157894736842,0.3448275862068966,0.4166666666666667,0.0031013094417643005
TLL3005_CO2,TLL3005,CO2,-30.16833,positive_spikes,hampel_7day,3.0,20260815,2931,21,76,8,2826,0.21649484536082475,0.7241379310344828,0.3333333333333333,0.026188835286009647
TLL3005_CO2,TLL3005,CO2,-30.16833,positive_spikes,hampel_7day,4.0,20260815,2931,19,35,10,2867,0.35185185185185186,0.6551724137931034,0.4578313253012048,0.012060647829083391
TLL3005_CO2,TLL3005,CO2,-30.16833,positive_spikes,hampel_7day,5.0,20260815,2931,11,5,18,2897,0.6875,0.3793103448275862,0.4888888888888889,0.0017229496898690559
TLL3005_CO2,TLL3005,CO2,-30.16833,positive_spikes,iqr_hour,3.0,20260815,2931,9,38,20,2864,0.19148936170212766,0.3103448275862069,0.23684210526315788,0.013094417643004824
TLL3005_CO2,TLL3005,CO2,-30.16833,positive_spikes,iqr_hour,4.0,20260815,2931,5,7,24,2895,0.4166666666666667,0.1724137931034483,0.2439024390243903,0.002412129565816678
TLL3005_CO2,TLL3005,CO2,-30.16833,positive_spikes,iqr_hour,5.0,20260815,2931,1,0,28,2902,1.0,0.034482758620689655,0.06666666666666667,0.0
TLL3005_CO2,TLL3005,CO2,-30.16833,negative_spikes,seasonal_mad,3.0,20260815,2931,5,25,24,2877,0.16666666666666666,0.1724137931034483,0.16949152542372883,0.00861474844934528
TLL3005_CO2,TLL3005,CO2,-30.16833,negative_spikes,seasonal_mad,4.0,20260815,2931,1,0,28,2902,1.0,0.034482758620689655,0.06666666666666667,0.0
TLL3005_CO2,TLL3005,CO2,-30.16833,negative_spikes,seasonal_mad,5.0,20260815,2931,0,0,29,2902,0.0,0.0,0.0,0.0
TLL3005_CO2,TLL3005,CO2,-30.16833,negative_spikes,rolling_seasonal_mad,3.0,20260815,2931,21,88,8,2814,0.1926605504587156,0.7241379310344828,0.3043478260869565,0.030323914541695383
TLL3005_CO2,TLL3005,CO2,-30.16833,negative_spikes,rolling_seasonal_mad,4.0,20260815,2931,15,37,14,2865,0.28846153846153844,0.5172413793103449,0.3703703703703704,0.012749827705031013
TLL3005_CO2,TLL3005,CO2,-30.16833,negative_spikes,rolling_seasonal_mad,5.0,20260815,2931,6,8,23,2894,0.42857142857142855,0.20689655172413793,0.2790697674418604,0.0027567195037904893
TLL3005_CO2,TLL3005,CO2,-30.16833,negative_spikes,hampel_7day,3.0,20260815,2931,23,76,6,2826,0.23232323232323232,0.7931034482758621,0.359375,0.026188835286009647
TLL3005_CO2,TLL3005,CO2,-30.16833,negative_spikes,hampel_7day,4.0,20260815,2931,17,25,12,2877,0.40476190476190477,0.5862068965517241,0.4788732394366197,0.00861474844934528
TLL3005_CO2,TLL3005,CO2,-30.16833,negative_spikes,hampel_7day,5.0,20260815,2931,10,5,19,2897,0.6666666666666666,0.3448275862068966,0.4545454545454545,0.0017229496898690559
TLL3005_CO2,TLL3005,CO2,-30.16833,negative_spikes,iqr_hour,3.0,20260815,2931,6,44,23,2858,0.12,0.20689655172413793,0.1518987341772152,0.015161957270847692
TLL3005_CO2,TLL3005,CO2,-30.16833,negative_spikes,iqr_hour,4.0,20260815,2931,2,7,27,2895,0.2222222222222222,0.06896551724137931,0.10526315789473684,0.002412129565816678
TLL3005_CO2,TLL3005,CO2,-30.16833,negative_spikes,iqr_hour,5.0,20260815,2931,1,0,28,2902,1.0,0.034482758620689655,0.06666666666666667,0.0
TLL3005_CO2,TLL3005,CO2,-30.16833,positive_shift,seasonal_mad,3.0,20260815,2931,5,28,79,2819,0.15151515151515152,0.05952380952380952,0.08547008547008547,0.009834913944502985
TLL3005_CO2,TLL3005,CO2,-30.16833,positive_shift,seasonal_mad,4.0,20260815,2931,1,0,83,2847,1.0,0.011904761904761904,0.023529411764705882,0.0
TLL3005_CO2,TLL3005,CO2,-30.16833,positive_shift,seasonal_mad,5.0,20260815,2931,0,0,84,2847,0.0,0.0,0.0,0.0
TLL3005_CO2,TLL3005,CO2,-30.16833,positive_shift,rolling_seasonal_mad,3.0,20260815,2931,6,76,78,2771,0.07317073170731707,0.07142857142857142,0.07228915662650603,0.026694766420793818
TLL3005_CO2,TLL3005,CO2,-30.16833,positive_shift,rolling_seasonal_mad,4.0,20260815,2931,1,30,83,2817,0.03225806451612903,0.011904761904761904,0.017391304347826084,0.01053740779768177
TLL3005_CO2,TLL3005,CO2,-30.16833,positive_shift,rolling_seasonal_mad,5.0,20260815,2931,0,8,84,2839,0.0,0.0,0.0,0.0028099754127151387
TLL3005_CO2,TLL3005,CO2,-30.16833,positive_shift,hampel_7day,3.0,20260815,2931,9,75,75,2772,0.10714285714285714,0.10714285714285714,0.10714285714285714,0.026343519494204427
TLL3005_CO2,TLL3005,CO2,-30.16833,positive_shift,hampel_7day,4.0,20260815,2931,3,34,81,2813,0.08108108108108109,0.03571428571428571,0.04958677685950413,0.01194239550403934
TLL3005_CO2,TLL3005,CO2,-30.16833,positive_shift,hampel_7day,5.0,20260815,2931,0,5,84,2842,0.0,0.0,0.0,0.0017562346329469617
TLL3005_CO2,TLL3005,CO2,-30.16833,positive_shift,iqr_hour,3.0,20260815,2931,10,37,74,2810,0.2127659574468085,0.11904761904761904,0.15267175572519084,0.012996136283807516
TLL3005_CO2,TLL3005,CO2,-30.16833,positive_shift,iqr_hour,4.0,20260815,2931,3,5,81,2842,0.375,0.03571428571428571,0.06521739130434782,0.0017562346329469617
TLL3005_CO2,TLL3005,CO2,-30.16833,positive_shift,iqr_hour,5.0,20260815,2931,1,0,83,2847,1.0,0.011904761904761904,0.023529411764705882,0.0
TLL3005_CO2,TLL3005,CO2,-30.16833,negative_shift,seasonal_mad,3.0,20260815,2931,1,31,81,2818,0.03125,0.012195121951219513,0.01754385964912281,0.01088101088101088
TLL3005_CO2,TLL3005,CO2,-30.16833,negative_shift,seasonal_mad,4.0,20260815,2931,0,0,82,2849,0.0,0.0,0.0,0.0
TLL3005_CO2,TLL3005,CO2,-30.16833,negative_shift,seasonal_mad,5.0,20260815,2931,0,0,82,2849,0.0,0.0,0.0,0.0
TLL3005_CO2,TLL3005,CO2,-30.16833,negative_shift,rolling_seasonal_mad,3.0,20260815,2931,17,77,65,2772,0.18085106382978725,0.2073170731707317,0.19318181818181818,0.02702702702702703
TLL3005_CO2,TLL3005,CO2,-30.16833,negative_shift,rolling_seasonal_mad,4.0,20260815,2931,9,29,73,2820,0.23684210526315788,0.10975609756097561,0.15,0.010179010179010179
TLL3005_CO2,TLL3005,CO2,-30.16833,negative_shift,rolling_seasonal_mad,5.0,20260815,2931,1,6,81,2843,0.14285714285714285,0.012195121951219513,0.02247191011235955,0.002106002106002106
TLL3005_CO2,TLL3005,CO2,-30.16833,negative_shift,hampel_7day,3.0,20260815,2931,17,78,65,2771,0.17894736842105263,0.2073170731707317,0.192090395480226,0.02737802737802738
TLL3005_CO2,TLL3005,CO2,-30.16833,negative_shift,hampel_7day,4.0,20260815,2931,6,31,76,2818,0.16216216216216217,0.07317073170731707,0.10084033613445377,0.01088101088101088
TLL3005_CO2,TLL3005,CO2,-30.16833,negative_shift,hampel_7day,5.0,20260815,2931,0,3,82,2846,0.0,0.0,0.0,0.001053001053001053
TLL3005_CO2,TLL3005,CO2,-30.16833,negative_shift,iqr_hour,3.0,20260815,2931,1,41,81,2808,0.023809523809523808,0.012195121951219513,0.01612903225806452,0.014391014391014392
TLL3005_CO2,TLL3005,CO2,-30.16833,negative_shift,iqr_hour,4.0,20260815,2931,0,5,82,2844,0.0,0.0,0.0,0.001755001755001755
TLL3005_CO2,TLL3005,CO2,-30.16833,negative_shift,iqr_hour,5.0,20260815,2931,0,0,82,2849,0.0,0.0,0.0,0.0
TLL3005_CO2,TLL3005,CO2,-30.16833,season_dependent_positive,seasonal_mad,3.0,20260815,2931,16,28,13,2874,0.36363636363636365,0.5517241379310345,0.4383561643835616,0.009648518263266712
TLL3005_CO2,TLL3005,CO2,-30.16833,season_dependent_positive,seasonal_mad,4.0,20260815,2931,7,0,22,2902,1.0,0.2413793103448276,0.3888888888888889,0.0
TLL3005_CO2,TLL3005,CO2,-30.16833,season_dependent_positive,seasonal_mad,5.0,20260815,2931,0,0,29,2902,0.0,0.0,0.0,0.0
TLL3005_CO2,TLL3005,CO2,-30.16833,season_dependent_positive,rolling_seasonal_mad,3.0,20260815,2931,0,88,29,2814,0.0,0.0,0.0,0.030323914541695383
TLL3005_CO2,TLL3005,CO2,-30.16833,season_dependent_positive,rolling_seasonal_mad,4.0,20260815,2931,0,38,29,2864,0.0,0.0,0.0,0.013094417643004824
TLL3005_CO2,TLL3005,CO2,-30.16833,season_dependent_positive,rolling_seasonal_mad,5.0,20260815,2931,0,10,29,2892,0.0,0.0,0.0,0.0034458993797381117
TLL3005_CO2,TLL3005,CO2,-30.16833,season_dependent_positive,hampel_7day,3.0,20260815,2931,0,80,29,2822,0.0,0.0,0.0,0.027567195037904894
TLL3005_CO2,TLL3005,CO2,-30.16833,season_dependent_positive,hampel_7day,4.0,20260815,2931,0,36,29,2866,0.0,0.0,0.0,0.012405237767057202
TLL3005_CO2,TLL3005,CO2,-30.16833,season_dependent_positive,hampel_7day,5.0,20260815,2931,0,5,29,2897,0.0,0.0,0.0,0.0017229496898690559
TLL3005_CO2,TLL3005,CO2,-30.16833,season_dependent_positive,iqr_hour,3.0,20260815,2931,17,39,12,2863,0.30357142857142855,0.5862068965517241,0.39999999999999997,0.013439007580978636
TLL3005_CO2,TLL3005,CO2,-30.16833,season_dependent_positive,iqr_hour,4.0,20260815,2931,11,6,18,2896,0.6470588235294118,0.3793103448275862,0.4782608695652174,0.002067539627842867
TLL3005_CO2,TLL3005,CO2,-30.16833,season_dependent_positive,iqr_hour,5.0,20260815,2931,3,0,26,2902,1.0,0.10344827586206896,0.1875,0.0
BRW4003_CO2,BRW4003,CO2,71.3230133057,positive_spikes,seasonal_mad,3.0,20260815,666,1,7,19,639,0.125,0.05,0.07142857142857144,0.010835913312693499
BRW4003_CO2,BRW4003,CO2,71.3230133057,positive_spikes,seasonal_mad,4.0,20260815,666,0,2,20,644,0.0,0.0,0.0,0.0030959752321981426
BRW4003_CO2,BRW4003,CO2,71.3230133057,positive_spikes,seasonal_mad,5.0,20260815,666,0,0,20,646,0.0,0.0,0.0,0.0
BRW4003_CO2,BRW4003,CO2,71.3230133057,positive_spikes,rolling_seasonal_mad,3.0,20260815,666,2,17,18,629,0.10526315789473684,0.1,0.10256410256410256,0.02631578947368421
BRW4003_CO2,BRW4003,CO2,71.3230133057,positive_spikes,rolling_seasonal_mad,4.0,20260815,666,1,8,19,638,0.1111111111111111,0.05,0.06896551724137932,0.01238390092879257
BRW4003_CO2,BRW4003,CO2,71.3230133057,positive_spikes,rolling_seasonal_mad,5.0,20260815,666,1,4,19,642,0.2,0.05,0.08000000000000002,0.006191950464396285
BRW4003_CO2,BRW4003,CO2,71.3230133057,positive_spikes,hampel_7day,3.0,20260815,666,4,26,16,620,0.13333333333333333,0.2,0.16,0.04024767801857585
BRW4003_CO2,BRW4003,CO2,71.3230133057,positive_spikes,hampel_7day,4.0,20260815,666,1,16,19,630,0.058823529411764705,0.05,0.05405405405405405,0.02476780185758514
BRW4003_CO2,BRW4003,CO2,71.3230133057,positive_spikes,hampel_7day,5.0,20260815,666,1,10,19,636,0.09090909090909091,0.05,0.06451612903225806,0.015479876160990712
BRW4003_CO2,BRW4003,CO2,71.3230133057,positive_spikes,iqr_hour,3.0,20260815,666,1,10,19,636,0.09090909090909091,0.05,0.06451612903225806,0.015479876160990712
BRW4003_CO2,BRW4003,CO2,71.3230133057,positive_spikes,iqr_hour,4.0,20260815,666,1,5,19,641,0.16666666666666666,0.05,0.07692307692307691,0.007739938080495356
BRW4003_CO2,BRW4003,CO2,71.3230133057,positive_spikes,iqr_hour,5.0,20260815,666,0,2,20,644,0.0,0.0,0.0,0.0030959752321981426
BRW4003_CO2,BRW4003,CO2,71.3230133057,negative_spikes,seasonal_mad,3.0,20260815,666,0,7,20,639,0.0,0.0,0.0,0.010835913312693499
BRW4003_CO2,BRW4003,CO2,71.3230133057,negative_spikes,seasonal_mad,4.0,20260815,666,0,1,20,645,0.0,0.0,0.0,0.0015479876160990713
BRW4003_CO2,BRW4003,CO2,71.3230133057,negative_spikes,seasonal_mad,5.0,20260815,666,0,0,20,646,0.0,0.0,0.0,0.0
BRW4003_CO2,BRW4003,CO2,71.3230133057,negative_spikes,rolling_seasonal_mad,3.0,20260815,666,0,23,20,623,0.0,0.0,0.0,0.03560371517027864
BRW4003_CO2,BRW4003,CO2,71.3230133057,negative_spikes,rolling_seasonal_mad,4.0,20260815,666,0,13,20,633,0.0,0.0,0.0,0.020123839009287926
BRW4003_CO2,BRW4003,CO2,71.3230133057,negative_spikes,rolling_seasonal_mad,5.0,20260815,666,0,7,20,639,0.0,0.0,0.0,0.010835913312693499
BRW4003_CO2,BRW4003,CO2,71.3230133057,negative_spikes,hampel_7day,3.0,20260815,666,5,32,15,614,0.13513513513513514,0.25,0.1754385964912281,0.04953560371517028
BRW4003_CO2,BRW4003,CO2,71.3230133057,negative_spikes,hampel_7day,4.0,20260815,666,0,19,20,627,0.0,0.0,0.0,0.029411764705882353
BRW4003_CO2,BRW4003,CO2,71.3230133057,negative_spikes,hampel_7day,5.0,20260815,666,0,13,20,633,0.0,0.0,0.0,0.020123839009287926
BRW4003_CO2,BRW4003,CO2,71.3230133057,negative_spikes,iqr_hour,3.0,20260815,666,0,11,20,635,0.0,0.0,0.0,0.017027863777089782
BRW4003_CO2,BRW4003,CO2,71.3230133057,negative_spikes,iqr_hour,4.0,20260815,666,0,5,20,641,0.0,0.0,0.0,0.007739938080495356
BRW4003_CO2,BRW4003,CO2,71.3230133057,negative_spikes,iqr_hour,5.0,20260815,666,0,1,20,645,0.0,0.0,0.0,0.0015479876160990713
BRW4003_CO2,BRW4003,CO2,71.3230133057,positive_shift,seasonal_mad,3.0,20260815,666,2,6,58,600,0.25,0.03333333333333333,0.058823529411764705,0.009900990099009901
BRW4003_CO2,BRW4003,CO2,71.3230133057,positive_shift,seasonal_mad,4.0,20260815,666,0,1,60,605,0.0,0.0,0.0,0.0016501650165016502
BRW4003_CO2,BRW4003,CO2,71.3230133057,positive_shift,seasonal_mad,5.0,20260815,666,0,0,60,606,0.0,0.0,0.0,0.0
BRW4003_CO2,BRW4003,CO2,71.3230133057,positive_shift,rolling_seasonal_mad,3.0,20260815,666,3,21,57,585,0.125,0.05,0.07142857142857144,0.034653465346534656
BRW4003_CO2,BRW4003,CO2,71.3230133057,positive_shift,rolling_seasonal_mad,4.0,20260815,666,1,9,59,597,0.1,0.016666666666666666,0.028571428571428574,0.01485148514851485
BRW4003_CO2,BRW4003,CO2,71.3230133057,positive_shift,rolling_seasonal_mad,5.0,20260815,666,0,4,60,602,0.0,0.0,0.0,0.006600660066006601
BRW4003_CO2,BRW4003,CO2,71.3230133057,positive_shift,hampel_7day,3.0,20260815,666,4,29,56,577,0.12121212121212122,0.06666666666666667,0.08602150537634409,0.04785478547854786
BRW4003_CO2,BRW4003,CO2,71.3230133057,positive_shift,hampel_7day,4.0,20260815,666,2,15,58,591,0.11764705882352941,0.03333333333333333,0.05194805194805195,0.024752475247524754
BRW4003_CO2,BRW4003,CO2,71.3230133057,positive_shift,hampel_7day,5.0,20260815,666,0,12,60,594,0.0,0.0,0.0,0.019801980198019802
BRW4003_CO2,BRW4003,CO2,71.3230133057,positive_shift,iqr_hour,3.0,20260815,666,2,10,58,596,0.16666666666666666,0.03333333333333333,0.05555555555555555,0.0165016501650165
BRW4003_CO2,BRW4003,CO2,71.3230133057,positive_shift,iqr_hour,4.0,20260815,666,2,3,58,603,0.4,0.03333333333333333,0.06153846153846154,0.0049504950495049506
BRW4003_CO2,BRW4003,CO2,71.3230133057,positive_shift,iqr_hour,5.0,20260815,666,0,1,60,605,0.0,0.0,0.0,0.0016501650165016502
BRW4003_CO2,BRW4003,CO2,71.3230133057,negative_shift,seasonal_mad,3.0,20260815,666,0,8,60,598,0.0,0.0,0.0,0.013201320132013201
BRW4003_CO2,BRW4003,CO2,71.3230133057,negative_shift,seasonal_mad,4.0,20260815,666,0,1,60,605,0.0,0.0,0.0,0.0016501650165016502
BRW4003_CO2,BRW4003,CO2,71.3230133057,negative_shift,seasonal_mad,5.0,20260815,666,0,0,60,606,0.0,0.0,0.0,0.0
BRW4003_CO2,BRW4003,CO2,71.3230133057,negative_shift,rolling_seasonal_mad,3.0,20260815,666,4,20,56,586,0.16666666666666666,0.06666666666666667,0.09523809523809522,0.033003300330033
BRW4003_CO2,BRW4003,CO2,71.3230133057,negative_shift,rolling_seasonal_mad,4.0,20260815,666,2,10,58,596,0.16666666666666666,0.03333333333333333,0.05555555555555555,0.0165016501650165
BRW4003_CO2,BRW4003,CO2,71.3230133057,negative_shift,rolling_seasonal_mad,5.0,20260815,666,0,7,60,599,0.0,0.0,0.0,0.01155115511551155
BRW4003_CO2,BRW4003,CO2,71.3230133057,negative_shift,hampel_7day,3.0,20260815,666,5,25,55,581,0.16666666666666666,0.08333333333333333,0.1111111111111111,0.041254125412541254
BRW4003_CO2,BRW4003,CO2,71.3230133057,negative_shift,hampel_7day,4.0,20260815,666,3,12,57,594,0.2,0.05,0.08000000000000002,0.019801980198019802
BRW4003_CO2,BRW4003,CO2,71.3230133057,negative_shift,hampel_7day,5.0,20260815,666,0,10,60,596,0.0,0.0,0.0,0.0165016501650165
BRW4003_CO2,BRW4003,CO2,71.3230133057,negative_shift,iqr_hour,3.0,20260815,666,0,11,60,595,0.0,0.0,0.0,0.018151815181518153
BRW4003_CO2,BRW4003,CO2,71.3230133057,negative_shift,iqr_hour,4.0,20260815,666,0,3,60,603,0.0,0.0,0.0,0.0049504950495049506
BRW4003_CO2,BRW4003,CO2,71.3230133057,negative_shift,iqr_hour,5.0,20260815,666,0,1,60,605,0.0,0.0,0.0,0.0016501650165016502
BRW4003_CO2,BRW4003,CO2,71.3230133057,season_dependent_positive,seasonal_mad,3.0,20260815,666,1,7,19,639,0.125,0.05,0.07142857142857144,0.010835913312693499
BRW4003_CO2,BRW4003,CO2,71.3230133057,season_dependent_positive,seasonal_mad,4.0,20260815,666,0,1,20,645,0.0,0.0,0.0,0.0015479876160990713
BRW4003_CO2,BRW4003,CO2,71.3230133057,season_dependent_positive,seasonal_mad,5.0,20260815,666,0,0,20,646,0.0,0.0,0.0,0.0
BRW4003_CO2,BRW4003,CO2,71.3230133057,season_dependent_positive,rolling_seasonal_mad,3.0,20260815,666,2,22,18,624,0.08333333333333333,0.1,0.0909090909090909,0.034055727554179564
BRW4003_CO2,BRW4003,CO2,71.3230133057,season_dependent_positive,rolling_seasonal_mad,4.0,20260815,666,2,11,18,635,0.15384615384615385,0.1,0.12121212121212123,0.017027863777089782
BRW4003_CO2,BRW4003,CO2,71.3230133057,season_dependent_positive,rolling_seasonal_mad,5.0,20260815,666,0,6,20,640,0.0,0.0,0.0,0.009287925696594427
BRW4003_CO2,BRW4003,CO2,71.3230133057,season_dependent_positive,hampel_7day,3.0,20260815,666,3,32,17,614,0.08571428571428572,0.15,0.10909090909090909,0.04953560371517028
BRW4003_CO2,BRW4003,CO2,71.3230133057,season_dependent_positive,hampel_7day,4.0,20260815,666,2,19,18,627,0.09523809523809523,0.1,0.0975609756097561,0.029411764705882353
BRW4003_CO2,BRW4003,CO2,71.3230133057,season_dependent_positive,hampel_7day,5.0,20260815,666,2,14,18,632,0.125,0.1,0.11111111111111112,0.021671826625386997
BRW4003_CO2,BRW4003,CO2,71.3230133057,season_dependent_positive,iqr_hour,3.0,20260815,666,1,9,19,637,0.1,0.05,0.06666666666666667,0.01393188854489164
BRW4003_CO2,BRW4003,CO2,71.3230133057,season_dependent_positive,iqr_hour,4.0,20260815,666,0,3,20,643,0.0,0.0,0.0,0.0046439628482972135
BRW4003_CO2,BRW4003,CO2,71.3230133057,season_dependent_positive,iqr_hour,5.0,20260815,666,0,1,20,645,0.0,0.0,0.0,0.0015479876160990713
JFJ6036_CO2,JFJ6036,CO2,46.5474891663,positive_spikes,seasonal_mad,3.0,20260815,215,0,12,20,183,0.0,0.0,0.0,0.06153846153846154
JFJ6036_CO2,JFJ6036,CO2,46.5474891663,positive_spikes,seasonal_mad,4.0,20260815,215,0,9,20,186,0.0,0.0,0.0,0.046153846153846156
JFJ6036_CO2,JFJ6036,CO2,46.5474891663,positive_spikes,seasonal_mad,5.0,20260815,215,0,1,20,194,0.0,0.0,0.0,0.005128205128205128
JFJ6036_CO2,JFJ6036,CO2,46.5474891663,positive_spikes,rolling_seasonal_mad,3.0,20260815,215,0,10,20,185,0.0,0.0,0.0,0.05128205128205128
JFJ6036_CO2,JFJ6036,CO2,46.5474891663,positive_spikes,rolling_seasonal_mad,4.0,20260815,215,0,5,20,190,0.0,0.0,0.0,0.02564102564102564
JFJ6036_CO2,JFJ6036,CO2,46.5474891663,positive_spikes,rolling_seasonal_mad,5.0,20260815,215,0,0,20,195,0.0,0.0,0.0,0.0
JFJ6036_CO2,JFJ6036,CO2,46.5474891663,positive_spikes,hampel_7day,3.0,20260815,215,4,0,16,195,1.0,0.2,0.33333333333333337,0.0
JFJ6036_CO2,JFJ6036,CO2,46.5474891663,positive_spikes,hampel_7day,4.0,20260815,215,0,0,20,195,0.0,0.0,0.0,0.0
JFJ6036_CO2,JFJ6036,CO2,46.5474891663,positive_spikes,hampel_7day,5.0,20260815,215,0,0,20,195,0.0,0.0,0.0,0.0
JFJ6036_CO2,JFJ6036,CO2,46.5474891663,positive_spikes,iqr_hour,3.0,20260815,215,1,17,19,178,0.05555555555555555,0.05,0.052631578947368425,0.08717948717948718
JFJ6036_CO2,JFJ6036,CO2,46.5474891663,positive_spikes,iqr_hour,4.0,20260815,215,0,14,20,181,0.0,0.0,0.0,0.07179487179487179
JFJ6036_CO2,JFJ6036,CO2,46.5474891663,positive_spikes,iqr_hour,5.0,20260815,215,0,12,20,183,0.0,0.0,0.0,0.06153846153846154
JFJ6036_CO2,JFJ6036,CO2,46.5474891663,negative_spikes,seasonal_mad,3.0,20260815,215,1,12,19,183,0.07692307692307693,0.05,0.060606060606060615,0.06153846153846154
JFJ6036_CO2,JFJ6036,CO2,46.5474891663,negative_spikes,seasonal_mad,4.0,20260815,215,1,9,19,186,0.1,0.05,0.06666666666666667,0.046153846153846156
JFJ6036_CO2,JFJ6036,CO2,46.5474891663,negative_spikes,seasonal_mad,5.0,20260815,215,0,2,20,193,0.0,0.0,0.0,0.010256410256410256
JFJ6036_CO2,JFJ6036,CO2,46.5474891663,negative_spikes,rolling_seasonal_mad,3.0,20260815,215,3,8,17,187,0.2727272727272727,0.15,0.19354838709677416,0.041025641025641026
JFJ6036_CO2,JFJ6036,CO2,46.5474891663,negative_spikes,rolling_seasonal_mad,4.0,20260815,215,1,4,19,191,0.2,0.05,0.08000000000000002,0.020512820512820513
JFJ6036_CO2,JFJ6036,CO2,46.5474891663,negative_spikes,rolling_seasonal_mad,5.0,20260815,215,0,0,20,195,0.0,0.0,0.0,0.0
JFJ6036_CO2,JFJ6036,CO2,46.5474891663,negative_spikes,hampel_7day,3.0,20260815,215,1,0,19,195,1.0,0.05,0.09523809523809523,0.0
JFJ6036_CO2,JFJ6036,CO2,46.5474891663,negative_spikes,hampel_7day,4.0,20260815,215,0,0,20,195,0.0,0.0,0.0,0.0
JFJ6036_CO2,JFJ6036,CO2,46.5474891663,negative_spikes,hampel_7day,5.0,20260815,215,0,0,20,195,0.0,0.0,0.0,0.0
JFJ6036_CO2,JFJ6036,CO2,46.5474891663,negative_spikes,iqr_hour,3.0,20260815,215,1,19,19,176,0.05,0.05,0.05000000000000001,0.09743589743589744
JFJ6036_CO2,JFJ6036,CO2,46.5474891663,negative_spikes,iqr_hour,4.0,20260815,215,1,13,19,182,0.07142857142857142,0.05,0.058823529411764705,0.06666666666666667
JFJ6036_CO2,JFJ6036,CO2,46.5474891663,negative_spikes,iqr_hour,5.0,20260815,215,1,11,19,184,0.08333333333333333,0.05,0.0625,0.05641025641025641
JFJ6036_CO2,JFJ6036,CO2,46.5474891663,positive_shift,seasonal_mad,3.0,20260815,215,5,14,5,191,0.2631578947368421,0.5,0.3448275862068966,0.06829268292682927
JFJ6036_CO2,JFJ6036,CO2,46.5474891663,positive_shift,seasonal_mad,4.0,20260815,215,5,9,5,196,0.35714285714285715,0.5,0.41666666666666663,0.04390243902439024
JFJ6036_CO2,JFJ6036,CO2,46.5474891663,positive_shift,seasonal_mad,5.0,20260815,215,4,2,6,203,0.6666666666666666,0.4,0.5,0.00975609756097561
JFJ6036_CO2,JFJ6036,CO2,46.5474891663,positive_shift,rolling_seasonal_mad,3.0,20260815,215,7,9,3,196,0.4375,0.7,0.5384615384615384,0.04390243902439024
JFJ6036_CO2,JFJ6036,CO2,46.5474891663,positive_shift,rolling_seasonal_mad,4.0,20260815,215,6,3,4,202,0.6666666666666666,0.6,0.631578947368421,0.014634146341463415
JFJ6036_CO2,JFJ6036,CO2,46.5474891663,positive_shift,rolling_seasonal_mad,5.0,20260815,215,4,0,6,205,1.0,0.4,0.5714285714285715,0.0
JFJ6036_CO2,JFJ6036,CO2,46.5474891663,positive_shift,hampel_7day,3.0,20260815,215,8,0,2,205,1.0,0.8,0.888888888888889,0.0
JFJ6036_CO2,JFJ6036,CO2,46.5474891663,positive_shift,hampel_7day,4.0,20260815,215,6,0,4,205,1.0,0.6,0.7499999999999999,0.0
JFJ6036_CO2,JFJ6036,CO2,46.5474891663,positive_shift,hampel_7day,5.0,20260815,215,4,0,6,205,1.0,0.4,0.5714285714285715,0.0
JFJ6036_CO2,JFJ6036,CO2,46.5474891663,positive_shift,iqr_hour,3.0,20260815,215,7,23,3,182,0.23333333333333334,0.7,0.35,0.11219512195121951
JFJ6036_CO2,JFJ6036,CO2,46.5474891663,positive_shift,iqr_hour,4.0,20260815,215,6,16,4,189,0.2727272727272727,0.6,0.37499999999999994,0.07804878048780488
JFJ6036_CO2,JFJ6036,CO2,46.5474891663,positive_shift,iqr_hour,5.0,20260815,215,5,12,5,193,0.29411764705882354,0.5,0.37037037037037035,0.05853658536585366
JFJ6036_CO2,JFJ6036,CO2,46.5474891663,negative_shift,seasonal_mad,3.0,20260815,215,4,14,6,191,0.2222222222222222,0.4,0.2857142857142857,0.06829268292682927
JFJ6036_CO2,JFJ6036,CO2,46.5474891663,negative_shift,seasonal_mad,4.0,20260815,215,4,8,6,197,0.3333333333333333,0.4,0.3636363636363636,0.03902439024390244
JFJ6036_CO2,JFJ6036,CO2,46.5474891663,negative_shift,seasonal_mad,5.0,20260815,215,3,2,7,203,0.6,0.3,0.4,0.00975609756097561
JFJ6036_CO2,JFJ6036,CO2,46.5474891663,negative_shift,rolling_seasonal_mad,3.0,20260815,215,5,8,5,197,0.38461538461538464,0.5,0.4347826086956522,0.03902439024390244
JFJ6036_CO2,JFJ6036,CO2,46.5474891663,negative_shift,rolling_seasonal_mad,4.0,20260815,215,4,5,6,200,0.4444444444444444,0.4,0.4210526315789474,0.024390243902439025
JFJ6036_CO2,JFJ6036,CO2,46.5474891663,negative_shift,rolling_seasonal_mad,5.0,20260815,215,2,0,8,205,1.0,0.2,0.33333333333333337,0.0
JFJ6036_CO2,JFJ6036,CO2,46.5474891663,negative_shift,hampel_7day,3.0,20260815,215,4,0,6,205,1.0,0.4,0.5714285714285715,0.0
JFJ6036_CO2,JFJ6036,CO2,46.5474891663,negative_shift,hampel_7day,4.0,20260815,215,4,0,6,205,1.0,0.4,0.5714285714285715,0.0
JFJ6036_CO2,JFJ6036,CO2,46.5474891663,negative_shift,hampel_7day,5.0,20260815,215,2,0,8,205,1.0,0.2,0.33333333333333337,0.0
JFJ6036_CO2,JFJ6036,CO2,46.5474891663,negative_shift,iqr_hour,3.0,20260815,215,6,24,4,181,0.2,0.6,0.3,0.11707317073170732
JFJ6036_CO2,JFJ6036,CO2,46.5474891663,negative_shift,iqr_hour,4.0,20260815,215,4,16,6,189,0.2,0.4,0.26666666666666666,0.07804878048780488
JFJ6036_CO2,JFJ6036,CO2,46.5474891663,negative_shift,iqr_hour,5.0,20260815,215,4,14,6,191,0.2222222222222222,0.4,0.2857142857142857,0.06829268292682927
JFJ6036_CO2,JFJ6036,CO2,46.5474891663,season_dependent_positive,seasonal_mad,3.0,20260815,215,0,15,0,200,0.0,0.0,0.0,0.06976744186046512
JFJ6036_CO2,JFJ6036,CO2,46.5474891663,season_dependent_positive,seasonal_mad,4.0,20260815,215,0,11,0,204,0.0,0.0,0.0,0.05116279069767442
JFJ6036_CO2,JFJ6036,CO2,46.5474891663,season_dependent_positive,seasonal_mad,5.0,20260815,215,0,2,0,213,0.0,0.0,0.0,0.009302325581395349
JFJ6036_CO2,JFJ6036,CO2,46.5474891663,season_dependent_positive,rolling_seasonal_mad,3.0,20260815,215,0,9,0,206,0.0,0.0,0.0,0.04186046511627907
JFJ6036_CO2,JFJ6036,CO2,46.5474891663,season_dependent_positive,rolling_seasonal_mad,4.0,20260815,215,0,6,0,209,0.0,0.0,0.0,0.027906976744186046
JFJ6036_CO2,JFJ6036,CO2,46.5474891663,season_dependent_positive,rolling_seasonal_mad,5.0,20260815,215,0,0,0,215,0.0,0.0,0.0,0.0
JFJ6036_CO2,JFJ6036,CO2,46.5474891663,season_dependent_positive,hampel_7day,3.0,20260815,215,0,0,0,215,0.0,0.0,0.0,0.0
JFJ6036_CO2,JFJ6036,CO2,46.5474891663,season_dependent_positive,hampel_7day,4.0,20260815,215,0,0,0,215,0.0,0.0,0.0,0.0
JFJ6036_CO2,JFJ6036,CO2,46.5474891663,season_dependent_positive,hampel_7day,5.0,20260815,215,0,0,0,215,0.0,0.0,0.0,0.0
JFJ6036_CO2,JFJ6036,CO2,46.5474891663,season_dependent_positive,iqr_hour,3.0,20260815,215,0,26,0,189,0.0,0.0,0.0,0.12093023255813953
JFJ6036_CO2,JFJ6036,CO2,46.5474891663,season_dependent_positive,iqr_hour,4.0,20260815,215,0,18,0,197,0.0,0.0,0.0,0.08372093023255814
JFJ6036_CO2,JFJ6036,CO2,46.5474891663,season_dependent_positive,iqr_hour,5.0,20260815,215,0,15,0,200,0.0,0.0,0.0,0.06976744186046512
HAT2031_CH4,HAT2031,CH4,24.06069,positive_spikes,seasonal_mad,3.0,20260815,3702,0,8,37,3657,0.0,0.0,0.0,0.00218281036834925
HAT2031_CH4,HAT2031,CH4,24.06069,positive_spikes,seasonal_mad,4.0,20260815,3702,0,3,37,3662,0.0,0.0,0.0,0.0008185538881309686
HAT2031_CH4,HAT2031,CH4,24.06069,positive_spikes,seasonal_mad,5.0,20260815,3702,0,0,37,3665,0.0,0.0,0.0,0.0
HAT2031_CH4,HAT2031,CH4,24.06069,positive_spikes,rolling_seasonal_mad,3.0,20260815,3702,4,170,33,3495,0.022988505747126436,0.10810810810810811,0.03791469194312796,0.04638472032742155
HAT2031_CH4,HAT2031,CH4,24.06069,positive_spikes,rolling_seasonal_mad,4.0,20260815,3702,3,114,34,3551,0.02564102564102564,0.08108108108108109,0.03896103896103897,0.031105047748976808
HAT2031_CH4,HAT2031,CH4,24.06069,positive_spikes,rolling_seasonal_mad,5.0,20260815,3702,1,92,36,3573,0.010752688172043012,0.02702702702702703,0.015384615384615385,0.02510231923601637
HAT2031_CH4,HAT2031,CH4,24.06069,positive_spikes,hampel_7day,3.0,20260815,3702,16,297,21,3368,0.051118210862619806,0.43243243243243246,0.09142857142857143,0.0810368349249659
HAT2031_CH4,HAT2031,CH4,24.06069,positive_spikes,hampel_7day,4.0,20260815,3702,10,194,27,3471,0.049019607843137254,0.2702702702702703,0.08298755186721991,0.0529331514324693
HAT2031_CH4,HAT2031,CH4,24.06069,positive_spikes,hampel_7day,5.0,20260815,3702,9,146,28,3519,0.05806451612903226,0.24324324324324326,0.09375000000000001,0.039836289222373804
HAT2031_CH4,HAT2031,CH4,24.06069,positive_spikes,iqr_hour,3.0,20260815,3702,0,7,37,3658,0.0,0.0,0.0,0.0019099590723055935
HAT2031_CH4,HAT2031,CH4,24.06069,positive_spikes,iqr_hour,4.0,20260815,3702,0,3,37,3662,0.0,0.0,0.0,0.0008185538881309686
HAT2031_CH4,HAT2031,CH4,24.06069,positive_spikes,iqr_hour,5.0,20260815,3702,0,0,37,3665,0.0,0.0,0.0,0.0
HAT2031_CH4,HAT2031,CH4,24.06069,negative_spikes,seasonal_mad,3.0,20260815,3702,0,9,37,3656,0.0,0.0,0.0,0.0024556616643929058
HAT2031_CH4,HAT2031,CH4,24.06069,negative_spikes,seasonal_mad,4.0,20260815,3702,0,4,37,3661,0.0,0.0,0.0,0.001091405184174625
HAT2031_CH4,HAT2031,CH4,24.06069,negative_spikes,seasonal_mad,5.0,20260815,3702,0,0,37,3665,0.0,0.0,0.0,0.0
HAT2031_CH4,HAT2031,CH4,24.06069,negative_spikes,rolling_seasonal_mad,3.0,20260815,3702,7,189,30,3476,0.03571428571428571,0.1891891891891892,0.06008583690987125,0.051568894952251025
HAT2031_CH4,HAT2031,CH4,24.06069,negative_spikes,rolling_seasonal_mad,4.0,20260815,3702,3,116,34,3549,0.025210084033613446,0.08108108108108109,0.038461538461538464,0.03165075034106412
HAT2031_CH4,HAT2031,CH4,24.06069,negative_spikes,rolling_seasonal_mad,5.0,20260815,3702,1,92,36,3573,0.010752688172043012,0.02702702702702703,0.015384615384615385,0.02510231923601637
HAT2031_CH4,HAT2031,CH4,24.06069,negative_spikes,hampel_7day,3.0,20260815,3702,14,302,23,3363,0.04430379746835443,0.3783783783783784,0.07932011331444759,0.08240109140518417
HAT2031_CH4,HAT2031,CH4,24.06069,negative_spikes,hampel_7day,4.0,20260815,3702,12,193,25,3472,0.05853658536585366,0.32432432432432434,0.09917355371900827,0.05266030013642565
HAT2031_CH4,HAT2031,CH4,24.06069,negative_spikes,hampel_7day,5.0,20260815,3702,9,150,28,3515,0.05660377358490566,0.24324324324324326,0.09183673469387756,0.040927694406548434
HAT2031_CH4,HAT2031,CH4,24.06069,negative_spikes,iqr_hour,3.0,20260815,3702,0,7,37,3658,0.0,0.0,0.0,0.0019099590723055935
HAT2031_CH4,HAT2031,CH4,24.06069,negative_spikes,iqr_hour,4.0,20260815,3702,0,4,37,3661,0.0,0.0,0.0,0.001091405184174625
HAT2031_CH4,HAT2031,CH4,24.06069,negative_spikes,iqr_hour,5.0,20260815,3702,0,0,37,3665,0.0,0.0,0.0,0.0
HAT2031_CH4,HAT2031,CH4,24.06069,positive_shift,seasonal_mad,3.0,20260815,3702,0,9,108,3585,0.0,0.0,0.0,0.0025041736227045075
HAT2031_CH4,HAT2031,CH4,24.06069,positive_shift,seasonal_mad,4.0,20260815,3702,0,4,108,3590,0.0,0.0,0.0,0.0011129660545353367
HAT2031_CH4,HAT2031,CH4,24.06069,positive_shift,seasonal_mad,5.0,20260815,3702,0,0,108,3594,0.0,0.0,0.0,0.0
HAT2031_CH4,HAT2031,CH4,24.06069,positive_shift,rolling_seasonal_mad,3.0,20260815,3702,17,170,91,3424,0.09090909090909091,0.1574074074074074,0.1152542372881356,0.04730105731775181
HAT2031_CH4,HAT2031,CH4,24.06069,positive_shift,rolling_seasonal_mad,4.0,20260815,3702,5,102,103,3492,0.04672897196261682,0.046296296296296294,0.046511627906976744,0.028380634390651086
HAT2031_CH4,HAT2031,CH4,24.06069,positive_shift,rolling_seasonal_mad,5.0,20260815,3702,4,80,104,3514,0.047619047619047616,0.037037037037037035,0.041666666666666664,0.022259321090706732
HAT2031_CH4,HAT2031,CH4,24.06069,positive_shift,hampel_7day,3.0,20260815,3702,32,285,76,3309,0.10094637223974763,0.2962962962962963,0.15058823529411763,0.07929883138564274
HAT2031_CH4,HAT2031,CH4,24.06069,positive_shift,hampel_7day,4.0,20260815,3702,19,182,89,3412,0.0945273631840796,0.17592592592592593,0.12297734627831715,0.05063995548135782
HAT2031_CH4,HAT2031,CH4,24.06069,positive_shift,hampel_7day,5.0,20260815,3702,14,117,94,3477,0.10687022900763359,0.12962962962962962,0.11715481171548117,0.0325542570951586
HAT2031_CH4,HAT2031,CH4,24.06069,positive_shift,iqr_hour,3.0,20260815,3702,0,8,108,3586,0.0,0.0,0.0,0.0022259321090706734
HAT2031_CH4,HAT2031,CH4,24.06069,positive_shift,iqr_hour,4.0,20260815,3702,0,4,108,3590,0.0,0.0,0.0,0.0011129660545353367
HAT2031_CH4,HAT2031,CH4,24.06069,positive_shift,iqr_hour,5.0,20260815,3702,0,0,108,3594,0.0,0.0,0.0,0.0
HAT2031_CH4,HAT2031,CH4,24.06069,negative_shift,seasonal_mad,3.0,20260815,3702,0,9,108,3585,0.0,0.0,0.0,0.0025041736227045075
HAT2031_CH4,HAT2031,CH4,24.06069,negative_shift,seasonal_mad,4.0,20260815,3702,0,4,108,3590,0.0,0.0,0.0,0.0011129660545353367
HAT2031_CH4,HAT2031,CH4,24.06069,negative_shift,seasonal_mad,5.0,20260815,3702,0,0,108,3594,0.0,0.0,0.0,0.0
HAT2031_CH4,HAT2031,CH4,24.06069,negative_shift,rolling_seasonal_mad,3.0,20260815,3702,10,207,98,3387,0.04608294930875576,0.09259259259259259,0.06153846153846154,0.05759599332220367
HAT2031_CH4,HAT2031,CH4,24.06069,negative_shift,rolling_seasonal_mad,4.0,20260815,3702,0,109,108,3485,0.0,0.0,0.0,0.030328324986087923
HAT2031_CH4,HAT2031,CH4,24.06069,negative_shift,rolling_seasonal_mad,5.0,20260815,3702,0,93,108,3501,0.0,0.0,0.0,0.02587646076794658
HAT2031_CH4,HAT2031,CH4,24.06069,negative_shift,hampel_7day,3.0,20260815,3702,14,308,94,3286,0.043478260869565216,0.12962962962962962,0.06511627906976744,0.08569838619922092
HAT2031_CH4,HAT2031,CH4,24.06069,negative_shift,hampel_7day,4.0,20260815,3702,0,192,108,3402,0.0,0.0,0.0,0.05342237061769616
HAT2031_CH4,HAT2031,CH4,24.06069,negative_shift,hampel_7day,5.0,20260815,3702,0,148,108,3446,0.0,0.0,0.0,0.041179744017807454
HAT2031_CH4,HAT2031,CH4,24.06069,negative_shift,iqr_hour,3.0,20260815,3702,0,7,108,3587,0.0,0.0,0.0,0.0019476905954368391
HAT2031_CH4,HAT2031,CH4,24.06069,negative_shift,iqr_hour,4.0,20260815,3702,0,4,108,3590,0.0,0.0,0.0,0.0011129660545353367
HAT2031_CH4,HAT2031,CH4,24.06069,negative_shift,iqr_hour,5.0,20260815,3702,0,0,108,3594,0.0,0.0,0.0,0.0
HAT2031_CH4,HAT2031,CH4,24.06069,season_dependent_positive,seasonal_mad,3.0,20260815,3702,0,8,37,3657,0.0,0.0,0.0,0.00218281036834925
HAT2031_CH4,HAT2031,CH4,24.06069,season_dependent_positive,seasonal_mad,4.0,20260815,3702,0,3,37,3662,0.0,0.0,0.0,0.0008185538881309686
HAT2031_CH4,HAT2031,CH4,24.06069,season_dependent_positive,seasonal_mad,5.0,20260815,3702,0,0,37,3665,0.0,0.0,0.0,0.0
HAT2031_CH4,HAT2031,CH4,24.06069,season_dependent_positive,rolling_seasonal_mad,3.0,20260815,3702,3,189,34,3476,0.015625,0.08108108108108109,0.026200873362445413,0.051568894952251025
HAT2031_CH4,HAT2031,CH4,24.06069,season_dependent_positive,rolling_seasonal_mad,4.0,20260815,3702,2,108,35,3557,0.01818181818181818,0.05405405405405406,0.027210884353741492,0.02946793997271487
HAT2031_CH4,HAT2031,CH4,24.06069,season_dependent_positive,rolling_seasonal_mad,5.0,20260815,3702,0,89,37,3576,0.0,0.0,0.0,0.024283765347885403
HAT2031_CH4,HAT2031,CH4,24.06069,season_dependent_positive,hampel_7day,3.0,20260815,3702,3,309,34,3356,0.009615384615384616,0.08108108108108109,0.017191977077363897,0.08431105047748977
HAT2031_CH4,HAT2031,CH4,24.06069,season_dependent_positive,hampel_7day,4.0,20260815,3702,0,196,37,3469,0.0,0.0,0.0,0.05347885402455662
HAT2031_CH4,HAT2031,CH4,24.06069,season_dependent_positive,hampel_7day,5.0,20260815,3702,0,151,37,3514,0.0,0.0,0.0,0.04120054570259209
HAT2031_CH4,HAT2031,CH4,24.06069,season_dependent_positive,iqr_hour,3.0,20260815,3702,0,7,37,3658,0.0,0.0,0.0,0.0019099590723055935
HAT2031_CH4,HAT2031,CH4,24.06069,season_dependent_positive,iqr_hour,4.0,20260815,3702,0,3,37,3662,0.0,0.0,0.0,0.0008185538881309686
HAT2031_CH4,HAT2031,CH4,24.06069,season_dependent_positive,iqr_hour,5.0,20260815,3702,0,0,37,3665,0.0,0.0,0.0,0.0
HAT2031_CO2,HAT2031,CO2,24.06069,positive_spikes,seasonal_mad,3.0,20260815,355,4,39,16,296,0.09302325581395349,0.2,0.12698412698412698,0.11641791044776119
HAT2031_CO2,HAT2031,CO2,24.06069,positive_spikes,seasonal_mad,4.0,20260815,355,4,29,16,306,0.12121212121212122,0.2,0.15094339622641512,0.08656716417910448
HAT2031_CO2,HAT2031,CO2,24.06069,positive_spikes,seasonal_mad,5.0,20260815,355,2,24,18,311,0.07692307692307693,0.1,0.08695652173913043,0.07164179104477612
HAT2031_CO2,HAT2031,CO2,24.06069,positive_spikes,rolling_seasonal_mad,3.0,20260815,355,9,33,11,302,0.21428571428571427,0.45,0.29032258064516125,0.09850746268656717
HAT2031_CO2,HAT2031,CO2,24.06069,positive_spikes,rolling_seasonal_mad,4.0,20260815,355,4,19,16,316,0.17391304347826086,0.2,0.18604651162790697,0.056716417910447764
HAT2031_CO2,HAT2031,CO2,24.06069,positive_spikes,rolling_seasonal_mad,5.0,20260815,355,2,12,18,323,0.14285714285714285,0.1,0.11764705882352941,0.03582089552238806
HAT2031_CO2,HAT2031,CO2,24.06069,positive_spikes,hampel_7day,3.0,20260815,355,12,14,8,321,0.46153846153846156,0.6,0.5217391304347826,0.041791044776119404
HAT2031_CO2,HAT2031,CO2,24.06069,positive_spikes,hampel_7day,4.0,20260815,355,6,2,14,333,0.75,0.3,0.4285714285714285,0.005970149253731343
HAT2031_CO2,HAT2031,CO2,24.06069,positive_spikes,hampel_7day,5.0,20260815,355,2,0,18,335,1.0,0.1,0.18181818181818182,0.0
HAT2031_CO2,HAT2031,CO2,24.06069,positive_spikes,iqr_hour,3.0,20260815,355,2,31,18,304,0.06060606060606061,0.1,0.07547169811320756,0.09253731343283582
HAT2031_CO2,HAT2031,CO2,24.06069,positive_spikes,iqr_hour,4.0,20260815,355,1,24,19,311,0.04,0.05,0.044444444444444446,0.07164179104477612
HAT2031_CO2,HAT2031,CO2,24.06069,positive_spikes,iqr_hour,5.0,20260815,355,1,20,19,315,0.047619047619047616,0.05,0.04878048780487805,0.05970149253731343
HAT2031_CO2,HAT2031,CO2,24.06069,negative_spikes,seasonal_mad,3.0,20260815,355,11,42,9,293,0.20754716981132076,0.55,0.30136986301369867,0.1253731343283582
HAT2031_CO2,HAT2031,CO2,24.06069,negative_spikes,seasonal_mad,4.0,20260815,355,7,29,13,306,0.19444444444444445,0.35,0.25,0.08656716417910448
HAT2031_CO2,HAT2031,CO2,24.06069,negative_spikes,seasonal_mad,5.0,20260815,355,7,24,13,311,0.22580645161290322,0.35,0.2745098039215686,0.07164179104477612
HAT2031_CO2,HAT2031,CO2,24.06069,negative_spikes,rolling_seasonal_mad,3.0,20260815,355,15,43,5,292,0.25862068965517243,0.75,0.3846153846153847,0.12835820895522387
HAT2031_CO2,HAT2031,CO2,24.06069,negative_spikes,rolling_seasonal_mad,4.0,20260815,355,7,24,13,311,0.22580645161290322,0.35,0.2745098039215686,0.07164179104477612
HAT2031_CO2,HAT2031,CO2,24.06069,negative_spikes,rolling_seasonal_mad,5.0,20260815,355,2,10,18,325,0.16666666666666666,0.1,0.125,0.029850746268656716
HAT2031_CO2,HAT2031,CO2,24.06069,negative_spikes,hampel_7day,3.0,20260815,355,10,17,10,318,0.37037037037037035,0.5,0.425531914893617,0.050746268656716415
HAT2031_CO2,HAT2031,CO2,24.06069,negative_spikes,hampel_7day,4.0,20260815,355,6,3,14,332,0.6666666666666666,0.3,0.41379310344827586,0.008955223880597015
HAT2031_CO2,HAT2031,CO2,24.06069,negative_spikes,hampel_7day,5.0,20260815,355,2,0,18,335,1.0,0.1,0.18181818181818182,0.0
HAT2031_CO2,HAT2031,CO2,24.06069,negative_spikes,iqr_hour,3.0,20260815,355,11,39,9,296,0.22,0.55,0.3142857142857143,0.11641791044776119
HAT2031_CO2,HAT2031,CO2,24.06069,negative_spikes,iqr_hour,4.0,20260815,355,9,28,11,307,0.24324324324324326,0.45,0.3157894736842105,0.08358208955223881
HAT2031_CO2,HAT2031,CO2,24.06069,negative_spikes,iqr_hour,5.0,20260815,355,8,25,12,310,0.24242424242424243,0.4,0.30188679245283023,0.07462686567164178
HAT2031_CO2,HAT2031,CO2,24.06069,positive_shift,seasonal_mad,3.0,20260815,355,10,32,42,271,0.23809523809523808,0.19230769230769232,0.21276595744680848,0.10561056105610561
HAT2031_CO2,HAT2031,CO2,24.06069,positive_shift,seasonal_mad,4.0,20260815,355,7,24,45,279,0.22580645161290322,0.1346153846153846,0.1686746987951807,0.07920792079207921
HAT2031_CO2,HAT2031,CO2,24.06069,positive_shift,seasonal_mad,5.0,20260815,355,4,20,48,283,0.16666666666666666,0.07692307692307693,0.10526315789473684,0.066006600660066
HAT2031_CO2,HAT2031,CO2,24.06069,positive_shift,rolling_seasonal_mad,3.0,20260815,355,8,29,44,274,0.21621621621621623,0.15384615384615385,0.1797752808988764,0.09570957095709572
HAT2031_CO2,HAT2031,CO2,24.06069,positive_shift,rolling_seasonal_mad,4.0,20260815,355,1,15,51,288,0.0625,0.019230769230769232,0.029411764705882353,0.04950495049504951
HAT2031_CO2,HAT2031,CO2,24.06069,positive_shift,rolling_seasonal_mad,5.0,20260815,355,1,10,51,293,0.09090909090909091,0.019230769230769232,0.03174603174603175,0.033003300330033
HAT2031_CO2,HAT2031,CO2,24.06069,positive_shift,hampel_7day,3.0,20260815,355,12,14,40,289,0.46153846153846156,0.23076923076923078,0.30769230769230776,0.0462046204620462
HAT2031_CO2,HAT2031,CO2,24.06069,positive_shift,hampel_7day,4.0,20260815,355,5,4,47,299,0.5555555555555556,0.09615384615384616,0.1639344262295082,0.013201320132013201
HAT2031_CO2,HAT2031,CO2,24.06069,positive_shift,hampel_7day,5.0,20260815,355,1,0,51,303,1.0,0.019230769230769232,0.03773584905660378,0.0
HAT2031_CO2,HAT2031,CO2,24.06069,positive_shift,iqr_hour,3.0,20260815,355,3,22,49,281,0.12,0.057692307692307696,0.07792207792207792,0.07260726072607261
HAT2031_CO2,HAT2031,CO2,24.06069,positive_shift,iqr_hour,4.0,20260815,355,3,17,49,286,0.15,0.057692307692307696,0.08333333333333334,0.056105610561056105
HAT2031_CO2,HAT2031,CO2,24.06069,positive_shift,iqr_hour,5.0,20260815,355,3,15,49,288,0.16666666666666666,0.057692307692307696,0.08571428571428573,0.04950495049504951
HAT2031_CO2,HAT2031,CO2,24.06069,negative_shift,seasonal_mad,3.0,20260815,355,11,37,36,271,0.22916666666666666,0.23404255319148937,0.23157894736842108,0.12012987012987013
HAT2031_CO2,HAT2031,CO2,24.06069,negative_shift,seasonal_mad,4.0,20260815,355,4,31,43,277,0.11428571428571428,0.0851063829787234,0.09756097560975609,0.10064935064935066
HAT2031_CO2,HAT2031,CO2,24.06069,negative_shift,seasonal_mad,5.0,20260815,355,2,23,45,285,0.08,0.0425531914893617,0.05555555555555556,0.07467532467532467
HAT2031_CO2,HAT2031,CO2,24.06069,negative_shift,rolling_seasonal_mad,3.0,20260815,355,13,42,34,266,0.23636363636363636,0.2765957446808511,0.25490196078431376,0.13636363636363635
HAT2031_CO2,HAT2031,CO2,24.06069,negative_shift,rolling_seasonal_mad,4.0,20260815,355,1,25,46,283,0.038461538461538464,0.02127659574468085,0.0273972602739726,0.08116883116883117
HAT2031_CO2,HAT2031,CO2,24.06069,negative_shift,rolling_seasonal_mad,5.0,20260815,355,0,12,47,296,0.0,0.0,0.0,0.03896103896103896
HAT2031_CO2,HAT2031,CO2,24.06069,negative_shift,hampel_7day,3.0,20260815,355,7,11,40,297,0.3888888888888889,0.14893617021276595,0.21538461538461537,0.03571428571428571
HAT2031_CO2,HAT2031,CO2,24.06069,negative_shift,hampel_7day,4.0,20260815,355,5,1,42,307,0.8333333333333334,0.10638297872340426,0.18867924528301885,0.003246753246753247
HAT2031_CO2,HAT2031,CO2,24.06069,negative_shift,hampel_7day,5.0,20260815,355,2,0,45,308,1.0,0.0425531914893617,0.08163265306122448,0.0
HAT2031_CO2,HAT2031,CO2,24.06069,negative_shift,iqr_hour,3.0,20260815,355,14,41,33,267,0.2545454545454545,0.2978723404255319,0.2745098039215686,0.1331168831168831
HAT2031_CO2,HAT2031,CO2,24.06069,negative_shift,iqr_hour,4.0,20260815,355,7,31,40,277,0.18421052631578946,0.14893617021276595,0.16470588235294117,0.10064935064935066
HAT2031_CO2,HAT2031,CO2,24.06069,negative_shift,iqr_hour,5.0,20260815,355,7,28,40,280,0.2,0.14893617021276595,0.17073170731707318,0.09090909090909091
HAT2031_CO2,HAT2031,CO2,24.06069,season_dependent_positive,seasonal_mad,3.0,20260815,355,0,47,0,308,0.0,0.0,0.0,0.1323943661971831
HAT2031_CO2,HAT2031,CO2,24.06069,season_dependent_positive,seasonal_mad,4.0,20260815,355,0,35,0,320,0.0,0.0,0.0,0.09859154929577464
HAT2031_CO2,HAT2031,CO2,24.06069,season_dependent_positive,seasonal_mad,5.0,20260815,355,0,29,0,326,0.0,0.0,0.0,0.08169014084507042
HAT2031_CO2,HAT2031,CO2,24.06069,season_dependent_positive,rolling_seasonal_mad,3.0,20260815,355,0,53,0,302,0.0,0.0,0.0,0.14929577464788732
HAT2031_CO2,HAT2031,CO2,24.06069,season_dependent_positive,rolling_seasonal_mad,4.0,20260815,355,0,32,0,323,0.0,0.0,0.0,0.09014084507042254
HAT2031_CO2,HAT2031,CO2,24.06069,season_dependent_positive,rolling_seasonal_mad,5.0,20260815,355,0,20,0,335,0.0,0.0,0.0,0.056338028169014086
HAT2031_CO2,HAT2031,CO2,24.06069,season_dependent_positive,hampel_7day,3.0,20260815,355,0,29,0,326,0.0,0.0,0.0,0.08169014084507042
HAT2031_CO2,HAT2031,CO2,24.06069,season_dependent_positive,hampel_7day,4.0,20260815,355,0,4,0,351,0.0,0.0,0.0,0.011267605633802818
HAT2031_CO2,HAT2031,CO2,24.06069,season_dependent_positive,hampel_7day,5.0,20260815,355,0,1,0,354,0.0,0.0,0.0,0.0028169014084507044
HAT2031_CO2,HAT2031,CO2,24.06069,season_dependent_positive,iqr_hour,3.0,20260815,355,0,39,0,316,0.0,0.0,0.0,0.10985915492957747
HAT2031_CO2,HAT2031,CO2,24.06069,season_dependent_positive,iqr_hour,4.0,20260815,355,0,31,0,324,0.0,0.0,0.0,0.08732394366197183
HAT2031_CO2,HAT2031,CO2,24.06069,season_dependent_positive,iqr_hour,5.0,20260815,355,0,26,0,329,0.0,0.0,0.0,0.07323943661971831
