gas,wdcgg_id,record_id,accessible,event,hourly,daily,monthly,metadata_link,station_name,station_code,country,wigos_id,contributor,latitude,longitude,elevation,wmo_region,wmo_category,station_type,station_status,metadata_contributor,gas_species,screening_status,screening_reason,screening_rule_version,final_cohort_status,final_cohort_reason,candidate_id,selection_reason_v2
CO2,CBY4165,0020-4165-1001-01-01-9999,True,False,True,True,False,False,Cambridge Bay,4165,CANADA,0-20008-0-CBY,ECCC,69.1284,-105.0577,25,REGION IV (North and Central America),GAW Regional,fixed station,Operational,ECCC,co2 ch4,EXCLUDED,OUTSIDE_PREDECLARED_GEOGRAPHIC_GAP_RULE,global_cohort_v1_gap_rule_20260814,NOT_ACQUIRED,OUTSIDE_PREDECLARED_GEOGRAPHIC_GAP_RULE,co2_cby4165,Targeted paired-gas Arctic Canadian record; tests high-northern-latitude and North American redundancy
CO2,INU4176,0020-4176-1001-01-01-9999,True,False,True,True,False,False,Inuvik,4176,CANADA,0-20008-0-INU,ECCC,68.317817,-133.534232,107,REGION IV (North and Central America),GAW Regional,fixed station,Operational,ECCC,co2 ch4,EXCLUDED,OUTSIDE_PREDECLARED_GEOGRAPHIC_GAP_RULE,global_cohort_v1_gap_rule_20260814,NOT_ACQUIRED,OUTSIDE_PREDECLARED_GEOGRAPHIC_GAP_RULE,co2_inu4176,Targeted paired-gas Arctic Canadian record; tests high-northern-latitude and North American redundancy
CO2,RYO2012,0001-2012-1001-01-01-9999,True,False,True,True,False,True,Ryori,2012,JAPAN,0-20008-0-RYO,JMA,39.0319,141.8222,260,REGION II (Asia),GAW Regional,fixed station,Operational,JMA AIST MRI,co2 ch4 n2o ccl4 ch3ccl3 cfc113 cfc12 cfc11 co 222rn o2n2,EXCLUDED,OUTSIDE_PREDECLARED_GEOGRAPHIC_GAP_RULE,global_cohort_v1_gap_rule_20260814,NOT_ACQUIRED,OUTSIDE_PREDECLARED_GEOGRAPHIC_GAP_RULE,co2_ryo2012,Targeted long-running paired Asian record outside the single v1 Asian site
CO2,YON2028,0001-2028-1001-01-01-9999,True,False,True,True,False,True,Yonagunijima,2028,JAPAN,0-20008-0-YON,JMA,24.4667,123.0106,30,REGION II (Asia),GAW Regional,fixed station,Operational,JMA MRI,co2 ch4 co 222rn,EXCLUDED,OUTSIDE_PREDECLARED_GEOGRAPHIC_GAP_RULE,global_cohort_v1_gap_rule_20260814,NOT_ACQUIRED,OUTSIDE_PREDECLARED_GEOGRAPHIC_GAP_RULE,co2_yon2028,Targeted long-running paired Asian record outside the single v1 Asian site
CO2,HAT2031,0053-2031-1001-01-01-9999,True,False,True,True,False,False,Hateruma Island,2031,JAPAN,0-20008-0-HAT,NIES,24.06069,123.80939,10,REGION II (Asia),GAW Other elements,fixed station,Operational,NIES,co2 ch4 n2o sf6 cfc11 hcfc141b hcfc142b hcfc22 hfc23 hfc152a hfc134a hfc32,EXCLUDED,OUTSIDE_PREDECLARED_GEOGRAPHIC_GAP_RULE,global_cohort_v1_gap_rule_20260814,NOT_ACQUIRED,OUTSIDE_PREDECLARED_GEOGRAPHIC_GAP_RULE,co2_hat2031,Targeted paired Asian geographic/context sensitivity product
CO2,PDI2035,0051-2035-1001-01-01-9999,True,False,True,True,False,False,Pha Din,2035,VIET NAM,0-20008-0-PDI,VNMHA,21.5731,103.5157,1466,REGION II (Asia),GAW Regional,fixed station,Operational,VNMHA,co2 ch4 co,EXCLUDED,OUTSIDE_PREDECLARED_GEOGRAPHIC_GAP_RULE,global_cohort_v1_gap_rule_20260814,NOT_ACQUIRED,OUTSIDE_PREDECLARED_GEOGRAPHIC_GAP_RULE,co2_pdi2035,Targeted paired Asian geographic/context sensitivity product
CO2,MGK5058,0057-5058-1001-01-01-9999,True,False,True,False,False,False,Maunga Kākaramea,5058,NEW ZEALAND,0-554-0-MGK,ESNZ,-38.3194,176.3883,743,REGION V (South-West Pacific),GAW Regional,fixed station,Operational,ESNZ,co2,EXCLUDED,OUTSIDE_PREDECLARED_GEOGRAPHIC_GAP_RULE,global_cohort_v1_gap_rule_20260814,NOT_ACQUIRED,OUTSIDE_PREDECLARED_GEOGRAPHIC_GAP_RULE,co2_mgk5058,Targeted Southern Hemisphere Pacific CO2 record extending southern-latitude coverage
CO2,MQA5015,0016-5015-1001-01-01-9999,True,False,True,False,False,False,Macquarie Island,5015,AUSTRALIA,0-20008-0-MQA,CSIRO,-54.498500824,158.9385070801,6,REGION V (South-West Pacific),GAW Regional,fixed station,Operational,CSIRO GNS,co2 ch4 n2o 13co2 co h2 14co2,EXCLUDED,OUTSIDE_PREDECLARED_GEOGRAPHIC_GAP_RULE,global_cohort_v1_gap_rule_20260814,NOT_ACQUIRED,OUTSIDE_PREDECLARED_GEOGRAPHIC_GAP_RULE,co2_mqa5015,Targeted Southern Hemisphere Pacific CO2 record extending southern-latitude coverage
CH4,CBY4165,0020-4165-1002-01-01-9999,True,False,True,True,False,False,Cambridge Bay,4165,CANADA,0-20008-0-CBY,ECCC,69.1284,-105.0577,25,REGION IV (North and Central America),GAW Regional,fixed station,Operational,ECCC,co2 ch4,EXCLUDED,OUTSIDE_PREDECLARED_GEOGRAPHIC_GAP_RULE,global_cohort_v1_gap_rule_20260814,NOT_ACQUIRED,OUTSIDE_PREDECLARED_GEOGRAPHIC_GAP_RULE,ch4_cby4165,Targeted paired-gas Arctic Canadian record; tests high-northern-latitude and North American redundancy
CH4,INU4176,0020-4176-1002-01-01-9999,True,False,True,True,False,False,Inuvik,4176,CANADA,0-20008-0-INU,ECCC,68.317817,-133.534232,107,REGION IV (North and Central America),GAW Regional,fixed station,Operational,ECCC,co2 ch4,EXCLUDED,OUTSIDE_PREDECLARED_GEOGRAPHIC_GAP_RULE,global_cohort_v1_gap_rule_20260814,NOT_ACQUIRED,OUTSIDE_PREDECLARED_GEOGRAPHIC_GAP_RULE,ch4_inu4176,Targeted paired-gas Arctic Canadian record; tests high-northern-latitude and North American redundancy
CH4,RYO2012,0001-2012-1002-01-01-9999,True,False,True,True,False,True,Ryori,2012,JAPAN,0-20008-0-RYO,JMA,39.0319,141.8222,260,REGION II (Asia),GAW Regional,fixed station,Operational,JMA AIST MRI,co2 ch4 n2o ccl4 ch3ccl3 cfc113 cfc12 cfc11 co 222rn o2n2,EXCLUDED,OUTSIDE_PREDECLARED_GEOGRAPHIC_GAP_RULE,global_cohort_v1_gap_rule_20260814,NOT_ACQUIRED,OUTSIDE_PREDECLARED_GEOGRAPHIC_GAP_RULE,ch4_ryo2012,Targeted long-running paired Asian record outside the single v1 Asian site
CH4,YON2028,0001-2028-1002-01-01-9999,True,False,True,True,False,True,Yonagunijima,2028,JAPAN,0-20008-0-YON,JMA,24.4667,123.0106,30,REGION II (Asia),GAW Regional,fixed station,Operational,JMA MRI,co2 ch4 co 222rn,EXCLUDED,OUTSIDE_PREDECLARED_GEOGRAPHIC_GAP_RULE,global_cohort_v1_gap_rule_20260814,NOT_ACQUIRED,OUTSIDE_PREDECLARED_GEOGRAPHIC_GAP_RULE,ch4_yon2028,Targeted long-running paired Asian record outside the single v1 Asian site
CH4,HAT2031,0053-2031-1002-01-01-9999,True,False,True,True,False,False,Hateruma Island,2031,JAPAN,0-20008-0-HAT,NIES,24.06069,123.80939,10,REGION II (Asia),GAW Other elements,fixed station,Operational,NIES,co2 ch4 n2o sf6 cfc11 hcfc141b hcfc142b hcfc22 hfc23 hfc152a hfc134a hfc32,EXCLUDED,OUTSIDE_PREDECLARED_GEOGRAPHIC_GAP_RULE,global_cohort_v1_gap_rule_20260814,NOT_ACQUIRED,OUTSIDE_PREDECLARED_GEOGRAPHIC_GAP_RULE,ch4_hat2031,Targeted paired Asian geographic/context sensitivity product
CH4,PDI2035,0051-2035-1002-01-01-9999,True,False,True,True,False,False,Pha Din,2035,VIET NAM,0-20008-0-PDI,VNMHA,21.5731,103.5157,1466,REGION II (Asia),GAW Regional,fixed station,Operational,VNMHA,co2 ch4 co,EXCLUDED,OUTSIDE_PREDECLARED_GEOGRAPHIC_GAP_RULE,global_cohort_v1_gap_rule_20260814,NOT_ACQUIRED,OUTSIDE_PREDECLARED_GEOGRAPHIC_GAP_RULE,ch4_pdi2035,Targeted paired Asian geographic/context sensitivity product
