within_month_threshold,station_qualified_month_fraction,retained_datasets,physical_stations,co2_datasets,ch4_datasets,paired_stations,regions,latitude_min,latitude_max,provider_valid_observations,median_provider_valid_fraction,median_trend,trend_shift_vs_all_candidates,median_seasonal_amplitude,amplitude_shift_vs_all_candidates,south_america_retained
0.7,0.6,30,17,16,14,13,7,-89.9969482422,71.3230133057,6186973,1.0,2.5545687945998905,0.060395103741552436,15.37465546693258,-0.5081112094431717,True
0.7,0.7,26,14,14,12,12,6,-89.9969482422,71.3230133057,5899223,1.0,2.5545687945998905,0.060395103741552436,15.37465546693258,-0.5081112094431717,False
0.7,0.75,26,14,14,12,12,6,-89.9969482422,71.3230133057,5899223,1.0,2.5545687945998905,0.060395103741552436,15.37465546693258,-0.5081112094431717,False
0.7,0.8,25,13,13,12,12,6,-89.9969482422,71.3230133057,5547178,1.0,2.6149638983414434,0.12079020748310532,15.889842248387538,0.00707557201178588,False
0.7,0.9,20,11,10,10,9,6,-89.9969482422,71.3230133057,4775396,1.0,6.567742523091728,4.07356883223339,16.17246220755021,0.2896955311744591,False
0.75,0.6,29,16,16,13,13,7,-89.9969482422,71.3230133057,6120511,1.0,2.494173690858338,0.0,14.859468685477623,-1.0232979908981292,True
0.75,0.7,26,14,14,12,12,6,-89.9969482422,71.3230133057,5899223,1.0,2.5545687945998905,0.060395103741552436,15.37465546693258,-0.5081112094431717,False
0.75,0.75,26,14,14,12,12,6,-89.9969482422,71.3230133057,5899223,1.0,2.5545687945998905,0.060395103741552436,15.37465546693258,-0.5081112094431717,False
0.75,0.8,25,13,13,12,12,6,-89.9969482422,71.3230133057,5547178,1.0,2.6149638983414434,0.12079020748310532,15.889842248387538,0.00707557201178588,False
0.75,0.9,18,10,9,9,8,5,-89.9969482422,71.3230133057,4602170,1.0,6.567742523091728,4.07356883223339,16.17246220755021,0.2896955311744591,False
0.8,0.6,28,15,15,13,13,7,-89.9969482422,71.3230133057,6058696,1.0,2.5545687945998905,0.060395103741552436,15.37465546693258,-0.5081112094431717,True
0.8,0.7,25,13,13,12,12,6,-89.9969482422,71.3230133057,5547178,1.0,2.6149638983414434,0.12079020748310532,15.889842248387538,0.00707557201178588,False
0.8,0.75,25,13,13,12,12,6,-89.9969482422,71.3230133057,5547178,1.0,2.6149638983414434,0.12079020748310532,15.889842248387538,0.00707557201178588,False
0.8,0.8,23,12,12,11,11,6,-89.9969482422,71.3230133057,5198385,1.0,2.6149638983414434,0.12079020748310532,15.889842248387538,0.00707557201178588,False
0.8,0.9,16,9,8,8,7,5,-89.9969482422,71.3230133057,4045745,1.0,6.567742523091728,4.07356883223339,16.17246220755021,0.2896955311744591,False
0.9,0.6,25,13,13,12,12,6,-89.9969482422,71.3230133057,5547178,1.0,2.6149638983414434,0.12079020748310532,15.889842248387538,0.00707557201178588,False
0.9,0.7,22,12,12,10,10,6,-89.9969482422,71.3230133057,4988577,1.0,2.5545687945998905,0.060395103741552436,15.37465546693258,-0.5081112094431717,False
0.9,0.75,19,11,11,8,8,6,-89.9969482422,71.3230133057,4525162,1.0,2.4850643189964905,-0.00910937186184757,12.021953064919671,-3.8608136114560807,False
0.9,0.8,14,9,8,6,5,5,-89.9969482422,71.3230133057,3620730,1.0,2.481135786227984,-0.013037904630353925,13.440710875198647,-2.442055801177105,False
0.9,0.9,5,4,2,3,1,4,-89.9969482422,71.3230133057,1206121,1.0,11.103976685105987,8.60980299424765,19.06258673299226,3.1798200566165065,False
