station_code,station,common_start,common_end,common_months,normalization,normalized_correlation,co2_amplitude_ppm,ch4_amplitude_ppb,co2_peak_month,ch4_peak_month,co2_trend_ppm_yr,ch4_trend_ppb_yr,trend_direction_agreement,co2_provider_valid_fraction,ch4_provider_valid_fraction
BRW4003,Barrow (AK),2015-01-01,2024-12-01,118,within-station gas-specific z=(monthly mean-common-period mean)/common-period SD,0.6916494431275128,18.335436108391832,39.93751204547448,4,9,2.4996730483143588,11.786192002789544,True,1.0,1.0
CMN6042,Monte Cimone,2015-02-01,2024-12-01,110,within-station gas-specific z=(monthly mean-common-period mean)/common-period SD,0.8428421450941418,10.92082028485953,22.660409236952546,1,8,2.444311915764862,10.816289622860413,True,1.0,1.0
HAT2031,Hateruma Island,2015-01-01,2024-12-01,118,within-station gas-specific z=(monthly mean-common-period mean)/common-period SD,0.7834869680062516,8.258911857690805,103.40352945056975,12,12,2.480846030008015,11.103976685105987,True,1.0,1.0
INU4176,Inuvik,2015-01-01,2024-02-01,96,within-station gas-specific z=(monthly mean-common-period mean)/common-period SD,0.751583534473084,16.942998522852008,37.92884304758263,2,2,2.5616152375200536,12.513774568161512,True,1.0,1.0
JFJ6036,Jungfraujoch,2015-01-01,2024-12-01,111,within-station gas-specific z=(monthly mean-common-period mean)/common-period SD,0.9188389239132665,9.490645514913808,23.750993653868363,4,4,2.414441889656895,11.020037705593422,True,1.0,1.0
MLO5002,Mauna Loa (HI),2015-01-01,2024-12-01,112,within-station gas-specific z=(monthly mean-common-period mean)/common-period SD,0.8810381968059033,5.167176522098828,40.80332663389095,5,11,2.4472217606399935,10.606305489133788,True,1.0,1.0
MNM2029,Minamitorishima,2015-01-01,2024-12-01,118,within-station gas-specific z=(monthly mean-common-period mean)/common-period SD,0.8323717014084858,7.35309915412472,65.59216452671626,5,1,2.455938582051523,10.64440967876512,True,0.999437106802546,0.9997470098510473
RUN1042,La Réunion,2015-01-01,2024-12-01,107,within-station gas-specific z=(monthly mean-common-period mean)/common-period SD,0.9514589534086788,5.428421843675892,29.852460720447425,11,11,2.485515806681846,11.248952050380154,True,1.0,1.0
RYO2012,Ryori,2015-02-01,2024-12-01,117,within-station gas-specific z=(monthly mean-common-period mean)/common-period SD,0.9090274903919827,10.687555164842365,51.115155834732604,4,12,2.4848897671947525,11.041848193733731,True,0.9966616685998811,0.9596712328767124
SNB6032,SONNBLICK Observatory,2015-01-01,2024-12-01,114,within-station gas-specific z=(monthly mean-common-period mean)/common-period SD,0.889645135956973,10.415312500722223,17.8188042852737,3,4,2.4204093819369517,11.182125910979583,True,1.0,1.0
YON2028,Yonagunijima,2015-01-01,2024-03-01,105,within-station gas-specific z=(monthly mean-common-period mean)/common-period SD,0.7782404061039341,9.491650058429457,106.78105586083916,1,1,2.5085964914756143,11.970566216013472,True,0.999793100346332,0.9997617436552336
ZSF6031,Zugspitze-Schneefernerhaus,2015-02-01,2024-03-01,99,within-station gas-specific z=(monthly mean-common-period mean)/common-period SD,0.8492356574074492,13.788720374880711,22.902121221296966,3,4,2.461848020805294,11.219816811332578,True,1.0,1.0
