scope,dataset_key,station,gas,latitude,method,reconstructed_values,mean_absolute_monthly_change,max_absolute_monthly_change,max_absolute_annual_change,trend_change_per_year,seasonal_amplitude_change,primary_policy
STATION_GAS,RUN1042_CH4,RUN1042,CH4,-21.0796,linear,17,0.0010981163261059616,0.0246547947901945,0.002579895973440216,0.0,-0.0022825194207598543,observed provider-QC-qualified; reconstructed values separately labelled
STATION_GAS,TLL3005_CH4,TLL3005,CH4,-30.16833,linear,402,0.017326922667919308,0.44485902255655674,0.029427054950019738,-0.008290263878896198,0.00200342950824961,observed provider-QC-qualified; reconstructed values separately labelled
STATION_GAS,BRW4003_CH4,BRW4003,CH4,71.3230133057,linear,74,0.022184785753364623,0.5002041554434982,0.05691565469805937,-0.0021464413441769636,0.01365700629503408,observed provider-QC-qualified; reconstructed values separately labelled
STATION_GAS,JFJ6036_CH4,JFJ6036,CH4,46.5474891663,linear,1081,0.0447228068787202,0.2766892698414267,0.07209655471729093,-0.003400926360788148,0.02727776787332914,observed provider-QC-qualified; reconstructed values separately labelled
STATION_GAS,RUN1042_CO2,RUN1042,CO2,-21.0796,linear,17,0.0005120349112023822,0.0069188033662612725,0.001233130565196916,-0.00015590039018498203,0.00023422002539064124,observed provider-QC-qualified; reconstructed values separately labelled
STATION_GAS,TLL3005_CO2,TLL3005,CO2,-30.16833,linear,403,0.0014443376146669954,0.017017543859651596,0.0019538348673791006,-0.0002772325276394483,0.0002635558244605818,observed provider-QC-qualified; reconstructed values separately labelled
STATION_GAS,BRW4003_CO2,BRW4003,CO2,71.3230133057,linear,751,0.002263903442617732,0.025241986670891947,0.00848829588414901,0.0003683627973285475,0.0007076092340980722,observed provider-QC-qualified; reconstructed values separately labelled
STATION_GAS,JFJ6036_CO2,JFJ6036,CO2,46.5474891663,linear,1081,0.005251126499264558,0.035603762766697855,0.0196593947105157,0.0006495944578426283,0.0017348889876416251,observed provider-QC-qualified; reconstructed values separately labelled
STATION_GAS,HAT2031_CH4,HAT2031,CH4,24.06069,linear,37,0.007932810727675132,0.15402017076189622,0.032288023538967536,0.004660706143436499,0.0025150528331323585,observed provider-QC-qualified; reconstructed values separately labelled
STATION_GAS,HAT2031_CO2,HAT2031,CO2,24.06069,linear,5422,0.05530259624633279,0.24007609633645188,0.026726013097345458,0.0034669754551339693,0.030962688463773702,observed provider-QC-qualified; reconstructed values separately labelled
LATITUDE_SENSITIVITY,ALL,,CH4,,linear,1611,,,,0.19999999999999998,,"value is Spearman rho(latitude, trend change); representative sample only"
LATITUDE_SENSITIVITY,ALL,,CO2,,linear,7674,,,,0.6,,"value is Spearman rho(latitude, trend change); representative sample only"
