gas,region,n_stations,station_context_only,common_mean_median,common_mean_min,common_mean_max,seasonal_amplitude_median,trend_median,median_qualified_month_fraction,provider_valid_fraction_median,unit,analysis_cohort,claim_scope
CH4,REGION I (Africa),1,True,1838.5776908256507,1838.5776908256507,1838.5776908256507,29.852460720447425,11.248952050380154,0.8916666666666667,1.0,ppb,Core 75/75,Core station context
CH4,REGION II (Asia),4,False,1936.1908210417673,1913.735734668547,1965.0964370549245,84.497846988643,11.07291243941986,0.9791666666666665,0.9997543767531405,ppb,Core 75/75,distribution across Core selected stations
CH4,REGION IV (North and Central America),2,True,1981.7025684420553,1981.1236736877677,1982.2814631963429,38.933177546528555,12.149983285475528,0.9083333333333332,1.0,ppb,Core 75/75,Core station context
CH4,REGION V (South-West Pacific),1,True,1893.7774908500403,1893.7774908500403,1893.7774908500403,40.80332663389095,10.606305489133788,0.9333333333333332,1.0,ppb,Core 75/75,Core station context
CH4,REGION VI (Europe),4,False,1951.3914274259516,1942.6025241062641,1957.930796266494,22.781265229124756,11.101081808286501,0.9208333333333334,1.0,ppb,Core 75/75,distribution across Core selected stations
CO2,ANTARCTICA,1,True,408.7630146780303,408.7630146780303,408.7630146780303,3.2050206127038336,2.409381955464771,0.9833333333333332,1.0,ppm,Core 75/75,Core station context
CO2,REGION I (Africa),1,True,409.67776953746943,409.67776953746943,409.67776953746943,5.428421843675892,2.485515806681846,0.8916666666666667,1.0,ppm,Core 75/75,Core station context
CO2,REGION II (Asia),4,False,415.9261745561004,413.5767719193607,417.7468625595824,8.87528095806013,2.4828678986013837,0.9875,0.999615103574439,ppm,Core 75/75,distribution across Core selected stations
CO2,REGION IV (North and Central America),2,True,414.230932231775,414.19127133214926,414.27059313140074,17.63921731562192,2.530644142917206,0.9083333333333334,1.0,ppm,Core 75/75,Core station context
CO2,REGION V (South-West Pacific),2,True,410.7043945462839,409.3876405855629,412.02114850700485,4.115045231233552,2.407731162940377,0.8416666666666666,1.0,ppm,Core 75/75,Core station context
CO2,REGION VI (Europe),4,False,412.7303696503925,412.6368185275057,412.74958037153164,10.668066392790877,2.432360648850907,0.9208333333333334,1.0,ppm,Core 75/75,distribution across Core selected stations
