dataset_key,station,gas,n_months,amplitude,maximum_month,minimum_month,phase_definition,interannual_amplitude_sd,unit,month_01_mean,month_02_mean,month_03_mean,month_04_mean,month_05_mean,month_06_mean,month_07_mean,month_08_mean,month_09_mean,month_10_mean,month_11_mean,month_12_mean
RUN1042_CH4,La Réunion,CH4,107,29.852460720447425,11,1,calendar month of monthly-climatology maximum,5.442983363876042,ppb,1822.0924023515627,1824.8657697156552,1828.2405370082727,1828.3992308801455,1835.704190729816,1840.2195060268336,1846.80917660065,1850.372868345412,1846.3122134324574,1849.6063057868826,1851.94486307201,1831.6073154502258
MNM2029_CH4,Minamitorishima,CH4,118,65.59216452671626,1,8,calendar month of monthly-climatology maximum,6.397412783942667,ppb,1941.1436037183166,1938.7504441558594,1935.4261332320507,1925.8889660659438,1911.566594011462,1887.8723149087848,1876.036917737621,1875.5514391916004,1896.9840774839463,1916.6506777524198,1927.2209677825583,1939.0221436855165
TLL3005_CH4,El Tololo,CH4,76,41.82709790194781,9,1,calendar month of monthly-climatology maximum,6.610749837171877,ppb,1817.5894769119368,1819.9833953259729,1828.7117684487007,1841.64311383284,1844.8781948479377,1842.8425852003832,1845.0072868798948,1845.388272397791,1859.4165748138846,1847.2573407168352,1841.6783221894598,1840.8408179974922
BRW4003_CH4,Barrow (AK),CH4,118,39.93751204547448,9,5,calendar month of monthly-climatology maximum,18.200210159051085,ppb,1985.870933780737,1988.8875086788223,1985.8852482791735,1974.8555339070012,1959.9429355579796,1961.024403899194,1969.5537730410379,1969.8301523954917,1999.880447603454,1997.7523345140119,1996.863414927681,1995.9360216669338
MLO5002_CH4,Mauna Loa (HI),CH4,112,40.80332663389095,11,8,calendar month of monthly-climatology maximum,2.9441729585919205,ppb,1895.8071094086565,1897.7845936204208,1894.2041635804117,1896.2516983967569,1892.1920418269178,1882.5177191164241,1877.3149158556546,1876.497094008372,1890.1713533738725,1907.0797751819464,1917.300420642263,1901.5738038050288
CMN6042_CH4,Monte Cimone,CH4,110,22.660409236952546,8,6,calendar month of monthly-climatology maximum,6.582707558746935,ppb,1960.7874788256868,1953.1059772167748,1960.22844008851,1964.3957813292648,1955.1867119950136,1944.4205828751747,1953.2996913941897,1967.0809921121272,1965.122787912584,1955.4305088308568,1958.276808125709,1958.2613455710143
JFJ6036_CH4,Jungfraujoch,CH4,111,23.750993653868363,4,7,calendar month of monthly-climatology maximum,4.801597274142714,ppb,1941.9356175636776,1940.5170615869968,1946.7428961192957,1951.7016715185252,1940.0945713803305,1935.870784001674,1927.9506778646569,1934.4038939660354,1948.0699555783258,1945.5116647981185,1949.3206544123218,1950.4170394721978
SNB6032_CH4,SONNBLICK Observatory,CH4,114,17.8188042852737,4,7,calendar month of monthly-climatology maximum,5.263770056325738,ppb,1948.4351637030566,1951.8756885667099,1957.330926203842,1959.5255053738779,1957.002293397794,1946.6723427126703,1941.7067010886042,1950.251798450293,1954.7354857906062,1949.7278729243747,1958.775285845651,1954.329632699001
ZSF6031_CH4,Zugspitze-Schneefernerhaus,CH4,99,22.902121221296966,4,9,calendar month of monthly-climatology maximum,3.255399539535125,ppb,1949.5866637794022,1948.463461050241,1956.6924301362214,1962.464284287843,1952.7045660057277,1945.7118986788098,1942.4218262095437,1947.0783470783565,1939.562163066546,1946.3888212249158,1953.6476594604148,1947.365647068712
SPO7011_CO2,South Pole,CO2,118,3.2050206127038336,11,5,calendar month of monthly-climatology maximum,0.988572833039152,ppm,407.2853220362994,407.2357172183207,407.25872287269283,407.56385097141884,406.7623650509415,408.8322506079772,409.3919063186979,409.47209243286744,409.8111052642913,409.93371911121756,409.96738566364536,409.93590525004055
RUN1042_CO2,La Réunion,CO2,107,5.428421843675892,11,1,calendar month of monthly-climatology maximum,0.5680249770417906,ppm,408.1702385707135,408.4743867398437,408.6448814070418,408.5145845839392,408.42483861040057,408.91519287517957,409.4683811080281,410.2049556618723,409.5704310725014,411.13401196584846,413.59866041438937,411.1690071403019
MNM2029_CO2,Minamitorishima,CO2,120,7.35309915412472,5,9,calendar month of monthly-climatology maximum,0.6844039452773447,ppm,414.3905803445482,415.2885405683922,415.6966521081216,416.2165359620506,416.3204459278871,415.0992058695836,413.01833575418897,410.65676009270544,408.96734677376236,410.4298809388021,412.57032945770936,414.93003884778136
TLL3005_CO2,El Tololo,CO2,76,4.1361350139318915,9,1,calendar month of monthly-climatology maximum,0.4793293908938456,ppm,408.0663041693912,408.840070633662,410.0177924176804,411.0589567895283,410.7751004813466,410.56059770946405,410.00781285214794,409.8400434058905,412.20243918332307,410.05313391360977,410.6542677981905,411.55564825139356
BRW4003_CO2,Barrow (AK),CO2,119,18.335436108391832,4,8,calendar month of monthly-climatology maximum,1.3238445533010246,ppm,417.63630640657095,418.7206969551622,419.143545163029,419.37965634472584,419.01893848769595,415.516057397628,406.49519397042224,401.044220236334,405.39380671477267,411.5045347532421,416.38187926952213,418.9343531635718
MLO5002_CO2,Mauna Loa (HI),CO2,112,5.167176522098828,5,9,calendar month of monthly-climatology maximum,0.6621519456401102,ppm,410.85570206164846,411.83758774665733,412.4774617342269,413.97943567135803,414.5215072362334,413.86091394770324,412.74993630346154,410.68877036100895,409.35433071413456,409.92653493678483,411.72347505495145,411.3670191780629
SMO5009_CO2,Samoa (Cape Matatula),CO2,90,3.0629139403682757,1,4,calendar month of monthly-climatology maximum,0.759872633017275,ppm,410.55027315853505,410.51191651741453,409.49612039576897,407.4873592181668,408.1230417754184,409.2909873437779,409.5557826737497,409.09083217183024,410.3631289632046,410.4714026902067,407.7429024034018,409.3477617088756
CMN6042_CO2,Monte Cimone,CO2,110,10.92082028485953,1,7,calendar month of monthly-climatology maximum,1.40747357216881,ppm,417.4121819407932,416.3944818730635,416.7178533423244,416.5384508636662,411.8209720758757,406.7544314076731,406.49136165593364,407.03145198972146,408.0402117703343,411.82939808754753,415.35214749323933,416.89552307041913
JFJ6036_CO2,Jungfraujoch,CO2,111,9.490645514913808,4,8,calendar month of monthly-climatology maximum,0.9663312878346937,ppm,414.4273183077541,415.24097450057315,416.1937586901146,416.5490549132613,411.93993309242643,412.1401703037187,409.07343008095927,407.05840939834746,408.956418641947,411.5804305131608,414.07225285743607,415.9682665079006
SNB6032_CO2,SONNBLICK Observatory,CO2,114,10.415312500722223,3,8,calendar month of monthly-climatology maximum,1.1859528312575303,ppm,414.9824045416881,416.17583897879365,416.8230454441127,416.30430498904406,413.1332916652521,410.7898142509904,407.61311014736486,406.4077329433905,407.22780957692964,411.4170868100966,415.70048506292835,416.01510245067306
ZSF6031_CO2,Zugspitze-Schneefernerhaus,CO2,99,13.788720374880711,3,9,calendar month of monthly-climatology maximum,1.1565027171292181,ppm,416.11878184705716,416.14254348001,417.04365970984327,416.5312488840832,411.86635236632253,410.6006057931779,407.510748365096,405.3887626202331,403.25493933496256,411.25542857983095,414.80061481331853,414.99493314147315
HAT2031_CH4,Hateruma Island,CH4,120,103.40352945056975,12,7,calendar month of monthly-climatology maximum,3.804682539298502,ppb,1972.6102115273613,1967.623496651341,1965.4057437417537,1946.6399038044788,1923.6427850508055,1882.3081961354915,1873.8529108575585,1891.2321291036885,1919.0708621934511,1954.1241836708505,1964.1353946376753,1977.2564403081283
INU4176_CH4,Inuvik,CH4,100,37.92884304758263,2,6,calendar month of monthly-climatology maximum,7.604747666955573,ppb,1992.2181556813437,1998.3419174087041,1980.0465744638043,1967.015538725814,1972.6150068561049,1960.4130743611215,1969.9407927490713,1978.8513159870417,1988.3172661204471,1984.9591240932307,1981.808285759671,1992.8109071367592
RYO2012_CH4,Ryori,CH4,117,51.115155834732604,12,8,calendar month of monthly-climatology maximum,15.041222159266686,ppb,1975.9983810134465,1977.2792857667428,1977.953070117889,1969.809364861654,1964.2889707696042,1958.8787529053552,1937.225562016445,1932.9801848030922,1960.852330451824,1969.859994744368,1980.8191274818923,1984.0953406378248
YON2028_CH4,Yonagunijima,CH4,109,106.78105586083916,1,7,calendar month of monthly-climatology maximum,4.496431671319217,ppb,1973.377346322935,1969.0126506757904,1965.1342889167167,1945.0454477381072,1920.303049682284,1876.0340359164968,1866.5962904620958,1888.4074651112464,1924.571189603603,1954.5403258187912,1959.1195347779405,1972.6397807065894
HAT2031_CO2,Hateruma Island,CO2,118,8.258911857690805,12,9,calendar month of monthly-climatology maximum,0.7749371347657565,ppm,417.711108592476,417.67891708060324,418.46567142332214,418.51582403123786,418.1496687717159,414.57849269681645,412.8761341782876,411.2425036332103,410.2827316761747,413.50369530858643,416.0539313048911,418.5416435338655
INU4176_CO2,Inuvik,CO2,99,16.942998522852008,2,8,calendar month of monthly-climatology maximum,1.1131942915976167,ppm,418.3301560373459,420.26097234478004,417.85517654990775,418.3265048758042,419.5287497175772,412.83986603275633,404.1369550929079,403.31797382192804,409.25681056309725,412.9690835707288,415.7603532897632,417.1919882454051
MGK5058_CO2,Maunga Kākaramea,CO2,74,6.1328832338738835,6,5,calendar month of monthly-climatology maximum,0.623097101497391,ppm,408.50033767771936,408.791552658509,406.2350059824225,408.94155880376985,405.2161563614718,411.3490395953457,407.23347180586273,407.74540967045306,408.2450777484958,408.3601468558601,409.0444763198155,410.99052287668644
RYO2012_CO2,Ryori,CO2,119,10.687555164842365,4,9,calendar month of monthly-climatology maximum,2.5001470360021103,ppm,420.45849653943503,420.3779910380176,421.46615423157283,421.83979069563395,420.7147624697585,414.85502191453253,414.75198865038266,412.12455292877877,411.1522355307916,416.2101254281271,419.6987991830365,420.86324915500063
YON2028_CO2,Yonagunijima,CO2,106,9.491650058429457,1,9,calendar month of monthly-climatology maximum,1.0527198499981907,ppm,419.7281927158458,418.72319649749016,419.6118978036094,418.5909294361492,417.25406421309367,414.5912751011679,412.88615082082555,412.56159428620276,410.23654265741635,414.37076705633706,415.6606230382015,418.3830988548691
