dataset_key,station,gas,period,start,end,n_months,theil_sen_slope,theil_sen_low95,theil_sen_high95,ols_slope,ols_p,seasonal_mk_z,seasonal_mk_p,lag1_autocorrelation,unit_per_year,prewhitening
RUN1042_CH4,La Réunion,CH4,COMMON_2015_2024,2015-01-01,2024-12-01,107,11.248952050380154,10.573544082294685,11.965322949014137,11.227099155372134,2.0401741247496074e-59,34.70685991688132,6.208036949340238e-264,0.9776006541395353,ppb yr^-1,not applied; sensitivity risk reported
MNM2029_CH4,Minamitorishima,CH4,COMMON_2015_2024,2015-01-01,2024-12-01,118,10.64440967876512,9.062314229743679,12.328435954751674,10.701073968994894,2.1601237643135824e-24,36.16127667871369,2.4739785506392145e-286,0.924550284758267,ppb yr^-1,not applied; sensitivity risk reported
TLL3005_CH4,El Tololo,CH4,COMMON_2015_2024,2015-01-01,2024-09-01,76,10.93096751063219,10.242565429093162,11.704278985845264,11.055387986770384,4.493883840571329e-44,25.280887794364205,5.183371260111666e-141,0.9816435461980586,ppb yr^-1,not applied; sensitivity risk reported
BRW4003_CH4,Barrow (AK),CH4,COMMON_2015_2024,2015-01-01,2024-12-01,118,11.786192002789544,10.678409162582648,12.764010491381814,11.719345804961486,2.487946390596112e-42,34.94831980898745,1.3732940559452393e-267,0.9080175032152727,ppb yr^-1,not applied; sensitivity risk reported
MLO5002_CH4,Mauna Loa (HI),CH4,COMMON_2015_2024,2015-01-01,2024-12-01,112,10.606305489133788,9.631096068110633,11.576978864735064,10.706365356310917,9.544102388929094e-45,36.47027588947139,3.282846843163131e-291,0.9464762786260636,ppb yr^-1,not applied; sensitivity risk reported
CMN6042_CH4,Monte Cimone,CH4,COMMON_2015_2024,2015-02-01,2024-12-01,110,10.816289622860413,10.103261215937481,11.562012640738832,10.834366958520256,7.35957307536201e-56,33.528084501371765,1.8788226341470327e-246,0.9209541486051699,ppb yr^-1,not applied; sensitivity risk reported
JFJ6036_CH4,Jungfraujoch,CH4,COMMON_2015_2024,2015-01-01,2024-12-01,111,11.020037705593422,10.222011808993143,11.87213578291684,11.112983313033139,4.44993536769397e-53,33.647005072130476,3.4488165469255995e-248,0.931947349089539,ppb yr^-1,not applied; sensitivity risk reported
SNB6032_CH4,SONNBLICK Observatory,CH4,COMMON_2015_2024,2015-01-01,2024-12-01,114,11.182125910979583,10.465798244337362,11.93299134026726,11.224387353772409,1.0523891777341707e-57,34.805367118404504,2.017527556152441e-265,0.9370182301023277,ppb yr^-1,not applied; sensitivity risk reported
ZSF6031_CH4,Zugspitze-Schneefernerhaus,CH4,COMMON_2015_2024,2015-02-01,2024-03-01,99,11.219816811332578,10.222402892570123,12.315085828566936,11.191083697759785,2.8773318296847854e-43,29.605188955903557,1.2812710442198227e-192,0.9068768871830994,ppb yr^-1,not applied; sensitivity risk reported
SPO7011_CO2,South Pole,CO2,COMMON_2015_2024,2015-01-01,2024-12-01,118,2.409381955464771,2.365258643964714,2.4530830650743116,2.4106381378868313,2.545904388471404e-115,39.345288461745085,0.0,0.9955767105323913,ppm yr^-1,not applied; sensitivity risk reported
RUN1042_CO2,La Réunion,CO2,COMMON_2015_2024,2015-01-01,2024-12-01,107,2.485515806681846,2.4303092690887316,2.5474692400455785,2.4856958072546216,1.1148064938036034e-102,35.874879241007136,7.530126131967969e-282,0.9970726794647743,ppm yr^-1,not applied; sensitivity risk reported
MNM2029_CO2,Minamitorishima,CO2,COMMON_2015_2024,2015-01-01,2024-12-01,120,2.455938582051523,2.295604970404142,2.6126421250317917,2.446430686831056,3.129412373705742e-51,40.025616797246236,0.0,0.9739077331467468,ppm yr^-1,not applied; sensitivity risk reported
TLL3005_CO2,El Tololo,CO2,COMMON_2015_2024,2015-01-01,2024-09-01,76,2.4313127585182013,2.381643581418341,2.4826523092561072,2.4316803168526953,9.537908656584098e-82,25.280887794364205,5.183371260111666e-141,0.9967680748050699,ppm yr^-1,not applied; sensitivity risk reported
BRW4003_CO2,Barrow (AK),CO2,COMMON_2015_2024,2015-01-01,2024-12-01,119,2.4996730483143588,2.2362866132834873,2.700458177821784,2.4620819518198584,1.1266853226822912e-22,39.386251867348236,0.0,0.9033134342781705,ppm yr^-1,not applied; sensitivity risk reported
MLO5002_CO2,Mauna Loa (HI),CO2,COMMON_2015_2024,2015-01-01,2024-12-01,112,2.4472217606399935,2.2794701914782145,2.605762539542726,2.437811386192839,3.3313774069928733e-56,37.430019991825894,1.2698048787179768e-306,0.9802504205359299,ppm yr^-1,not applied; sensitivity risk reported
SMO5009_CO2,Samoa (Cape Matatula),CO2,COMMON_2015_2024,2015-02-01,2024-10-01,90,2.3682405652407597,2.3041644388901688,2.44244239942485,2.3966722580885507,1.2634692217521468e-84,30.00016556245706,9.76475274116962e-198,0.9959545103258665,ppm yr^-1,not applied; sensitivity risk reported
CMN6042_CO2,Monte Cimone,CO2,COMMON_2015_2024,2015-02-01,2024-12-01,110,2.444311915764862,2.166980290393738,2.712097483322852,2.4180105327600017,1.7001653370039275e-28,35.64393449417678,2.925504194815395e-278,0.9284537641324406,ppm yr^-1,not applied; sensitivity risk reported
JFJ6036_CO2,Jungfraujoch,CO2,COMMON_2015_2024,2015-01-01,2024-12-01,111,2.414441889656895,2.2044097377917056,2.6346779184245976,2.4118574384000375,2.387981336289281e-39,36.70582371505143,5.8966683809105e-295,0.9520596612378854,ppm yr^-1,not applied; sensitivity risk reported
SNB6032_CO2,SONNBLICK Observatory,CO2,COMMON_2015_2024,2015-01-01,2024-12-01,114,2.4204093819369517,2.1788901098900197,2.6599708749779563,2.3999031198738523,9.209080726385063e-34,37.633794243150696,6.0239648527342e-310,0.9442136096905082,ppm yr^-1,not applied; sensitivity risk reported
ZSF6031_CO2,Zugspitze-Schneefernerhaus,CO2,COMMON_2015_2024,2015-02-01,2024-03-01,99,2.461848020805294,2.1900480599194747,2.7578779338485435,2.4565744025299523,5.954252141812654e-26,32.14018984509408,1.2110224798086102e-226,0.9246662388146254,ppm yr^-1,not applied; sensitivity risk reported
HAT2031_CH4,Hateruma Island,CH4,COMMON_2015_2024,2015-01-01,2024-12-01,120,11.103976685105987,9.141506163418864,13.010288110598697,10.854946791501899,6.2631249685337346e-15,34.65905365124674,3.2631676124817e-263,0.8521017739148151,ppb yr^-1,not applied; sensitivity risk reported
INU4176_CH4,Inuvik,CH4,COMMON_2015_2024,2015-01-01,2024-02-01,100,12.513774568161512,11.504380952380407,13.459944753119803,12.35869991768432,4.43536912632238e-42,31.01743543255967,3.1375011058281567e-211,0.9521233152243761,ppb yr^-1,not applied; sensitivity risk reported
RYO2012_CH4,Ryori,CH4,COMMON_2015_2024,2015-02-01,2024-12-01,117,11.041848193733731,10.090383549981354,12.004258542187198,10.970572728531426,4.3336786352016205e-36,35.98321593178928,1.5312005835162414e-283,0.898429018521129,ppb yr^-1,not applied; sensitivity risk reported
YON2028_CH4,Yonagunijima,CH4,COMMON_2015_2024,2015-01-01,2024-03-01,109,11.970566216013472,9.760373442822083,14.174901776291334,11.819523420788403,1.3657467936340367e-13,32.09396474983157,5.352247020311929e-226,0.8536791690853338,ppb yr^-1,not applied; sensitivity risk reported
HAT2031_CO2,Hateruma Island,CO2,COMMON_2015_2024,2015-01-01,2024-12-01,118,2.480846030008015,2.2766621023946874,2.6745737314667664,2.4834856775542677,1.5168234614910822e-45,39.49690807046087,0.0,0.9631893741830791,ppm yr^-1,not applied; sensitivity risk reported
INU4176_CO2,Inuvik,CO2,COMMON_2015_2024,2015-01-01,2024-02-01,99,2.5616152375200536,2.3201285264295546,2.7856091111982964,2.5053254283223145,2.2898658237053592e-18,31.906199086795112,2.1905092917142187e-223,0.8633770040310242,ppm yr^-1,not applied; sensitivity risk reported
MGK5058_CO2,Maunga Kākaramea,CO2,COMMON_2015_2024,2015-01-01,2024-12-01,74,2.4234445298472234,2.371269525182536,2.4774302460657616,2.4277388762174943,5.5947903717001136e-74,24.67822185949266,1.8326033957646556e-134,0.9912980318277292,ppm yr^-1,not applied; sensitivity risk reported
RYO2012_CO2,Ryori,CO2,COMMON_2015_2024,2015-02-01,2024-12-01,119,2.4848897671947525,2.2711774899497037,2.7201158890962813,2.530725143490849,1.663870898917226e-37,38.93526425054654,0.0,0.9264644884115033,ppm yr^-1,not applied; sensitivity risk reported
YON2028_CO2,Yonagunijima,CO2,COMMON_2015_2024,2015-01-01,2024-03-01,106,2.5085964914756143,2.272489388637289,2.748391915196038,2.5256902359274305,7.930641421044538e-40,35.15771029662534,8.862428820594146e-271,0.957402532610099,ppm yr^-1,not applied; sensitivity risk reported
